2025-11-07 01:07:51,109 - utils_logger - INFO: Проверка наличия файла с данными
2025-11-07 01:07:51,948 - utils_logger - INFO: Чтение данных из файла
2025-11-07 01:07:51,960 - utils_logger - INFO: Обработка даты
2025-11-07 01:07:51,960 - utils_logger - INFO: Выдача приветствия
2025-11-07 01:07:51,960 - utils_logger - INFO: Проверка наличия файла с данными
2025-11-07 01:07:52,797 - utils_logger - INFO: Чтение данных из файла
2025-11-07 01:07:52,797 - utils_logger - INFO: Обработка входящей даты
2025-11-07 01:07:52,798 - utils_logger - INFO: Сформирован список трназакций за указанный период
2025-11-07 01:07:52,798 - utils_logger - INFO: Сформирован список трназакций за указанный период
2025-11-07 01:07:52,798 - utils_logger - INFO: Сформирован список трназакций за указанный период
2025-11-07 01:07:52,798 - utils_logger - INFO: Сформирован список трназакций за указанный период
2025-11-07 01:07:52,798 - utils_logger - INFO: Сформирован список трназакций за указанный период
2025-11-07 01:07:52,798 - utils_logger - INFO: Сформирован список трназакций за указанный период
2025-11-07 01:07:52,798 - utils_logger - INFO: Сформирован список трназакций за указанный период
2025-11-07 01:07:52,798 - utils_logger - INFO: Сформирован список трназакций за указанный период
2025-11-07 01:07:52,798 - utils_logger - INFO: Сформирован список трназакций за указанный период
2025-11-07 01:07:52,798 - utils_logger - INFO: Сформирован список трназакций за указанный период
2025-11-07 01:07:52,798 - utils_logger - INFO: Сформирован список трназакций за указанный период
2025-11-07 01:07:52,798 - utils_logger - INFO: Сформирован список трназакций за указанный период
2025-11-07 01:07:52,798 - utils_logger - INFO: Сформирован список трназакций за указанный период
2025-11-07 01:07:52,798 - utils_logger - INFO: Сформирован список трназакций за указанный период
2025-11-07 01:07:52,798 - utils_logger - INFO: Сформирован список трназакций за указанный период
2025-11-07 01:07:52,798 - utils_logger - INFO: Сформирован список трназакций за указанный период
2025-11-07 01:07:52,798 - utils_logger - INFO: Сформирован список трназакций за указанный период
2025-11-07 01:07:52,798 - utils_logger - INFO: Сформирован список трназакций за указанный период
2025-11-07 01:07:52,798 - utils_logger - INFO: Сформирован список трназакций за указанный период
2025-11-07 01:07:52,798 - utils_logger - INFO: Сформирован список трназакций за указанный период
2025-11-07 01:07:52,799 - utils_logger - INFO: Сформирован список трназакций за указанный период
2025-11-07 01:07:52,799 - utils_logger - INFO: Сформирован список трназакций за указанный период
2025-11-07 01:07:52,799 - utils_logger - INFO: Сформирован список трназакций за указанный период
2025-11-07 01:07:52,799 - utils_logger - INFO: Сформирован список трназакций за указанный период
2025-11-07 01:07:52,799 - utils_logger - INFO: Сформирован список трназакций за указанный период
2025-11-07 01:07:52,799 - utils_logger - INFO: Сформирован список трназакций за указанный период
2025-11-07 01:07:52,799 - utils_logger - INFO: Сформирован список трназакций за указанный период
2025-11-07 01:07:52,799 - utils_logger - INFO: Сформирован список трназакций за указанный период
2025-11-07 01:07:52,799 - utils_logger - INFO: Сформирован список трназакций за указанный период
2025-11-07 01:07:52,799 - utils_logger - INFO: Сформирован список трназакций за указанный период
2025-11-07 01:07:52,799 - utils_logger - INFO: Сформирован список трназакций за указанный период
2025-11-07 01:07:52,799 - utils_logger - INFO: Сформирован список трназакций за указанный период
2025-11-07 01:07:52,799 - utils_logger - INFO: Сформирован список трназакций за указанный период
2025-11-07 01:07:52,799 - utils_logger - INFO: Сформирован список трназакций за указанный период
2025-11-07 01:07:52,799 - utils_logger - INFO: Сформирован список трназакций за указанный период
2025-11-07 01:07:52,799 - utils_logger - INFO: Сформирован список трназакций за указанный период
2025-11-07 01:07:52,799 - utils_logger - INFO: Сформирован список трназакций за указанный период
2025-11-07 01:07:52,799 - utils_logger - INFO: Сформирован список трназакций за указанный период
2025-11-07 01:07:52,799 - utils_logger - INFO: Сформирован список трназакций за указанный период
2025-11-07 01:07:52,799 - utils_logger - INFO: Сформирован список трназакций за указанный период
2025-11-07 01:07:52,799 - utils_logger - INFO: Сформирован список трназакций за указанный период
2025-11-07 01:07:52,800 - utils_logger - INFO: Сформирован список трназакций за указанный период
2025-11-07 01:07:52,800 - utils_logger - INFO: Сформирован список трназакций за указанный период
2025-11-07 01:07:52,800 - utils_logger - INFO: Сформирован список трназакций за указанный период
2025-11-07 01:07:52,800 - utils_logger - INFO: Сформирован список трназакций за указанный период
2025-11-07 01:07:52,800 - utils_logger - INFO: Сформирован список трназакций за указанный период
2025-11-07 01:07:52,800 - utils_logger - INFO: Сформирован список трназакций за указанный период
2025-11-07 01:07:52,800 - utils_logger - INFO: Сформирован список трназакций за указанный период
2025-11-07 01:07:52,800 - utils_logger - INFO: Сформирован список трназакций за указанный период
2025-11-07 01:07:52,800 - utils_logger - INFO: Сформирован список трназакций за указанный период
2025-11-07 01:07:52,800 - utils_logger - INFO: Сформирован список трназакций за указанный период
2025-11-07 01:07:52,800 - utils_logger - INFO: Сформирован список трназакций за указанный период
2025-11-07 01:07:52,800 - utils_logger - INFO: Сформирован список трназакций за указанный период
2025-11-07 01:07:52,800 - utils_logger - INFO: Сформирован список трназакций за указанный период
2025-11-07 01:07:52,800 - utils_logger - INFO: Сформирован список трназакций за указанный период
2025-11-07 01:07:52,800 - utils_logger - INFO: Сформирован список трназакций за указанный период
2025-11-07 01:07:52,800 - utils_logger - INFO: Сформирован список трназакций за указанный период
2025-11-07 01:07:52,800 - utils_logger - INFO: Сформирован список трназакций за указанный период
2025-11-07 01:07:52,800 - utils_logger - INFO: Сформирован список трназакций за указанный период
2025-11-07 01:07:52,800 - utils_logger - INFO: Сформирован список трназакций за указанный период
2025-11-07 01:07:52,800 - utils_logger - INFO: Сформирован список трназакций за указанный период
2025-11-07 01:07:52,800 - utils_logger - INFO: Сформирован список трназакций за указанный период
2025-11-07 01:07:52,800 - utils_logger - INFO: Сформирован список трназакций за указанный период
2025-11-07 01:07:52,801 - utils_logger - INFO: Сформирован список трназакций за указанный период
2025-11-07 01:07:52,801 - utils_logger - INFO: Сформирован список трназакций за указанный период
2025-11-07 01:07:52,801 - utils_logger - INFO: Сформирован список трназакций за указанный период
2025-11-07 01:07:52,801 - utils_logger - INFO: Сформирован список трназакций за указанный период
2025-11-07 01:07:52,801 - utils_logger - INFO: Сформирован список трназакций за указанный период
2025-11-07 01:07:52,801 - utils_logger - INFO: Сформирован список трназакций за указанный период
2025-11-07 01:07:52,801 - utils_logger - INFO: Сформирован список трназакций за указанный период
2025-11-07 01:07:52,801 - utils_logger - INFO: Сформирован список трназакций за указанный период
2025-11-07 01:07:52,801 - utils_logger - INFO: Сформирован список трназакций за указанный период
2025-11-07 01:07:52,801 - utils_logger - INFO: Сформирован список трназакций за указанный период
2025-11-07 01:07:52,801 - utils_logger - INFO: Сформирован список трназакций за указанный период
2025-11-07 01:07:52,801 - utils_logger - INFO: Сформирован список трназакций за указанный период
2025-11-07 01:07:52,801 - utils_logger - INFO: Сформирован список трназакций за указанный период
2025-11-07 01:07:52,801 - utils_logger - INFO: Сформирован список трназакций за указанный период
2025-11-07 01:07:52,801 - utils_logger - INFO: Сформирован список трназакций за указанный период
2025-11-07 01:07:52,801 - utils_logger - INFO: Сформирован список трназакций за указанный период
2025-11-07 01:07:52,801 - utils_logger - INFO: Сформирован список трназакций за указанный период
2025-11-07 01:07:52,801 - utils_logger - INFO: Сформирован список трназакций за указанный период
2025-11-07 01:07:52,802 - utils_logger - INFO: Сформирован список трназакций за указанный период
2025-11-07 01:07:52,802 - utils_logger - INFO: Сформирован список трназакций за указанный период
2025-11-07 01:07:52,802 - utils_logger - INFO: Сформирован список трназакций за указанный период
2025-11-07 01:07:52,802 - utils_logger - INFO: Сформирован список трназакций за указанный период
2025-11-07 01:07:52,802 - utils_logger - INFO: Сформирован список трназакций за указанный период
2025-11-07 01:07:52,802 - utils_logger - INFO: Сформирован список трназакций за указанный период
2025-11-07 01:07:52,802 - utils_logger - INFO: Сформирован список трназакций за указанный период
2025-11-07 01:07:52,802 - utils_logger - INFO: Сформирован список трназакций за указанный период
2025-11-07 01:07:52,802 - utils_logger - INFO: Сформирован список трназакций за указанный период
2025-11-07 01:07:52,802 - utils_logger - INFO: Сформирован список трназакций за указанный период
2025-11-07 01:07:52,802 - utils_logger - INFO: Сформирован список трназакций за указанный период
2025-11-07 01:07:52,802 - utils_logger - INFO: Сформирован список трназакций за указанный период
2025-11-07 01:07:52,802 - utils_logger - INFO: Сформирован список трназакций за указанный период
2025-11-07 01:07:52,802 - utils_logger - INFO: Сформирован список трназакций за указанный период
2025-11-07 01:07:52,802 - utils_logger - INFO: Сформирован список трназакций за указанный период
2025-11-07 01:07:52,802 - utils_logger - INFO: Сформирован список трназакций за указанный период
2025-11-07 01:07:52,802 - utils_logger - INFO: Сформирован список трназакций за указанный период
2025-11-07 01:07:52,802 - utils_logger - INFO: Сформирован список трназакций за указанный период
2025-11-07 01:07:52,802 - utils_logger - INFO: Сформирован список трназакций за указанный период
2025-11-07 01:07:52,802 - utils_logger - INFO: Сформирован список трназакций за указанный период
2025-11-07 01:07:52,803 - utils_logger - INFO: Сформирован список трназакций за указанный период
2025-11-07 01:07:52,803 - utils_logger - INFO: Сформирован список трназакций за указанный период
2025-11-07 01:07:52,803 - utils_logger - INFO: Сформирован список трназакций за указанный период
2025-11-07 01:07:52,803 - utils_logger - INFO: Сформирован список трназакций за указанный период
2025-11-07 01:07:52,803 - utils_logger - INFO: Сформирован список трназакций за указанный период
2025-11-07 01:07:52,803 - utils_logger - INFO: Сформирован список трназакций за указанный период
2025-11-07 01:07:52,803 - utils_logger - INFO: Сформирован список трназакций за указанный период
2025-11-07 01:07:52,803 - utils_logger - INFO: Сформирован список трназакций за указанный период
2025-11-07 01:07:52,803 - utils_logger - INFO: Сформирован список трназакций за указанный период
2025-11-07 01:07:52,803 - utils_logger - INFO: Сформирован список трназакций за указанный период
2025-11-07 01:07:52,803 - utils_logger - INFO: Сформирован список трназакций за указанный период
2025-11-07 01:07:52,803 - utils_logger - INFO: Сформирован список трназакций за указанный период
2025-11-07 01:07:52,803 - utils_logger - INFO: Сформирован список трназакций за указанный период
2025-11-07 01:07:52,803 - utils_logger - INFO: Сформирован список трназакций за указанный период
2025-11-07 01:07:52,803 - utils_logger - INFO: Сформирован список трназакций за указанный период
2025-11-07 01:07:52,803 - utils_logger - INFO: Сформирован список трназакций за указанный период
2025-11-07 01:07:52,803 - utils_logger - INFO: Сформирован список трназакций за указанный период
2025-11-07 01:07:52,803 - utils_logger - INFO: Сформирован список трназакций за указанный период
2025-11-07 01:07:52,803 - utils_logger - INFO: Сформирован список трназакций за указанный период
2025-11-07 01:07:52,803 - utils_logger - INFO: Сформирован список трназакций за указанный период
2025-11-07 01:07:52,803 - utils_logger - INFO: Сформирован список трназакций за указанный период
2025-11-07 01:07:52,804 - utils_logger - INFO: Сформирован список трназакций за указанный период
2025-11-07 01:07:52,804 - utils_logger - INFO: Сформирован список трназакций за указанный период
2025-11-07 01:07:52,804 - utils_logger - INFO: Сформирован список трназакций за указанный период
2025-11-07 01:07:52,804 - utils_logger - INFO: Сформирован список трназакций за указанный период
2025-11-07 01:07:52,804 - utils_logger - INFO: Сформирован список трназакций за указанный период
2025-11-07 01:07:52,804 - utils_logger - INFO: Сформирован список трназакций за указанный период
2025-11-07 01:07:52,804 - utils_logger - INFO: Сформирован список трназакций за указанный период
2025-11-07 01:07:52,804 - utils_logger - INFO: Сформирован список трназакций за указанный период
2025-11-07 01:07:52,804 - utils_logger - INFO: Сформирован список трназакций за указанный период
2025-11-07 01:07:52,804 - utils_logger - INFO: Сформирован список трназакций за указанный период
2025-11-07 01:07:52,804 - utils_logger - INFO: Сформирован список трназакций за указанный период
2025-11-07 01:07:52,804 - utils_logger - INFO: Сформирован список трназакций за указанный период
2025-11-07 01:07:52,804 - utils_logger - INFO: Сформирован список трназакций за указанный период
2025-11-07 01:07:52,804 - utils_logger - INFO: Сформирован список трназакций за указанный период
2025-11-07 01:07:52,804 - utils_logger - INFO: Сформирован список трназакций за указанный период
2025-11-07 01:07:52,804 - utils_logger - INFO: Сформирован список трназакций за указанный период
2025-11-07 01:07:52,804 - utils_logger - INFO: Сформирован список трназакций за указанный период
2025-11-07 01:07:52,805 - utils_logger - INFO: Сформирован список трназакций за указанный период
2025-11-07 01:07:52,805 - utils_logger - INFO: Сформирован список трназакций за указанный период
2025-11-07 01:07:52,805 - utils_logger - INFO: Сформирован список трназакций за указанный период
2025-11-07 01:07:52,805 - utils_logger - INFO: Сформирован список трназакций за указанный период
2025-11-07 01:07:52,805 - utils_logger - INFO: Сформирован список трназакций за указанный период
2025-11-07 01:07:52,805 - utils_logger - INFO: Сформирован список трназакций за указанный период
2025-11-07 01:07:52,805 - utils_logger - INFO: Сформирован список трназакций за указанный период
2025-11-07 01:07:52,805 - utils_logger - INFO: Сформирован список трназакций за указанный период
2025-11-07 01:07:52,805 - utils_logger - INFO: Сформирован список трназакций за указанный период
2025-11-07 01:07:52,805 - utils_logger - INFO: Сформирован список трназакций за указанный период
2025-11-07 01:07:52,805 - utils_logger - INFO: Сформирован список трназакций за указанный период
2025-11-07 01:07:52,805 - utils_logger - INFO: Сформирован список трназакций за указанный период
2025-11-07 01:07:52,805 - utils_logger - INFO: Сформирован список трназакций за указанный период
2025-11-07 01:07:52,805 - utils_logger - INFO: Сформирован список трназакций за указанный период
2025-11-07 01:07:52,805 - utils_logger - INFO: Сформирован список трназакций за указанный период
2025-11-07 01:07:52,805 - utils_logger - INFO: Сформирован список трназакций за указанный период
2025-11-07 01:07:52,805 - utils_logger - INFO: Сформирован список трназакций за указанный период
2025-11-07 01:07:52,805 - utils_logger - INFO: Сформирован список трназакций за указанный период
2025-11-07 01:07:52,805 - utils_logger - INFO: Сформирован список трназакций за указанный период
2025-11-07 01:07:52,805 - utils_logger - INFO: Сформирован список трназакций за указанный период
2025-11-07 01:07:52,805 - utils_logger - INFO: Сформирован список трназакций за указанный период
2025-11-07 01:07:52,806 - utils_logger - INFO: Сформирован список трназакций за указанный период
2025-11-07 01:07:52,806 - utils_logger - INFO: Сформирован список трназакций за указанный период
2025-11-07 01:07:52,806 - utils_logger - INFO: Сформирован список трназакций за указанный период
2025-11-07 01:07:52,806 - utils_logger - INFO: Сформирован список трназакций за указанный период
2025-11-07 01:07:52,806 - utils_logger - INFO: Сформирован список трназакций за указанный период
2025-11-07 01:07:52,806 - utils_logger - INFO: Сформирован список трназакций за указанный период
2025-11-07 01:07:52,806 - utils_logger - INFO: Сформирован список трназакций за указанный период
2025-11-07 01:07:52,806 - utils_logger - INFO: Сформирован список трназакций за указанный период
2025-11-07 01:07:52,806 - utils_logger - INFO: Сформирован список трназакций за указанный период
2025-11-07 01:07:52,806 - utils_logger - INFO: Сформирован список трназакций за указанный период
2025-11-07 01:07:52,806 - utils_logger - INFO: Сформирован список трназакций за указанный период
2025-11-07 01:07:52,806 - utils_logger - INFO: Сформирован список трназакций за указанный период
2025-11-07 01:07:52,806 - utils_logger - INFO: Сформирован список трназакций за указанный период
2025-11-07 01:07:52,806 - utils_logger - INFO: Сформирован список трназакций за указанный период
2025-11-07 01:07:52,806 - utils_logger - INFO: Сформирован список трназакций за указанный период
2025-11-07 01:07:52,806 - utils_logger - INFO: Сформирован список трназакций за указанный период
2025-11-07 01:07:52,806 - utils_logger - INFO: Сформирован список трназакций за указанный период
2025-11-07 01:07:52,806 - utils_logger - INFO: Сформирован список трназакций за указанный период
2025-11-07 01:07:52,806 - utils_logger - INFO: Сформирован список трназакций за указанный период
2025-11-07 01:07:52,806 - utils_logger - INFO: Сформирован список трназакций за указанный период
2025-11-07 01:07:52,806 - utils_logger - INFO: Сформирован список трназакций за указанный период
2025-11-07 01:07:52,806 - utils_logger - INFO: Сформирован список трназакций за указанный период
2025-11-07 01:07:52,807 - utils_logger - INFO: Сформирован список трназакций за указанный период
2025-11-07 01:07:52,807 - utils_logger - INFO: Сформирован список трназакций за указанный период
2025-11-07 01:07:52,807 - utils_logger - INFO: Сформирован список трназакций за указанный период
2025-11-07 01:07:52,807 - utils_logger - INFO: Сформирован список трназакций за указанный период
2025-11-07 01:07:52,807 - utils_logger - INFO: Сформирован список трназакций за указанный период
2025-11-07 01:07:52,807 - utils_logger - INFO: Сформирован список трназакций за указанный период
2025-11-07 01:07:52,807 - utils_logger - INFO: Сформирован список трназакций за указанный период
2025-11-07 01:07:52,807 - utils_logger - INFO: Сформирован список трназакций за указанный период
2025-11-07 01:07:52,807 - utils_logger - INFO: Сформирован список трназакций за указанный период
2025-11-07 01:07:52,807 - utils_logger - INFO: Сформирован список трназакций за указанный период
2025-11-07 01:07:52,807 - utils_logger - INFO: Сформирован список трназакций за указанный период
2025-11-07 01:07:52,807 - utils_logger - INFO: Сформирован список трназакций за указанный период
2025-11-07 01:07:52,807 - utils_logger - INFO: Сформирован список трназакций за указанный период
2025-11-07 01:07:52,807 - utils_logger - INFO: Сформирован список трназакций за указанный период
2025-11-07 01:07:52,807 - utils_logger - INFO: Сформирован список трназакций за указанный период
2025-11-07 01:07:52,807 - utils_logger - INFO: Сформирован список трназакций за указанный период
2025-11-07 01:07:52,807 - utils_logger - INFO: Сформирован список трназакций за указанный период
2025-11-07 01:07:52,807 - utils_logger - INFO: Сформирован список трназакций за указанный период
2025-11-07 01:07:52,807 - utils_logger - INFO: Сформирован список трназакций за указанный период
2025-11-07 01:07:52,807 - utils_logger - INFO: Сформирован список трназакций за указанный период
2025-11-07 01:07:52,807 - utils_logger - INFO: Сформирован список трназакций за указанный период
2025-11-07 01:07:52,807 - utils_logger - INFO: Сформирован список трназакций за указанный период
2025-11-07 01:07:52,808 - utils_logger - INFO: Сформирован список трназакций за указанный период
2025-11-07 01:07:52,808 - utils_logger - INFO: Сформирован список трназакций за указанный период
2025-11-07 01:07:52,808 - utils_logger - INFO: Сформирован список трназакций за указанный период
2025-11-07 01:07:52,808 - utils_logger - INFO: Сформирован список трназакций за указанный период
2025-11-07 01:07:52,808 - utils_logger - INFO: Сформирован список трназакций за указанный период
2025-11-07 01:07:52,808 - utils_logger - INFO: Сформирован список трназакций за указанный период
2025-11-07 01:07:52,808 - utils_logger - INFO: Сформирован список трназакций за указанный период
2025-11-07 01:07:52,808 - utils_logger - INFO: Сформирован список трназакций за указанный период
2025-11-07 01:07:52,808 - utils_logger - INFO: Сформирован список трназакций за указанный период
2025-11-07 01:07:52,808 - utils_logger - INFO: Сформирован список трназакций за указанный период
2025-11-07 01:07:52,808 - utils_logger - INFO: Сформирован список трназакций за указанный период
2025-11-07 01:07:52,808 - utils_logger - INFO: Сформирован список трназакций за указанный период
2025-11-07 01:07:52,808 - utils_logger - INFO: Сформирован список трназакций за указанный период
2025-11-07 01:07:52,808 - utils_logger - INFO: Сформирован список трназакций за указанный период
2025-11-07 01:07:52,808 - utils_logger - INFO: Сформирован список трназакций за указанный период
2025-11-07 01:07:52,808 - utils_logger - INFO: Сформирован список трназакций за указанный период
2025-11-07 01:07:52,808 - utils_logger - INFO: Сформирован список трназакций за указанный период
2025-11-07 01:07:52,808 - utils_logger - INFO: Сформирован список трназакций за указанный период
2025-11-07 01:07:52,808 - utils_logger - INFO: Сформирован список трназакций за указанный период
2025-11-07 01:07:52,808 - utils_logger - INFO: Сформирован список трназакций за указанный период
2025-11-07 01:07:52,808 - utils_logger - INFO: Сформирован список трназакций за указанный период
2025-11-07 01:07:52,809 - utils_logger - INFO: Сформирован список трназакций за указанный период
2025-11-07 01:07:52,809 - utils_logger - INFO: Сформирован список трназакций за указанный период
2025-11-07 01:07:52,809 - utils_logger - INFO: Сформирован список трназакций за указанный период
2025-11-07 01:07:52,809 - utils_logger - INFO: Сформирован список трназакций за указанный период
2025-11-07 01:07:52,809 - utils_logger - INFO: Сформирован список трназакций за указанный период
2025-11-07 01:07:52,809 - utils_logger - INFO: Сформирован список трназакций за указанный период
2025-11-07 01:07:52,809 - utils_logger - INFO: Сформирован список трназакций за указанный период
2025-11-07 01:07:52,809 - utils_logger - INFO: Сформирован список трназакций за указанный период
2025-11-07 01:07:52,809 - utils_logger - INFO: Сформирован список трназакций за указанный период
2025-11-07 01:07:52,809 - utils_logger - INFO: Сформирован список трназакций за указанный период
2025-11-07 01:07:52,809 - utils_logger - INFO: Сформирован список трназакций за указанный период
2025-11-07 01:07:52,809 - utils_logger - INFO: Сформирован список трназакций за указанный период
2025-11-07 01:07:52,809 - utils_logger - INFO: Сформирован список трназакций за указанный период
2025-11-07 01:07:52,809 - utils_logger - INFO: Сформирован список трназакций за указанный период
2025-11-07 01:07:52,809 - utils_logger - INFO: Сформирован список трназакций за указанный период
2025-11-07 01:07:52,809 - utils_logger - INFO: Сформирован список трназакций за указанный период
2025-11-07 01:07:52,809 - utils_logger - INFO: Сформирован список трназакций за указанный период
2025-11-07 01:07:52,809 - utils_logger - INFO: Сформирован список трназакций за указанный период
2025-11-07 01:07:52,809 - utils_logger - INFO: Сформирован список трназакций за указанный период
2025-11-07 01:07:52,809 - utils_logger - INFO: Сформирован список трназакций за указанный период
2025-11-07 01:07:52,809 - utils_logger - INFO: Сформирован список трназакций за указанный период
2025-11-07 01:07:52,809 - utils_logger - INFO: Сформирован список трназакций за указанный период
2025-11-07 01:07:52,810 - utils_logger - INFO: Сформирован список трназакций за указанный период
2025-11-07 01:07:52,810 - utils_logger - INFO: Сформирован список трназакций за указанный период
2025-11-07 01:07:52,810 - utils_logger - INFO: Сформирован список трназакций за указанный период
2025-11-07 01:07:52,810 - utils_logger - INFO: Сформирован список трназакций за указанный период
2025-11-07 01:07:52,810 - utils_logger - INFO: Сформирован список трназакций за указанный период
2025-11-07 01:07:52,810 - utils_logger - INFO: Сформирован список трназакций за указанный период
2025-11-07 01:07:52,810 - utils_logger - INFO: Сформирован список трназакций за указанный период
2025-11-07 01:07:52,810 - utils_logger - INFO: Сформирован список трназакций за указанный период
2025-11-07 01:07:52,810 - utils_logger - INFO: Сформирован список трназакций за указанный период
2025-11-07 01:07:52,810 - utils_logger - INFO: Сформирован список трназакций за указанный период
2025-11-07 01:07:52,810 - utils_logger - INFO: Сформирован список трназакций за указанный период
2025-11-07 01:07:52,810 - utils_logger - INFO: Сформирован список трназакций за указанный период
2025-11-07 01:07:52,810 - utils_logger - INFO: Сформирован список трназакций за указанный период
2025-11-07 01:07:52,810 - utils_logger - INFO: Сформирован список трназакций за указанный период
2025-11-07 01:07:52,810 - utils_logger - INFO: Сформирован список трназакций за указанный период
2025-11-07 01:07:52,810 - utils_logger - INFO: Сформирован список трназакций за указанный период
2025-11-07 01:07:52,810 - utils_logger - INFO: Сформирован список трназакций за указанный период
2025-11-07 01:07:52,811 - utils_logger - INFO: Сформирован список трназакций за указанный период
2025-11-07 01:07:52,811 - utils_logger - INFO: Сформирован список трназакций за указанный период
2025-11-07 01:07:52,811 - utils_logger - INFO: Сформирован список трназакций за указанный период
2025-11-07 01:07:52,811 - utils_logger - INFO: Сформирован список трназакций за указанный период
2025-11-07 01:07:52,811 - utils_logger - INFO: Сформирован список трназакций за указанный период
2025-11-07 01:07:52,811 - utils_logger - INFO: Сформирован список трназакций за указанный период
2025-11-07 01:07:52,811 - utils_logger - INFO: Сформирован список трназакций за указанный период
2025-11-07 01:07:52,811 - utils_logger - INFO: Сформирован список трназакций за указанный период
2025-11-07 01:07:52,811 - utils_logger - INFO: Сформирован список трназакций за указанный период
2025-11-07 01:07:52,811 - utils_logger - INFO: Сформирован список трназакций за указанный период
2025-11-07 01:07:52,811 - utils_logger - INFO: Сформирован список трназакций за указанный период
2025-11-07 01:07:52,811 - utils_logger - INFO: Сформирован список трназакций за указанный период
2025-11-07 01:07:52,811 - utils_logger - INFO: Сформирован список трназакций за указанный период
2025-11-07 01:07:52,811 - utils_logger - INFO: Сформирован список трназакций за указанный период
2025-11-07 01:07:52,811 - utils_logger - INFO: Сформирован список трназакций за указанный период
2025-11-07 01:07:52,811 - utils_logger - INFO: Сформирован список трназакций за указанный период
2025-11-07 01:07:52,811 - utils_logger - INFO: Сформирован список трназакций за указанный период
2025-11-07 01:07:52,811 - utils_logger - INFO: Сформирован список трназакций за указанный период
2025-11-07 01:07:52,811 - utils_logger - INFO: Сформирован список трназакций за указанный период
2025-11-07 01:07:52,811 - utils_logger - INFO: Сформирован список трназакций за указанный период
2025-11-07 01:07:52,811 - utils_logger - INFO: Сформирован список трназакций за указанный период
2025-11-07 01:07:52,811 - utils_logger - INFO: Сформирован список трназакций за указанный период
2025-11-07 01:07:52,812 - utils_logger - INFO: Сформирован список трназакций за указанный период
2025-11-07 01:07:52,812 - utils_logger - INFO: Сформирован список трназакций за указанный период
2025-11-07 01:07:52,812 - utils_logger - INFO: Сформирован список трназакций за указанный период
2025-11-07 01:07:52,812 - utils_logger - INFO: Сформирован список трназакций за указанный период
2025-11-07 01:07:52,812 - utils_logger - INFO: Сформирован список трназакций за указанный период
2025-11-07 01:07:52,812 - utils_logger - INFO: Сформирован список трназакций за указанный период
2025-11-07 01:07:52,812 - utils_logger - INFO: Сформирован список трназакций за указанный период
2025-11-07 01:07:52,812 - utils_logger - INFO: Сформирован список трназакций за указанный период
2025-11-07 01:07:52,812 - utils_logger - INFO: Сформирован список трназакций за указанный период
2025-11-07 01:07:52,812 - utils_logger - INFO: Сформирован список трназакций за указанный период
2025-11-07 01:07:52,812 - utils_logger - INFO: Сформирован список трназакций за указанный период
2025-11-07 01:07:52,812 - utils_logger - INFO: Сформирован список трназакций за указанный период
2025-11-07 01:07:52,812 - utils_logger - INFO: Сформирован список трназакций за указанный период
2025-11-07 01:07:52,812 - utils_logger - INFO: Сформирован список трназакций за указанный период
2025-11-07 01:07:52,812 - utils_logger - INFO: Сформирован список трназакций за указанный период
2025-11-07 01:07:52,812 - utils_logger - INFO: Сформирован список трназакций за указанный период
2025-11-07 01:07:52,812 - utils_logger - INFO: Сформирован список трназакций за указанный период
2025-11-07 01:07:52,812 - utils_logger - INFO: Сформирован список трназакций за указанный период
2025-11-07 01:07:52,812 - utils_logger - INFO: Сформирован список трназакций за указанный период
2025-11-07 01:07:52,812 - utils_logger - INFO: Сформирован список трназакций за указанный период
2025-11-07 01:07:52,812 - utils_logger - INFO: Сформирован список трназакций за указанный период
2025-11-07 01:07:52,813 - utils_logger - INFO: Сформирован список трназакций за указанный период
2025-11-07 01:07:52,813 - utils_logger - INFO: Сформирован список трназакций за указанный период
2025-11-07 01:07:52,813 - utils_logger - INFO: Сформирован список трназакций за указанный период
2025-11-07 01:07:52,813 - utils_logger - INFO: Сформирован список трназакций за указанный период
2025-11-07 01:07:52,813 - utils_logger - INFO: Сформирован список трназакций за указанный период
2025-11-07 01:07:52,813 - utils_logger - INFO: Сформирован список трназакций за указанный период
2025-11-07 01:07:52,813 - utils_logger - INFO: Сформирован список трназакций за указанный период
2025-11-07 01:07:52,813 - utils_logger - INFO: Сформирован список трназакций за указанный период
2025-11-07 01:07:52,813 - utils_logger - INFO: Сформирован список трназакций за указанный период
2025-11-07 01:07:52,813 - utils_logger - INFO: Сформирован список трназакций за указанный период
2025-11-07 01:07:52,813 - utils_logger - INFO: Сформирован список трназакций за указанный период
2025-11-07 01:07:52,813 - utils_logger - INFO: Сформирован список трназакций за указанный период
2025-11-07 01:07:52,813 - utils_logger - INFO: Сформирован список трназакций за указанный период
2025-11-07 01:07:52,813 - utils_logger - INFO: Сформирован список трназакций за указанный период
2025-11-07 01:07:52,813 - utils_logger - INFO: Сформирован список трназакций за указанный период
2025-11-07 01:07:52,813 - utils_logger - INFO: Сформирован список трназакций за указанный период
2025-11-07 01:07:52,813 - utils_logger - INFO: Сформирован список трназакций за указанный период
2025-11-07 01:07:52,813 - utils_logger - INFO: Сформирован список трназакций за указанный период
2025-11-07 01:07:52,813 - utils_logger - INFO: Сформирован список трназакций за указанный период
2025-11-07 01:07:52,813 - utils_logger - INFO: Сформирован список трназакций за указанный период
2025-11-07 01:07:52,813 - utils_logger - INFO: Сформирован список трназакций за указанный период
2025-11-07 01:07:52,813 - utils_logger - INFO: Сформирован список трназакций за указанный период
2025-11-07 01:07:52,814 - utils_logger - INFO: Сформирован список трназакций за указанный период
2025-11-07 01:07:52,814 - utils_logger - INFO: Сформирован список трназакций за указанный период
2025-11-07 01:07:52,814 - utils_logger - INFO: Сформирован список трназакций за указанный период
2025-11-07 01:07:52,814 - utils_logger - INFO: Сформирован список трназакций за указанный период
2025-11-07 01:07:52,814 - utils_logger - INFO: Сформирован список трназакций за указанный период
2025-11-07 01:07:52,814 - utils_logger - INFO: Сформирован список трназакций за указанный период
2025-11-07 01:07:52,814 - utils_logger - INFO: Сформирован список трназакций за указанный период
2025-11-07 01:07:52,814 - utils_logger - INFO: Сформирован список трназакций за указанный период
2025-11-07 01:07:52,814 - utils_logger - INFO: Сформирован список трназакций за указанный период
2025-11-07 01:07:52,814 - utils_logger - INFO: Сформирован список трназакций за указанный период
2025-11-07 01:07:52,814 - utils_logger - INFO: Сформирован список трназакций за указанный период
2025-11-07 01:07:52,814 - utils_logger - INFO: Сформирован список трназакций за указанный период
2025-11-07 01:07:52,814 - utils_logger - INFO: Сформирован список трназакций за указанный период
2025-11-07 01:07:52,814 - utils_logger - INFO: Сформирован список трназакций за указанный период
2025-11-07 01:07:52,814 - utils_logger - INFO: Сформирован список трназакций за указанный период
2025-11-07 01:07:52,814 - utils_logger - INFO: Сформирован список трназакций за указанный период
2025-11-07 01:07:52,815 - utils_logger - INFO: Сформирован список трназакций за указанный период
2025-11-07 01:07:52,815 - utils_logger - INFO: Сформирован список трназакций за указанный период
2025-11-07 01:07:52,815 - utils_logger - INFO: Сформирован список трназакций за указанный период
2025-11-07 01:07:52,815 - utils_logger - INFO: Сформирован список трназакций за указанный период
2025-11-07 01:07:52,815 - utils_logger - INFO: Сформирован список трназакций за указанный период
2025-11-07 01:07:52,815 - utils_logger - INFO: Сформирован список трназакций за указанный период
2025-11-07 01:07:52,815 - utils_logger - INFO: Сформирован список трназакций за указанный период
2025-11-07 01:07:52,815 - utils_logger - INFO: Сформирован список трназакций за указанный период
2025-11-07 01:07:52,815 - utils_logger - INFO: Сформирован список трназакций за указанный период
2025-11-07 01:07:52,815 - utils_logger - INFO: Сформирован список трназакций за указанный период
2025-11-07 01:07:52,815 - utils_logger - INFO: Сформирован список трназакций за указанный период
2025-11-07 01:07:52,815 - utils_logger - INFO: Сформирован список трназакций за указанный период
2025-11-07 01:07:52,815 - utils_logger - INFO: Сформирован список трназакций за указанный период
2025-11-07 01:07:52,815 - utils_logger - INFO: Сформирован список трназакций за указанный период
2025-11-07 01:07:52,815 - utils_logger - INFO: Сформирован список трназакций за указанный период
2025-11-07 01:07:52,815 - utils_logger - INFO: Сформирован список трназакций за указанный период
2025-11-07 01:07:52,815 - utils_logger - INFO: Сформирован список трназакций за указанный период
2025-11-07 01:07:52,815 - utils_logger - INFO: Сформирован список трназакций за указанный период
2025-11-07 01:07:52,815 - utils_logger - INFO: Сформирован список трназакций за указанный период
2025-11-07 01:07:52,815 - utils_logger - INFO: Сформирован список трназакций за указанный период
2025-11-07 01:07:52,815 - utils_logger - INFO: Сформирован список трназакций за указанный период
2025-11-07 01:07:52,816 - utils_logger - INFO: Сформирован список трназакций за указанный период
2025-11-07 01:07:52,816 - utils_logger - INFO: Сформирован список трназакций за указанный период
2025-11-07 01:07:52,816 - utils_logger - INFO: Сформирован список трназакций за указанный период
2025-11-07 01:07:52,816 - utils_logger - INFO: Сформирован список трназакций за указанный период
2025-11-07 01:07:52,816 - utils_logger - INFO: Сформирован список трназакций за указанный период
2025-11-07 01:07:52,816 - utils_logger - INFO: Сформирован список трназакций за указанный период
2025-11-07 01:07:52,816 - utils_logger - INFO: Сформирован список трназакций за указанный период
2025-11-07 01:07:52,816 - utils_logger - INFO: Сформирован список трназакций за указанный период
2025-11-07 01:07:52,816 - utils_logger - INFO: Сформирован список трназакций за указанный период
2025-11-07 01:07:52,816 - utils_logger - INFO: Сформирован список трназакций за указанный период
2025-11-07 01:07:52,816 - utils_logger - INFO: Сформирован список трназакций за указанный период
2025-11-07 01:07:52,816 - utils_logger - INFO: Сформирован список трназакций за указанный период
2025-11-07 01:07:52,816 - utils_logger - INFO: Сформирован список трназакций за указанный период
2025-11-07 01:07:52,816 - utils_logger - INFO: Сформирован список трназакций за указанный период
2025-11-07 01:07:52,816 - utils_logger - INFO: Сформирован список трназакций за указанный период
2025-11-07 01:07:52,816 - utils_logger - INFO: Сформирован список трназакций за указанный период
2025-11-07 01:07:52,816 - utils_logger - INFO: Сформирован список трназакций за указанный период
2025-11-07 01:07:52,816 - utils_logger - INFO: Сформирован список трназакций за указанный период
2025-11-07 01:07:52,816 - utils_logger - INFO: Сформирован список трназакций за указанный период
2025-11-07 01:07:52,816 - utils_logger - INFO: Сформирован список трназакций за указанный период
2025-11-07 01:07:52,816 - utils_logger - INFO: Сформирован список трназакций за указанный период
2025-11-07 01:07:52,816 - utils_logger - INFO: Сформирован список трназакций за указанный период
2025-11-07 01:07:52,817 - utils_logger - INFO: Сформирован список трназакций за указанный период
2025-11-07 01:07:52,817 - utils_logger - INFO: Сформирован список трназакций за указанный период
2025-11-07 01:07:52,817 - utils_logger - INFO: Сформирован список трназакций за указанный период
2025-11-07 01:07:52,817 - utils_logger - INFO: Сформирован список трназакций за указанный период
2025-11-07 01:07:52,817 - utils_logger - INFO: Сформирован список трназакций за указанный период
2025-11-07 01:07:52,817 - utils_logger - INFO: Сформирован список трназакций за указанный период
2025-11-07 01:07:52,817 - utils_logger - INFO: Сформирован список трназакций за указанный период
2025-11-07 01:07:52,817 - utils_logger - INFO: Сформирован список трназакций за указанный период
2025-11-07 01:07:52,817 - utils_logger - INFO: Сформирован список трназакций за указанный период
2025-11-07 01:07:52,817 - utils_logger - INFO: Сформирован список трназакций за указанный период
2025-11-07 01:07:52,817 - utils_logger - INFO: Сформирован список трназакций за указанный период
2025-11-07 01:07:52,817 - utils_logger - INFO: Сформирован список трназакций за указанный период
2025-11-07 01:07:52,817 - utils_logger - INFO: Сформирован список трназакций за указанный период
2025-11-07 01:07:52,817 - utils_logger - INFO: Сформирован список трназакций за указанный период
2025-11-07 01:07:52,817 - utils_logger - INFO: Сформирован список трназакций за указанный период
2025-11-07 01:07:52,817 - utils_logger - INFO: Сформирован список трназакций за указанный период
2025-11-07 01:07:52,817 - utils_logger - INFO: Сформирован список трназакций за указанный период
2025-11-07 01:07:52,817 - utils_logger - INFO: Сформирован список трназакций за указанный период
2025-11-07 01:07:52,817 - utils_logger - INFO: Сформирован список трназакций за указанный период
2025-11-07 01:07:52,817 - utils_logger - INFO: Сформирован список трназакций за указанный период
2025-11-07 01:07:52,817 - utils_logger - INFO: Сформирован список трназакций за указанный период
2025-11-07 01:07:52,817 - utils_logger - INFO: Сформирован список трназакций за указанный период
2025-11-07 01:07:52,818 - utils_logger - INFO: Сформирован список трназакций за указанный период
2025-11-07 01:07:52,818 - utils_logger - INFO: Сформирован список трназакций за указанный период
2025-11-07 01:07:52,818 - utils_logger - INFO: Сформирован список трназакций за указанный период
2025-11-07 01:07:52,818 - utils_logger - INFO: Сформирован список трназакций за указанный период
2025-11-07 01:07:52,818 - utils_logger - INFO: Сформирован список трназакций за указанный период
2025-11-07 01:07:52,818 - utils_logger - INFO: Сформирован список трназакций за указанный период
2025-11-07 01:07:52,818 - utils_logger - INFO: Сформирован список трназакций за указанный период
2025-11-07 01:07:52,818 - utils_logger - INFO: Сформирован список трназакций за указанный период
2025-11-07 01:07:52,818 - utils_logger - INFO: Сформирован список трназакций за указанный период
2025-11-07 01:07:52,818 - utils_logger - INFO: Сформирован список трназакций за указанный период
2025-11-07 01:07:52,818 - utils_logger - INFO: Сформирован список трназакций за указанный период
2025-11-07 01:07:52,818 - utils_logger - INFO: Сформирован список трназакций за указанный период
2025-11-07 01:07:52,818 - utils_logger - INFO: Сформирован список трназакций за указанный период
2025-11-07 01:07:52,818 - utils_logger - INFO: Сформирован список трназакций за указанный период
2025-11-07 01:07:52,818 - utils_logger - INFO: Сформирован список трназакций за указанный период
2025-11-07 01:07:52,818 - utils_logger - INFO: Сформирован список трназакций за указанный период
2025-11-07 01:07:52,818 - utils_logger - INFO: Сформирован список трназакций за указанный период
2025-11-07 01:07:52,818 - utils_logger - INFO: Сформирован список трназакций за указанный период
2025-11-07 01:07:52,818 - utils_logger - INFO: Сформирован список трназакций за указанный период
2025-11-07 01:07:52,818 - utils_logger - INFO: Сформирован список трназакций за указанный период
2025-11-07 01:07:52,818 - utils_logger - INFO: Сформирован список трназакций за указанный период
2025-11-07 01:07:52,818 - utils_logger - INFO: Сформирован список трназакций за указанный период
2025-11-07 01:07:52,819 - utils_logger - INFO: Сформирован список трназакций за указанный период
2025-11-07 01:07:52,819 - utils_logger - INFO: Сформирован список трназакций за указанный период
2025-11-07 01:07:52,819 - utils_logger - INFO: Сформирован список трназакций за указанный период
2025-11-07 01:07:52,819 - utils_logger - INFO: Сформирован список трназакций за указанный период
2025-11-07 01:07:52,819 - utils_logger - INFO: Сформирован список трназакций за указанный период
2025-11-07 01:07:52,819 - utils_logger - INFO: Сформирован список трназакций за указанный период
2025-11-07 01:07:52,819 - utils_logger - INFO: Сформирован список трназакций за указанный период
2025-11-07 01:07:52,819 - utils_logger - INFO: Сформирован список трназакций за указанный период
2025-11-07 01:07:52,819 - utils_logger - INFO: Сформирован список трназакций за указанный период
2025-11-07 01:07:52,819 - utils_logger - INFO: Сформирован список трназакций за указанный период
2025-11-07 01:07:52,819 - utils_logger - INFO: Сформирован список трназакций за указанный период
2025-11-07 01:07:52,819 - utils_logger - INFO: Сформирован список трназакций за указанный период
2025-11-07 01:07:52,819 - utils_logger - INFO: Сформирован список трназакций за указанный период
2025-11-07 01:07:52,819 - utils_logger - INFO: Сформирован список трназакций за указанный период
2025-11-07 01:07:52,819 - utils_logger - INFO: Сформирован список трназакций за указанный период
2025-11-07 01:07:52,819 - utils_logger - INFO: Сформирован список трназакций за указанный период
2025-11-07 01:07:52,819 - utils_logger - INFO: Сформирован список трназакций за указанный период
2025-11-07 01:07:52,819 - utils_logger - INFO: Сформирован список трназакций за указанный период
2025-11-07 01:07:52,819 - utils_logger - INFO: Сформирован список трназакций за указанный период
2025-11-07 01:07:52,819 - utils_logger - INFO: Сформирован список трназакций за указанный период
2025-11-07 01:07:52,819 - utils_logger - INFO: Сформирован список трназакций за указанный период
2025-11-07 01:07:52,820 - utils_logger - INFO: Сформирован список трназакций за указанный период
2025-11-07 01:07:52,820 - utils_logger - INFO: Сформирован список трназакций за указанный период
2025-11-07 01:07:52,820 - utils_logger - INFO: Сформирован список трназакций за указанный период
2025-11-07 01:07:52,820 - utils_logger - INFO: Сформирован список трназакций за указанный период
2025-11-07 01:07:52,820 - utils_logger - INFO: Сформирован список трназакций за указанный период
2025-11-07 01:07:52,820 - utils_logger - INFO: Сформирован список трназакций за указанный период
2025-11-07 01:07:52,820 - utils_logger - INFO: Сформирован список трназакций за указанный период
2025-11-07 01:07:52,820 - utils_logger - INFO: Сформирован список трназакций за указанный период
2025-11-07 01:07:52,820 - utils_logger - INFO: Сформирован список трназакций за указанный период
2025-11-07 01:07:52,820 - utils_logger - INFO: Сформирован список трназакций за указанный период
2025-11-07 01:07:52,820 - utils_logger - INFO: Сформирован список трназакций за указанный период
2025-11-07 01:07:52,820 - utils_logger - INFO: Сформирован список трназакций за указанный период
2025-11-07 01:07:52,820 - utils_logger - INFO: Сформирован список трназакций за указанный период
2025-11-07 01:07:52,820 - utils_logger - INFO: Сформирован список трназакций за указанный период
2025-11-07 01:07:52,820 - utils_logger - INFO: Сформирован список трназакций за указанный период
2025-11-07 01:07:52,820 - utils_logger - INFO: Сформирован список трназакций за указанный период
2025-11-07 01:07:52,820 - utils_logger - INFO: Сформирован список трназакций за указанный период
2025-11-07 01:07:52,820 - utils_logger - INFO: Сформирован список трназакций за указанный период
2025-11-07 01:07:52,820 - utils_logger - INFO: Сформирован список трназакций за указанный период
2025-11-07 01:07:52,820 - utils_logger - INFO: Сформирован список трназакций за указанный период
2025-11-07 01:07:52,820 - utils_logger - INFO: Сформирован список трназакций за указанный период
2025-11-07 01:07:52,821 - utils_logger - INFO: Сформирован список трназакций за указанный период
2025-11-07 01:07:52,821 - utils_logger - INFO: Сформирован список трназакций за указанный период
2025-11-07 01:07:52,821 - utils_logger - INFO: Сформирован список трназакций за указанный период
2025-11-07 01:07:52,821 - utils_logger - INFO: Сформирован список трназакций за указанный период
2025-11-07 01:07:52,821 - utils_logger - INFO: Сформирован список трназакций за указанный период
2025-11-07 01:07:52,821 - utils_logger - INFO: Сформирован список трназакций за указанный период
2025-11-07 01:07:52,821 - utils_logger - INFO: Сформирован список трназакций за указанный период
2025-11-07 01:07:52,821 - utils_logger - INFO: Сформирован список трназакций за указанный период
2025-11-07 01:07:52,821 - utils_logger - INFO: Сформирован список трназакций за указанный период
2025-11-07 01:07:52,821 - utils_logger - INFO: Сформирован список трназакций за указанный период
2025-11-07 01:07:52,821 - utils_logger - INFO: Сформирован список трназакций за указанный период
2025-11-07 01:07:52,821 - utils_logger - INFO: Сформирован список трназакций за указанный период
2025-11-07 01:07:52,821 - utils_logger - INFO: Сформирован список трназакций за указанный период
2025-11-07 01:07:52,821 - utils_logger - INFO: Сформирован список трназакций за указанный период
2025-11-07 01:07:52,821 - utils_logger - INFO: Сформирован список трназакций за указанный период
2025-11-07 01:07:52,821 - utils_logger - INFO: Сформирован список трназакций за указанный период
2025-11-07 01:07:52,821 - utils_logger - INFO: Сформирован список трназакций за указанный период
2025-11-07 01:07:52,821 - utils_logger - INFO: Сформирован список трназакций за указанный период
2025-11-07 01:07:52,821 - utils_logger - INFO: Сформирован список трназакций за указанный период
2025-11-07 01:07:52,821 - utils_logger - INFO: Сформирован список трназакций за указанный период
2025-11-07 01:07:52,821 - utils_logger - INFO: Сформирован список трназакций за указанный период
2025-11-07 01:07:52,821 - utils_logger - INFO: Сформирован список трназакций за указанный период
2025-11-07 01:07:52,822 - utils_logger - INFO: Сформирован список трназакций за указанный период
2025-11-07 01:07:52,822 - utils_logger - INFO: Сформирован список трназакций за указанный период
2025-11-07 01:07:52,822 - utils_logger - INFO: Сформирован список трназакций за указанный период
2025-11-07 01:07:52,822 - utils_logger - INFO: Сформирован список трназакций за указанный период
2025-11-07 01:07:52,822 - utils_logger - INFO: Сформирован список трназакций за указанный период
2025-11-07 01:07:52,822 - utils_logger - INFO: Сформирован список трназакций за указанный период
2025-11-07 01:07:52,822 - utils_logger - INFO: Сформирован список трназакций за указанный период
2025-11-07 01:07:52,822 - utils_logger - INFO: Сформирован список трназакций за указанный период
2025-11-07 01:07:52,822 - utils_logger - INFO: Сформирован список трназакций за указанный период
2025-11-07 01:07:52,822 - utils_logger - INFO: Сформирован список трназакций за указанный период
2025-11-07 01:07:52,822 - utils_logger - INFO: Сформирован список трназакций за указанный период
2025-11-07 01:07:52,822 - utils_logger - INFO: Сформирован список трназакций за указанный период
2025-11-07 01:07:52,822 - utils_logger - INFO: Сформирован список трназакций за указанный период
2025-11-07 01:07:52,822 - utils_logger - INFO: Сформирован список трназакций за указанный период
2025-11-07 01:07:52,822 - utils_logger - INFO: Сформирован список трназакций за указанный период
2025-11-07 01:07:52,822 - utils_logger - INFO: Сформирован список трназакций за указанный период
2025-11-07 01:07:52,822 - utils_logger - INFO: Сформирован список трназакций за указанный период
2025-11-07 01:07:52,822 - utils_logger - INFO: Сформирован список трназакций за указанный период
2025-11-07 01:07:52,822 - utils_logger - INFO: Сформирован список трназакций за указанный период
2025-11-07 01:07:52,822 - utils_logger - INFO: Сформирован список трназакций за указанный период
2025-11-07 01:07:52,822 - utils_logger - INFO: Сформирован список трназакций за указанный период
2025-11-07 01:07:52,822 - utils_logger - INFO: Сформирован список трназакций за указанный период
2025-11-07 01:07:52,823 - utils_logger - INFO: Сформирован список трназакций за указанный период
2025-11-07 01:07:52,823 - utils_logger - INFO: Сформирован список трназакций за указанный период
2025-11-07 01:07:52,823 - utils_logger - INFO: Сформирован список трназакций за указанный период
2025-11-07 01:07:52,823 - utils_logger - INFO: Сформирован список трназакций за указанный период
2025-11-07 01:07:52,823 - utils_logger - INFO: Сформирован список трназакций за указанный период
2025-11-07 01:07:52,823 - utils_logger - INFO: Сформирован список трназакций за указанный период
2025-11-07 01:07:52,823 - utils_logger - INFO: Сформирован список трназакций за указанный период
2025-11-07 01:07:52,823 - utils_logger - INFO: Сформирован список трназакций за указанный период
2025-11-07 01:07:52,823 - utils_logger - INFO: Сформирован список трназакций за указанный период
2025-11-07 01:07:52,823 - utils_logger - INFO: Сформирован список трназакций за указанный период
2025-11-07 01:07:52,823 - utils_logger - INFO: Сформирован список трназакций за указанный период
2025-11-07 01:07:52,823 - utils_logger - INFO: Сформирован список трназакций за указанный период
2025-11-07 01:07:52,823 - utils_logger - INFO: Сформирован список трназакций за указанный период
2025-11-07 01:07:52,823 - utils_logger - INFO: Сформирован список трназакций за указанный период
2025-11-07 01:07:52,823 - utils_logger - INFO: Сформирован список трназакций за указанный период
2025-11-07 01:07:52,823 - utils_logger - INFO: Сформирован список трназакций за указанный период
2025-11-07 01:07:52,823 - utils_logger - INFO: Сформирован список трназакций за указанный период
2025-11-07 01:07:52,823 - utils_logger - INFO: Сформирован список трназакций за указанный период
2025-11-07 01:07:52,823 - utils_logger - INFO: Сформирован список трназакций за указанный период
2025-11-07 01:07:52,823 - utils_logger - INFO: Сформирован список трназакций за указанный период
2025-11-07 01:07:52,824 - utils_logger - INFO: Сформирован список трназакций за указанный период
2025-11-07 01:07:52,824 - utils_logger - INFO: Сформирован список трназакций за указанный период
2025-11-07 01:07:52,824 - utils_logger - INFO: Сформирован список трназакций за указанный период
2025-11-07 01:07:52,824 - utils_logger - INFO: Сформирован список трназакций за указанный период
2025-11-07 01:07:52,824 - utils_logger - INFO: Сформирован список трназакций за указанный период
2025-11-07 01:07:52,824 - utils_logger - INFO: Сформирован список трназакций за указанный период
2025-11-07 01:07:52,824 - utils_logger - INFO: Сформирован список трназакций за указанный период
2025-11-07 01:07:52,824 - utils_logger - INFO: Сформирован список трназакций за указанный период
2025-11-07 01:07:52,824 - utils_logger - INFO: Сформирован список трназакций за указанный период
2025-11-07 01:07:52,824 - utils_logger - INFO: Сформирован список трназакций за указанный период
2025-11-07 01:07:52,824 - utils_logger - INFO: Сформирован список трназакций за указанный период
2025-11-07 01:07:52,824 - utils_logger - INFO: Сформирован список трназакций за указанный период
2025-11-07 01:07:52,824 - utils_logger - INFO: Сформирован список трназакций за указанный период
2025-11-07 01:07:52,824 - utils_logger - INFO: Сформирован список трназакций за указанный период
2025-11-07 01:07:52,824 - utils_logger - INFO: Сформирован список трназакций за указанный период
2025-11-07 01:07:52,824 - utils_logger - INFO: Сформирован список трназакций за указанный период
2025-11-07 01:07:52,824 - utils_logger - INFO: Сформирован список трназакций за указанный период
2025-11-07 01:07:52,824 - utils_logger - INFO: Сформирован список трназакций за указанный период
2025-11-07 01:07:52,824 - utils_logger - INFO: Сформирован список трназакций за указанный период
2025-11-07 01:07:52,824 - utils_logger - INFO: Сформирован список трназакций за указанный период
2025-11-07 01:07:52,824 - utils_logger - INFO: Сформирован список трназакций за указанный период
2025-11-07 01:07:52,824 - utils_logger - INFO: Сформирован список трназакций за указанный период
2025-11-07 01:07:52,825 - utils_logger - INFO: Сформирован список трназакций за указанный период
2025-11-07 01:07:52,825 - utils_logger - INFO: Сформирован список трназакций за указанный период
2025-11-07 01:07:52,825 - utils_logger - INFO: Сформирован список трназакций за указанный период
2025-11-07 01:07:52,825 - utils_logger - INFO: Сформирован список трназакций за указанный период
2025-11-07 01:07:52,825 - utils_logger - INFO: Сформирован список трназакций за указанный период
2025-11-07 01:07:52,825 - utils_logger - INFO: Сформирован список трназакций за указанный период
2025-11-07 01:07:52,825 - utils_logger - INFO: Сформирован список трназакций за указанный период
2025-11-07 01:07:52,825 - utils_logger - INFO: Сформирован список трназакций за указанный период
2025-11-07 01:07:52,825 - utils_logger - INFO: Сформирован список трназакций за указанный период
2025-11-07 01:07:52,825 - utils_logger - INFO: Сформирован список трназакций за указанный период
2025-11-07 01:07:52,825 - utils_logger - INFO: Сформирован список трназакций за указанный период
2025-11-07 01:07:52,825 - utils_logger - INFO: Сформирован список трназакций за указанный период
2025-11-07 01:07:52,825 - utils_logger - INFO: Сформирован список трназакций за указанный период
2025-11-07 01:07:52,825 - utils_logger - INFO: Сформирован список трназакций за указанный период
2025-11-07 01:07:52,825 - utils_logger - INFO: Сформирован список трназакций за указанный период
2025-11-07 01:07:52,825 - utils_logger - INFO: Сформирован список трназакций за указанный период
2025-11-07 01:07:52,825 - utils_logger - INFO: Сформирован список трназакций за указанный период
2025-11-07 01:07:52,825 - utils_logger - INFO: Сформирован список трназакций за указанный период
2025-11-07 01:07:52,825 - utils_logger - INFO: Сформирован список трназакций за указанный период
2025-11-07 01:07:52,825 - utils_logger - INFO: Сформирован список трназакций за указанный период
2025-11-07 01:07:52,825 - utils_logger - INFO: Сформирован список трназакций за указанный период
2025-11-07 01:07:52,825 - utils_logger - INFO: Сформирован список трназакций за указанный период
2025-11-07 01:07:52,826 - utils_logger - INFO: Сформирован список трназакций за указанный период
2025-11-07 01:07:52,826 - utils_logger - INFO: Сформирован список трназакций за указанный период
2025-11-07 01:07:52,826 - utils_logger - INFO: Сформирован список трназакций за указанный период
2025-11-07 01:07:52,826 - utils_logger - INFO: Сформирован список трназакций за указанный период
2025-11-07 01:07:52,826 - utils_logger - INFO: Сформирован список трназакций за указанный период
2025-11-07 01:07:52,826 - utils_logger - INFO: Сформирован список трназакций за указанный период
2025-11-07 01:07:52,826 - utils_logger - INFO: Сформирован список трназакций за указанный период
2025-11-07 01:07:52,826 - utils_logger - INFO: Сформирован список трназакций за указанный период
2025-11-07 01:07:52,826 - utils_logger - INFO: Сформирован список трназакций за указанный период
2025-11-07 01:07:52,826 - utils_logger - INFO: Сформирован список трназакций за указанный период
2025-11-07 01:07:52,826 - utils_logger - INFO: Сформирован список трназакций за указанный период
2025-11-07 01:07:52,826 - utils_logger - INFO: Сформирован список трназакций за указанный период
2025-11-07 01:07:52,826 - utils_logger - INFO: Сформирован список трназакций за указанный период
2025-11-07 01:07:52,826 - utils_logger - INFO: Сформирован список трназакций за указанный период
2025-11-07 01:07:52,826 - utils_logger - INFO: Сформирован список трназакций за указанный период
2025-11-07 01:07:52,826 - utils_logger - INFO: Сформирован список трназакций за указанный период
2025-11-07 01:07:52,826 - utils_logger - INFO: Сформирован список трназакций за указанный период
2025-11-07 01:07:52,826 - utils_logger - INFO: Сформирован список трназакций за указанный период
2025-11-07 01:07:52,826 - utils_logger - INFO: Сформирован список трназакций за указанный период
2025-11-07 01:07:52,826 - utils_logger - INFO: Сформирован список трназакций за указанный период
2025-11-07 01:07:52,826 - utils_logger - INFO: Сформирован список трназакций за указанный период
2025-11-07 01:07:52,826 - utils_logger - INFO: Сформирован список трназакций за указанный период
2025-11-07 01:07:52,827 - utils_logger - INFO: Сформирован список трназакций за указанный период
2025-11-07 01:07:52,827 - utils_logger - INFO: Сформирован список трназакций за указанный период
2025-11-07 01:07:52,827 - utils_logger - INFO: Сформирован список трназакций за указанный период
2025-11-07 01:07:52,827 - utils_logger - INFO: Сформирован список трназакций за указанный период
2025-11-07 01:07:52,827 - utils_logger - INFO: Сформирован список трназакций за указанный период
2025-11-07 01:07:52,827 - utils_logger - INFO: Сформирован список трназакций за указанный период
2025-11-07 01:07:52,827 - utils_logger - INFO: Сформирован список трназакций за указанный период
2025-11-07 01:07:52,827 - utils_logger - INFO: Сформирован список трназакций за указанный период
2025-11-07 01:07:52,827 - utils_logger - INFO: Сформирован список трназакций за указанный период
2025-11-07 01:07:52,827 - utils_logger - INFO: Сформирован список трназакций за указанный период
2025-11-07 01:07:52,827 - utils_logger - INFO: Сформирован список трназакций за указанный период
2025-11-07 01:07:52,827 - utils_logger - INFO: Сформирован список трназакций за указанный период
2025-11-07 01:07:52,827 - utils_logger - INFO: Сформирован список трназакций за указанный период
2025-11-07 01:07:52,827 - utils_logger - INFO: Сформирован список трназакций за указанный период
2025-11-07 01:07:52,827 - utils_logger - INFO: Сформирован список трназакций за указанный период
2025-11-07 01:07:52,827 - utils_logger - INFO: Сформирован список трназакций за указанный период
2025-11-07 01:07:52,827 - utils_logger - INFO: Сформирован список трназакций за указанный период
2025-11-07 01:07:52,827 - utils_logger - INFO: Сформирован список трназакций за указанный период
2025-11-07 01:07:52,827 - utils_logger - INFO: Сформирован список трназакций за указанный период
2025-11-07 01:07:52,827 - utils_logger - INFO: Сформирован список трназакций за указанный период
2025-11-07 01:07:52,827 - utils_logger - INFO: Сформирован список трназакций за указанный период
2025-11-07 01:07:52,828 - utils_logger - INFO: Сформирован список трназакций за указанный период
2025-11-07 01:07:52,828 - utils_logger - INFO: Сформирован список трназакций за указанный период
2025-11-07 01:07:52,828 - utils_logger - INFO: Сформирован список трназакций за указанный период
2025-11-07 01:07:52,828 - utils_logger - INFO: Сформирован список трназакций за указанный период
2025-11-07 01:07:52,828 - utils_logger - INFO: Сформирован список трназакций за указанный период
2025-11-07 01:07:52,828 - utils_logger - INFO: Сформирован список трназакций за указанный период
2025-11-07 01:07:52,828 - utils_logger - INFO: Сформирован список трназакций за указанный период
2025-11-07 01:07:52,828 - utils_logger - INFO: Сформирован список трназакций за указанный период
2025-11-07 01:07:52,828 - utils_logger - INFO: Сформирован список трназакций за указанный период
2025-11-07 01:07:52,828 - utils_logger - INFO: Сформирован список трназакций за указанный период
2025-11-07 01:07:52,828 - utils_logger - INFO: Сформирован список трназакций за указанный период
2025-11-07 01:07:52,828 - utils_logger - INFO: Сформирован список трназакций за указанный период
2025-11-07 01:07:52,828 - utils_logger - INFO: Сформирован список трназакций за указанный период
2025-11-07 01:07:52,828 - utils_logger - INFO: Сформирован список трназакций за указанный период
2025-11-07 01:07:52,828 - utils_logger - INFO: Сформирован список трназакций за указанный период
2025-11-07 01:07:52,828 - utils_logger - INFO: Сформирован список трназакций за указанный период
2025-11-07 01:07:52,828 - utils_logger - INFO: Сформирован список трназакций за указанный период
2025-11-07 01:07:52,828 - utils_logger - INFO: Сформирован список трназакций за указанный период
2025-11-07 01:07:52,828 - utils_logger - INFO: Сформирован список трназакций за указанный период
2025-11-07 01:07:52,828 - utils_logger - INFO: Сформирован список трназакций за указанный период
2025-11-07 01:07:52,828 - utils_logger - INFO: Сформирован список трназакций за указанный период
2025-11-07 01:07:52,828 - utils_logger - INFO: Сформирован список трназакций за указанный период
2025-11-07 01:07:52,829 - utils_logger - INFO: Сформирован список трназакций за указанный период
2025-11-07 01:07:52,829 - utils_logger - INFO: Сформирован список трназакций за указанный период
2025-11-07 01:07:52,829 - utils_logger - INFO: Сформирован список трназакций за указанный период
2025-11-07 01:07:52,829 - utils_logger - INFO: Сформирован список трназакций за указанный период
2025-11-07 01:07:52,829 - utils_logger - INFO: Сформирован список трназакций за указанный период
2025-11-07 01:07:52,829 - utils_logger - INFO: Сформирован список трназакций за указанный период
2025-11-07 01:07:52,829 - utils_logger - INFO: Сформирован список трназакций за указанный период
2025-11-07 01:07:52,829 - utils_logger - INFO: Сформирован список трназакций за указанный период
2025-11-07 01:07:52,829 - utils_logger - INFO: Сформирован список трназакций за указанный период
2025-11-07 01:07:52,829 - utils_logger - INFO: Сформирован список трназакций за указанный период
2025-11-07 01:07:52,829 - utils_logger - INFO: Сформирован список трназакций за указанный период
2025-11-07 01:07:52,829 - utils_logger - INFO: Сформирован список трназакций за указанный период
2025-11-07 01:07:52,829 - utils_logger - INFO: Сформирован список трназакций за указанный период
2025-11-07 01:07:52,829 - utils_logger - INFO: Сформирован список трназакций за указанный период
2025-11-07 01:07:52,829 - utils_logger - INFO: Сформирован список трназакций за указанный период
2025-11-07 01:07:52,829 - utils_logger - INFO: Сформирован список трназакций за указанный период
2025-11-07 01:07:52,829 - utils_logger - INFO: Сформирован список трназакций за указанный период
2025-11-07 01:07:52,829 - utils_logger - INFO: Сформирован список трназакций за указанный период
2025-11-07 01:07:52,829 - utils_logger - INFO: Сформирован список трназакций за указанный период
2025-11-07 01:07:52,829 - utils_logger - INFO: Сформирован список трназакций за указанный период
2025-11-07 01:07:52,829 - utils_logger - INFO: Сформирован список трназакций за указанный период
2025-11-07 01:07:52,829 - utils_logger - INFO: Сформирован список трназакций за указанный период
2025-11-07 01:07:52,830 - utils_logger - INFO: Сформирован список трназакций за указанный период
2025-11-07 01:07:52,830 - utils_logger - INFO: Сформирован список трназакций за указанный период
2025-11-07 01:07:52,830 - utils_logger - INFO: Сформирован список трназакций за указанный период
2025-11-07 01:07:52,830 - utils_logger - INFO: Сформирован список трназакций за указанный период
2025-11-07 01:07:52,830 - utils_logger - INFO: Сформирован список трназакций за указанный период
2025-11-07 01:07:52,830 - utils_logger - INFO: Сформирован список трназакций за указанный период
2025-11-07 01:07:52,830 - utils_logger - INFO: Сформирован список трназакций за указанный период
2025-11-07 01:07:52,830 - utils_logger - INFO: Сформирован список трназакций за указанный период
2025-11-07 01:07:52,830 - utils_logger - INFO: Сформирован список трназакций за указанный период
2025-11-07 01:07:52,830 - utils_logger - INFO: Сформирован список трназакций за указанный период
2025-11-07 01:07:52,830 - utils_logger - INFO: Сформирован список трназакций за указанный период
2025-11-07 01:07:52,830 - utils_logger - INFO: Сформирован список трназакций за указанный период
2025-11-07 01:07:52,830 - utils_logger - INFO: Сформирован список трназакций за указанный период
2025-11-07 01:07:52,830 - utils_logger - INFO: Сформирован список трназакций за указанный период
2025-11-07 01:07:52,830 - utils_logger - INFO: Сформирован список трназакций за указанный период
2025-11-07 01:07:52,830 - utils_logger - INFO: Сформирован список трназакций за указанный период
2025-11-07 01:07:52,830 - utils_logger - INFO: Сформирован список трназакций за указанный период
2025-11-07 01:07:52,830 - utils_logger - INFO: Сформирован список трназакций за указанный период
2025-11-07 01:07:52,830 - utils_logger - INFO: Сформирован список трназакций за указанный период
2025-11-07 01:07:52,830 - utils_logger - INFO: Сформирован список трназакций за указанный период
2025-11-07 01:07:52,830 - utils_logger - INFO: Сформирован список трназакций за указанный период
2025-11-07 01:07:52,831 - utils_logger - INFO: Сформирован список трназакций за указанный период
2025-11-07 01:07:52,831 - utils_logger - INFO: Сформирован список трназакций за указанный период
2025-11-07 01:07:52,831 - utils_logger - INFO: Сформирован список трназакций за указанный период
2025-11-07 01:07:52,831 - utils_logger - INFO: Сформирован список трназакций за указанный период
2025-11-07 01:07:52,831 - utils_logger - INFO: Сформирован список трназакций за указанный период
2025-11-07 01:07:52,831 - utils_logger - INFO: Сформирован список трназакций за указанный период
2025-11-07 01:07:52,831 - utils_logger - INFO: Сформирован список трназакций за указанный период
2025-11-07 01:07:52,831 - utils_logger - INFO: Сформирован список трназакций за указанный период
2025-11-07 01:07:52,831 - utils_logger - INFO: Сформирован список трназакций за указанный период
2025-11-07 01:07:52,831 - utils_logger - INFO: Сформирован список трназакций за указанный период
2025-11-07 01:07:52,831 - utils_logger - INFO: Сформирован список трназакций за указанный период
2025-11-07 01:07:52,831 - utils_logger - INFO: Сформирован список трназакций за указанный период
2025-11-07 01:07:52,831 - utils_logger - INFO: Сформирован список трназакций за указанный период
2025-11-07 01:07:52,831 - utils_logger - INFO: Сформирован список трназакций за указанный период
2025-11-07 01:07:52,831 - utils_logger - INFO: Сформирован список трназакций за указанный период
2025-11-07 01:07:52,831 - utils_logger - INFO: Сформирован список трназакций за указанный период
2025-11-07 01:07:52,831 - utils_logger - INFO: Сформирован список трназакций за указанный период
2025-11-07 01:07:52,831 - utils_logger - INFO: Сформирован список трназакций за указанный период
2025-11-07 01:07:52,831 - utils_logger - INFO: Сформирован список трназакций за указанный период
2025-11-07 01:07:52,831 - utils_logger - INFO: Сформирован список трназакций за указанный период
2025-11-07 01:07:52,831 - utils_logger - INFO: Сформирован список трназакций за указанный период
2025-11-07 01:07:52,831 - utils_logger - INFO: Сформирован список трназакций за указанный период
2025-11-07 01:07:52,832 - utils_logger - INFO: Сформирован список трназакций за указанный период
2025-11-07 01:07:52,832 - utils_logger - INFO: Сформирован список трназакций за указанный период
2025-11-07 01:07:52,832 - utils_logger - INFO: Сформирован список трназакций за указанный период
2025-11-07 01:07:52,832 - utils_logger - INFO: Сформирован список трназакций за указанный период
2025-11-07 01:07:52,832 - utils_logger - INFO: Сформирован список трназакций за указанный период
2025-11-07 01:07:52,832 - utils_logger - INFO: Сформирован список трназакций за указанный период
2025-11-07 01:07:52,832 - utils_logger - INFO: Сформирован список трназакций за указанный период
2025-11-07 01:07:52,832 - utils_logger - INFO: Сформирован список трназакций за указанный период
2025-11-07 01:07:52,832 - utils_logger - INFO: Сформирован список трназакций за указанный период
2025-11-07 01:07:52,832 - utils_logger - INFO: Сформирован список трназакций за указанный период
2025-11-07 01:07:52,832 - utils_logger - INFO: Сформирован список трназакций за указанный период
2025-11-07 01:07:52,832 - utils_logger - INFO: Сформирован список трназакций за указанный период
2025-11-07 01:07:52,832 - utils_logger - INFO: Сформирован список трназакций за указанный период
2025-11-07 01:07:52,832 - utils_logger - INFO: Сформирован список трназакций за указанный период
2025-11-07 01:07:52,832 - utils_logger - INFO: Сформирован список трназакций за указанный период
2025-11-07 01:07:52,832 - utils_logger - INFO: Сформирован список трназакций за указанный период
2025-11-07 01:07:52,832 - utils_logger - INFO: Сформирован список трназакций за указанный период
2025-11-07 01:07:52,832 - utils_logger - INFO: Сформирован список трназакций за указанный период
2025-11-07 01:07:52,832 - utils_logger - INFO: Сформирован список трназакций за указанный период
2025-11-07 01:07:52,832 - utils_logger - INFO: Сформирован список трназакций за указанный период
2025-11-07 01:07:52,832 - utils_logger - INFO: Сформирован список трназакций за указанный период
2025-11-07 01:07:52,832 - utils_logger - INFO: Сформирован список трназакций за указанный период
2025-11-07 01:07:52,833 - utils_logger - INFO: Сформирован список трназакций за указанный период
2025-11-07 01:07:52,833 - utils_logger - INFO: Сформирован список трназакций за указанный период
2025-11-07 01:07:52,833 - utils_logger - INFO: Сформирован список трназакций за указанный период
2025-11-07 01:07:52,833 - utils_logger - INFO: Сформирован список трназакций за указанный период
2025-11-07 01:07:52,833 - utils_logger - INFO: Сформирован список трназакций за указанный период
2025-11-07 01:07:52,833 - utils_logger - INFO: Сформирован список трназакций за указанный период
2025-11-07 01:07:52,833 - utils_logger - INFO: Сформирован список трназакций за указанный период
2025-11-07 01:07:52,833 - utils_logger - INFO: Сформирован список трназакций за указанный период
2025-11-07 01:07:52,833 - utils_logger - INFO: Сформирован список трназакций за указанный период
2025-11-07 01:07:52,833 - utils_logger - INFO: Сформирован список трназакций за указанный период
2025-11-07 01:07:52,833 - utils_logger - INFO: Сформирован список трназакций за указанный период
2025-11-07 01:07:52,833 - utils_logger - INFO: Сформирован список трназакций за указанный период
2025-11-07 01:07:52,833 - utils_logger - INFO: Сформирован список трназакций за указанный период
2025-11-07 01:07:52,833 - utils_logger - INFO: Сформирован список трназакций за указанный период
2025-11-07 01:07:52,833 - utils_logger - INFO: Сформирован список трназакций за указанный период
2025-11-07 01:07:52,833 - utils_logger - INFO: Сформирован список трназакций за указанный период
2025-11-07 01:07:52,833 - utils_logger - INFO: Сформирован список трназакций за указанный период
2025-11-07 01:07:52,833 - utils_logger - INFO: Сформирован список трназакций за указанный период
2025-11-07 01:07:52,833 - utils_logger - INFO: Сформирован список трназакций за указанный период
2025-11-07 01:07:52,833 - utils_logger - INFO: Сформирован список трназакций за указанный период
2025-11-07 01:07:52,833 - utils_logger - INFO: Сформирован список трназакций за указанный период
2025-11-07 01:07:52,834 - utils_logger - INFO: Сформирован список трназакций за указанный период
2025-11-07 01:07:52,834 - utils_logger - INFO: Сформирован список трназакций за указанный период
2025-11-07 01:07:52,834 - utils_logger - INFO: Сформирован список трназакций за указанный период
2025-11-07 01:07:52,834 - utils_logger - INFO: Сформирован список трназакций за указанный период
2025-11-07 01:07:52,834 - utils_logger - INFO: Сформирован список трназакций за указанный период
2025-11-07 01:07:52,834 - utils_logger - INFO: Сформирован список трназакций за указанный период
2025-11-07 01:07:52,834 - utils_logger - INFO: Сформирован список трназакций за указанный период
2025-11-07 01:07:52,834 - utils_logger - INFO: Сформирован список трназакций за указанный период
2025-11-07 01:07:52,834 - utils_logger - INFO: Сформирован список трназакций за указанный период
2025-11-07 01:07:52,834 - utils_logger - INFO: Сформирован список трназакций за указанный период
2025-11-07 01:07:52,834 - utils_logger - INFO: Сформирован список трназакций за указанный период
2025-11-07 01:07:52,834 - utils_logger - INFO: Сформирован список трназакций за указанный период
2025-11-07 01:07:52,834 - utils_logger - INFO: Сформирован список трназакций за указанный период
2025-11-07 01:07:52,834 - utils_logger - INFO: Сформирован список трназакций за указанный период
2025-11-07 01:07:52,834 - utils_logger - INFO: Сформирован список трназакций за указанный период
2025-11-07 01:07:52,834 - utils_logger - INFO: Сформирован список трназакций за указанный период
2025-11-07 01:07:52,834 - utils_logger - INFO: Сформирован список трназакций за указанный период
2025-11-07 01:07:52,834 - utils_logger - INFO: Сформирован список трназакций за указанный период
2025-11-07 01:07:52,834 - utils_logger - INFO: Сформирован список трназакций за указанный период
2025-11-07 01:07:52,834 - utils_logger - INFO: Сформирован список трназакций за указанный период
2025-11-07 01:07:52,834 - utils_logger - INFO: Сформирован список трназакций за указанный период
2025-11-07 01:07:52,834 - utils_logger - INFO: Сформирован список трназакций за указанный период
2025-11-07 01:07:52,835 - utils_logger - INFO: Сформирован список трназакций за указанный период
2025-11-07 01:07:52,835 - utils_logger - INFO: Сформирован список трназакций за указанный период
2025-11-07 01:07:52,835 - utils_logger - INFO: Сформирован список трназакций за указанный период
2025-11-07 01:07:52,835 - utils_logger - INFO: Сформирован список трназакций за указанный период
2025-11-07 01:07:52,835 - utils_logger - INFO: Сформирован список трназакций за указанный период
2025-11-07 01:07:52,835 - utils_logger - INFO: Сформирован список трназакций за указанный период
2025-11-07 01:07:52,835 - utils_logger - INFO: Сформирован список трназакций за указанный период
2025-11-07 01:07:52,835 - utils_logger - INFO: Сформирован список трназакций за указанный период
2025-11-07 01:07:52,835 - utils_logger - INFO: Сформирован список трназакций за указанный период
2025-11-07 01:07:52,835 - utils_logger - INFO: Сформирован список трназакций за указанный период
2025-11-07 01:07:52,835 - utils_logger - INFO: Сформирован список трназакций за указанный период
2025-11-07 01:07:52,835 - utils_logger - INFO: Сформирован список трназакций за указанный период
2025-11-07 01:07:52,835 - utils_logger - INFO: Сформирован список трназакций за указанный период
2025-11-07 01:07:52,835 - utils_logger - INFO: Сформирован список трназакций за указанный период
2025-11-07 01:07:52,835 - utils_logger - INFO: Сформирован список трназакций за указанный период
2025-11-07 01:07:52,835 - utils_logger - INFO: Сформирован список трназакций за указанный период
2025-11-07 01:07:52,835 - utils_logger - INFO: Сформирован список трназакций за указанный период
2025-11-07 01:07:52,835 - utils_logger - INFO: Сформирован список трназакций за указанный период
2025-11-07 01:07:52,835 - utils_logger - INFO: Сформирован список трназакций за указанный период
2025-11-07 01:07:52,835 - utils_logger - INFO: Сформирован список трназакций за указанный период
2025-11-07 01:07:52,835 - utils_logger - INFO: Сформирован список трназакций за указанный период
2025-11-07 01:07:52,835 - utils_logger - INFO: Сформирован список трназакций за указанный период
2025-11-07 01:07:52,835 - utils_logger - INFO: Сформирован список трназакций за указанный период
2025-11-07 01:07:52,836 - utils_logger - INFO: Сформирован список трназакций за указанный период
2025-11-07 01:07:52,836 - utils_logger - INFO: Сформирован список трназакций за указанный период
2025-11-07 01:07:52,836 - utils_logger - INFO: Сформирован список трназакций за указанный период
2025-11-07 01:07:52,836 - utils_logger - INFO: Сформирован список трназакций за указанный период
2025-11-07 01:07:52,836 - utils_logger - INFO: Сформирован список трназакций за указанный период
2025-11-07 01:07:52,836 - utils_logger - INFO: Сформирован список трназакций за указанный период
2025-11-07 01:07:52,836 - utils_logger - INFO: Сформирован список трназакций за указанный период
2025-11-07 01:07:52,836 - utils_logger - INFO: Сформирован список трназакций за указанный период
2025-11-07 01:07:52,836 - utils_logger - INFO: Сформирован список трназакций за указанный период
2025-11-07 01:07:52,836 - utils_logger - INFO: Сформирован список трназакций за указанный период
2025-11-07 01:07:52,836 - utils_logger - INFO: Сформирован список трназакций за указанный период
2025-11-07 01:07:52,836 - utils_logger - INFO: Сформирован список трназакций за указанный период
2025-11-07 01:07:52,836 - utils_logger - INFO: Сформирован список трназакций за указанный период
2025-11-07 01:07:52,836 - utils_logger - INFO: Сформирован список трназакций за указанный период
2025-11-07 01:07:52,836 - utils_logger - INFO: Сформирован список трназакций за указанный период
2025-11-07 01:07:52,836 - utils_logger - INFO: Сформирован список трназакций за указанный период
2025-11-07 01:07:52,836 - utils_logger - INFO: Сформирован список трназакций за указанный период
2025-11-07 01:07:52,836 - utils_logger - INFO: Сформирован список трназакций за указанный период
2025-11-07 01:07:52,836 - utils_logger - INFO: Сформирован список трназакций за указанный период
2025-11-07 01:07:52,836 - utils_logger - INFO: Сформирован список трназакций за указанный период
2025-11-07 01:07:52,836 - utils_logger - INFO: Сформирован список трназакций за указанный период
2025-11-07 01:07:52,836 - utils_logger - INFO: Сформирован список трназакций за указанный период
2025-11-07 01:07:52,837 - utils_logger - INFO: Сформирован список трназакций за указанный период
2025-11-07 01:07:52,837 - utils_logger - INFO: Сформирован список трназакций за указанный период
2025-11-07 01:07:52,837 - utils_logger - INFO: Сформирован список трназакций за указанный период
2025-11-07 01:07:52,837 - utils_logger - INFO: Сформирован список трназакций за указанный период
2025-11-07 01:07:52,837 - utils_logger - INFO: Сформирован список трназакций за указанный период
2025-11-07 01:07:52,837 - utils_logger - INFO: Сформирован список трназакций за указанный период
2025-11-07 01:07:52,837 - utils_logger - INFO: Сформирован список трназакций за указанный период
2025-11-07 01:07:52,837 - utils_logger - INFO: Сформирован список трназакций за указанный период
2025-11-07 01:07:52,837 - utils_logger - INFO: Сформирован список трназакций за указанный период
2025-11-07 01:07:52,837 - utils_logger - INFO: Сформирован список трназакций за указанный период
2025-11-07 01:07:52,837 - utils_logger - INFO: Сформирован список трназакций за указанный период
2025-11-07 01:07:52,837 - utils_logger - INFO: Сформирован список трназакций за указанный период
2025-11-07 01:07:52,837 - utils_logger - INFO: Сформирован список трназакций за указанный период
2025-11-07 01:07:52,837 - utils_logger - INFO: Сформирован список трназакций за указанный период
2025-11-07 01:07:52,837 - utils_logger - INFO: Сформирован список трназакций за указанный период
2025-11-07 01:07:52,837 - utils_logger - INFO: Сформирован список трназакций за указанный период
2025-11-07 01:07:52,837 - utils_logger - INFO: Сформирован список трназакций за указанный период
2025-11-07 01:07:52,837 - utils_logger - INFO: Сформирован список трназакций за указанный период
2025-11-07 01:07:52,837 - utils_logger - INFO: Сформирован список трназакций за указанный период
2025-11-07 01:07:52,837 - utils_logger - INFO: Сформирован список трназакций за указанный период
2025-11-07 01:07:52,837 - utils_logger - INFO: Сформирован список трназакций за указанный период
2025-11-07 01:07:52,837 - utils_logger - INFO: Сформирован список трназакций за указанный период
2025-11-07 01:07:52,838 - utils_logger - INFO: Сформирован список трназакций за указанный период
2025-11-07 01:07:52,838 - utils_logger - INFO: Сформирован список трназакций за указанный период
2025-11-07 01:07:52,838 - utils_logger - INFO: Сформирован список трназакций за указанный период
2025-11-07 01:07:52,838 - utils_logger - INFO: Сформирован список трназакций за указанный период
2025-11-07 01:07:52,838 - utils_logger - INFO: Сформирован список трназакций за указанный период
2025-11-07 01:07:52,838 - utils_logger - INFO: Сформирован список трназакций за указанный период
2025-11-07 01:07:52,838 - utils_logger - INFO: Сформирован список трназакций за указанный период
2025-11-07 01:07:52,838 - utils_logger - INFO: Сформирован список трназакций за указанный период
2025-11-07 01:07:52,838 - utils_logger - INFO: Сформирован список трназакций за указанный период
2025-11-07 01:07:52,838 - utils_logger - INFO: Сформирован список трназакций за указанный период
2025-11-07 01:07:52,838 - utils_logger - INFO: Сформирован список трназакций за указанный период
2025-11-07 01:07:52,838 - utils_logger - INFO: Сформирован список трназакций за указанный период
2025-11-07 01:07:52,838 - utils_logger - INFO: Сформирован список трназакций за указанный период
2025-11-07 01:07:52,838 - utils_logger - INFO: Сформирован список трназакций за указанный период
2025-11-07 01:07:52,838 - utils_logger - INFO: Сформирован список трназакций за указанный период
2025-11-07 01:07:52,838 - utils_logger - INFO: Сформирован список трназакций за указанный период
2025-11-07 01:07:52,838 - utils_logger - INFO: Сформирован список трназакций за указанный период
2025-11-07 01:07:52,838 - utils_logger - INFO: Сформирован список трназакций за указанный период
2025-11-07 01:07:52,838 - utils_logger - INFO: Сформирован список трназакций за указанный период
2025-11-07 01:07:52,838 - utils_logger - INFO: Сформирован список трназакций за указанный период
2025-11-07 01:07:52,838 - utils_logger - INFO: Сформирован список трназакций за указанный период
2025-11-07 01:07:52,838 - utils_logger - INFO: Сформирован список трназакций за указанный период
2025-11-07 01:07:52,839 - utils_logger - INFO: Сформирован список трназакций за указанный период
2025-11-07 01:07:52,839 - utils_logger - INFO: Сформирован список трназакций за указанный период
2025-11-07 01:07:52,839 - utils_logger - INFO: Сформирован список трназакций за указанный период
2025-11-07 01:07:52,839 - utils_logger - INFO: Сформирован список трназакций за указанный период
2025-11-07 01:07:52,839 - utils_logger - INFO: Сформирован список трназакций за указанный период
2025-11-07 01:07:52,839 - utils_logger - INFO: Сформирован список трназакций за указанный период
2025-11-07 01:07:52,839 - utils_logger - INFO: Сформирован список трназакций за указанный период
2025-11-07 01:07:52,839 - utils_logger - INFO: Сформирован список трназакций за указанный период
2025-11-07 01:07:52,839 - utils_logger - INFO: Сформирован список трназакций за указанный период
2025-11-07 01:07:52,839 - utils_logger - INFO: Сформирован список трназакций за указанный период
2025-11-07 01:07:52,839 - utils_logger - INFO: Сформирован список трназакций за указанный период
2025-11-07 01:07:52,839 - utils_logger - INFO: Сформирован список трназакций за указанный период
2025-11-07 01:07:52,839 - utils_logger - INFO: Сформирован список трназакций за указанный период
2025-11-07 01:07:52,839 - utils_logger - INFO: Сформирован список трназакций за указанный период
2025-11-07 01:07:52,839 - utils_logger - INFO: Сформирован список трназакций за указанный период
2025-11-07 01:07:52,839 - utils_logger - INFO: Сформирован список трназакций за указанный период
2025-11-07 01:07:52,839 - utils_logger - INFO: Сформирован список трназакций за указанный период
2025-11-07 01:07:52,839 - utils_logger - INFO: Сформирован список трназакций за указанный период
2025-11-07 01:07:52,839 - utils_logger - INFO: Сформирован список трназакций за указанный период
2025-11-07 01:07:52,839 - utils_logger - INFO: Сформирован список трназакций за указанный период
2025-11-07 01:07:52,840 - utils_logger - INFO: Сформирован список трназакций за указанный период
2025-11-07 01:07:52,840 - utils_logger - INFO: Сформирован список трназакций за указанный период
2025-11-07 01:07:52,840 - utils_logger - INFO: Сформирован список трназакций за указанный период
2025-11-07 01:07:52,840 - utils_logger - INFO: Сформирован список трназакций за указанный период
2025-11-07 01:07:52,840 - utils_logger - INFO: Сформирован список трназакций за указанный период
2025-11-07 01:07:52,840 - utils_logger - INFO: Сформирован список трназакций за указанный период
2025-11-07 01:07:52,840 - utils_logger - INFO: Сформирован список трназакций за указанный период
2025-11-07 01:07:52,840 - utils_logger - INFO: Сформирован список трназакций за указанный период
2025-11-07 01:07:52,840 - utils_logger - INFO: Сформирован список трназакций за указанный период
2025-11-07 01:07:52,840 - utils_logger - INFO: Сформирован список трназакций за указанный период
2025-11-07 01:07:52,840 - utils_logger - INFO: Сформирован список трназакций за указанный период
2025-11-07 01:07:52,840 - utils_logger - INFO: Сформирован список трназакций за указанный период
2025-11-07 01:07:52,840 - utils_logger - INFO: Сформирован список трназакций за указанный период
2025-11-07 01:07:52,840 - utils_logger - INFO: Сформирован список трназакций за указанный период
2025-11-07 01:07:52,840 - utils_logger - INFO: Сформирован список трназакций за указанный период
2025-11-07 01:07:52,840 - utils_logger - INFO: Сформирован список трназакций за указанный период
2025-11-07 01:07:52,840 - utils_logger - INFO: Сформирован список трназакций за указанный период
2025-11-07 01:07:52,840 - utils_logger - INFO: Сформирован список трназакций за указанный период
2025-11-07 01:07:52,840 - utils_logger - INFO: Сформирован список трназакций за указанный период
2025-11-07 01:07:52,840 - utils_logger - INFO: Сформирован список трназакций за указанный период
2025-11-07 01:07:52,840 - utils_logger - INFO: Сформирован список трназакций за указанный период
2025-11-07 01:07:52,840 - utils_logger - INFO: Сформирован список трназакций за указанный период
2025-11-07 01:07:52,840 - utils_logger - INFO: Сформирован список трназакций за указанный период
2025-11-07 01:07:52,841 - utils_logger - INFO: Сформирован список трназакций за указанный период
2025-11-07 01:07:52,841 - utils_logger - INFO: Сформирован список трназакций за указанный период
2025-11-07 01:07:52,841 - utils_logger - INFO: Сформирован список трназакций за указанный период
2025-11-07 01:07:52,841 - utils_logger - INFO: Сформирован список трназакций за указанный период
2025-11-07 01:07:52,841 - utils_logger - INFO: Сформирован список трназакций за указанный период
2025-11-07 01:07:52,841 - utils_logger - INFO: Сформирован список трназакций за указанный период
2025-11-07 01:07:52,841 - utils_logger - INFO: Сформирован список трназакций за указанный период
2025-11-07 01:07:52,841 - utils_logger - INFO: Сформирован список трназакций за указанный период
2025-11-07 01:07:52,841 - utils_logger - INFO: Сформирован список трназакций за указанный период
2025-11-07 01:07:52,841 - utils_logger - INFO: Сформирован список трназакций за указанный период
2025-11-07 01:07:52,841 - utils_logger - INFO: Сформирован список трназакций за указанный период
2025-11-07 01:07:52,841 - utils_logger - INFO: Сформирован список трназакций за указанный период
2025-11-07 01:07:52,841 - utils_logger - INFO: Сформирован список трназакций за указанный период
2025-11-07 01:07:52,841 - utils_logger - INFO: Сформирован список трназакций за указанный период
2025-11-07 01:07:52,841 - utils_logger - INFO: Сформирован список трназакций за указанный период
2025-11-07 01:07:52,841 - utils_logger - INFO: Сформирован список трназакций за указанный период
2025-11-07 01:07:52,841 - utils_logger - INFO: Сформирован список трназакций за указанный период
2025-11-07 01:07:52,841 - utils_logger - INFO: Сформирован список трназакций за указанный период
2025-11-07 01:07:52,841 - utils_logger - INFO: Сформирован список трназакций за указанный период
2025-11-07 01:07:52,841 - utils_logger - INFO: Сформирован список трназакций за указанный период
2025-11-07 01:07:52,841 - utils_logger - INFO: Сформирован список трназакций за указанный период
2025-11-07 01:07:52,841 - utils_logger - INFO: Сформирован список трназакций за указанный период
2025-11-07 01:07:52,842 - utils_logger - INFO: Сформирован список трназакций за указанный период
2025-11-07 01:07:52,842 - utils_logger - INFO: Сформирован список трназакций за указанный период
2025-11-07 01:07:52,842 - utils_logger - INFO: Сформирован список трназакций за указанный период
2025-11-07 01:07:52,842 - utils_logger - INFO: Сформирован список трназакций за указанный период
2025-11-07 01:07:52,842 - utils_logger - INFO: Сформирован список трназакций за указанный период
2025-11-07 01:07:52,842 - utils_logger - INFO: Сформирован список трназакций за указанный период
2025-11-07 01:07:52,842 - utils_logger - INFO: Сформирован список трназакций за указанный период
2025-11-07 01:07:52,842 - utils_logger - INFO: Сформирован список трназакций за указанный период
2025-11-07 01:07:52,842 - utils_logger - INFO: Сформирован список трназакций за указанный период
2025-11-07 01:07:52,842 - utils_logger - INFO: Сформирован список трназакций за указанный период
2025-11-07 01:07:52,842 - utils_logger - INFO: Сформирован список трназакций за указанный период
2025-11-07 01:07:52,842 - utils_logger - INFO: Сформирован список трназакций за указанный период
2025-11-07 01:07:52,842 - utils_logger - INFO: Сформирован список трназакций за указанный период
2025-11-07 01:07:52,842 - utils_logger - INFO: Сформирован список трназакций за указанный период
2025-11-07 01:07:52,842 - utils_logger - INFO: Сформирован список трназакций за указанный период
2025-11-07 01:07:52,842 - utils_logger - INFO: Сформирован список трназакций за указанный период
2025-11-07 01:07:52,842 - utils_logger - INFO: Сформирован список трназакций за указанный период
2025-11-07 01:07:52,842 - utils_logger - INFO: Сформирован список трназакций за указанный период
2025-11-07 01:07:52,842 - utils_logger - INFO: Сформирован список трназакций за указанный период
2025-11-07 01:07:52,842 - utils_logger - INFO: Сформирован список трназакций за указанный период
2025-11-07 01:07:52,842 - utils_logger - INFO: Сформирован список трназакций за указанный период
2025-11-07 01:07:52,843 - utils_logger - INFO: Сформирован список трназакций за указанный период
2025-11-07 01:07:52,843 - utils_logger - INFO: Сформирован список трназакций за указанный период
2025-11-07 01:07:52,843 - utils_logger - INFO: Сформирован список трназакций за указанный период
2025-11-07 01:07:52,843 - utils_logger - INFO: Сформирован список трназакций за указанный период
2025-11-07 01:07:52,843 - utils_logger - INFO: Сформирован список трназакций за указанный период
2025-11-07 01:07:52,843 - utils_logger - INFO: Сформирован список трназакций за указанный период
2025-11-07 01:07:52,843 - utils_logger - INFO: Сформирован список трназакций за указанный период
2025-11-07 01:07:52,843 - utils_logger - INFO: Сформирован список трназакций за указанный период
2025-11-07 01:07:52,843 - utils_logger - INFO: Сформирован список трназакций за указанный период
2025-11-07 01:07:52,843 - utils_logger - INFO: Сформирован список трназакций за указанный период
2025-11-07 01:07:52,843 - utils_logger - INFO: Сформирован список трназакций за указанный период
2025-11-07 01:07:52,843 - utils_logger - INFO: Сформирован список трназакций за указанный период
2025-11-07 01:07:52,843 - utils_logger - INFO: Сформирован список трназакций за указанный период
2025-11-07 01:07:52,843 - utils_logger - INFO: Сформирован список трназакций за указанный период
2025-11-07 01:07:52,843 - utils_logger - INFO: Сформирован список трназакций за указанный период
2025-11-07 01:07:52,843 - utils_logger - INFO: Сформирован список трназакций за указанный период
2025-11-07 01:07:52,843 - utils_logger - INFO: Сформирован список трназакций за указанный период
2025-11-07 01:07:52,843 - utils_logger - INFO: Сформирован список трназакций за указанный период
2025-11-07 01:07:52,843 - utils_logger - INFO: Сформирован список трназакций за указанный период
2025-11-07 01:07:52,843 - utils_logger - INFO: Сформирован список трназакций за указанный период
2025-11-07 01:07:52,844 - utils_logger - INFO: Сформирован список трназакций за указанный период
2025-11-07 01:07:52,844 - utils_logger - INFO: Сформирован список трназакций за указанный период
2025-11-07 01:07:52,844 - utils_logger - INFO: Сформирован список трназакций за указанный период
2025-11-07 01:07:52,844 - utils_logger - INFO: Сформирован список трназакций за указанный период
2025-11-07 01:07:52,844 - utils_logger - INFO: Сформирован список трназакций за указанный период
2025-11-07 01:07:52,844 - utils_logger - INFO: Сформирован список трназакций за указанный период
2025-11-07 01:07:52,844 - utils_logger - INFO: Сформирован список трназакций за указанный период
2025-11-07 01:07:52,844 - utils_logger - INFO: Сформирован список трназакций за указанный период
2025-11-07 01:07:52,844 - utils_logger - INFO: Сформирован список трназакций за указанный период
2025-11-07 01:07:52,844 - utils_logger - INFO: Сформирован список трназакций за указанный период
2025-11-07 01:07:52,844 - utils_logger - INFO: Сформирован список трназакций за указанный период
2025-11-07 01:07:52,844 - utils_logger - INFO: Сформирован список трназакций за указанный период
2025-11-07 01:07:52,844 - utils_logger - INFO: Сформирован список трназакций за указанный период
2025-11-07 01:07:52,844 - utils_logger - INFO: Сформирован список трназакций за указанный период
2025-11-07 01:07:52,844 - utils_logger - INFO: Сформирован список трназакций за указанный период
2025-11-07 01:07:52,844 - utils_logger - INFO: Сформирован список трназакций за указанный период
2025-11-07 01:07:52,844 - utils_logger - INFO: Сформирован список трназакций за указанный период
2025-11-07 01:07:52,844 - utils_logger - INFO: Сформирован список трназакций за указанный период
2025-11-07 01:07:52,844 - utils_logger - INFO: Сформирован список трназакций за указанный период
2025-11-07 01:07:52,844 - utils_logger - INFO: Сформирован список трназакций за указанный период
2025-11-07 01:07:52,845 - utils_logger - INFO: Сформирован список трназакций за указанный период
2025-11-07 01:07:52,845 - utils_logger - INFO: Сформирован список трназакций за указанный период
2025-11-07 01:07:52,845 - utils_logger - INFO: Сформирован список трназакций за указанный период
2025-11-07 01:07:52,845 - utils_logger - INFO: Сформирован список трназакций за указанный период
2025-11-07 01:07:52,845 - utils_logger - INFO: Сформирован список трназакций за указанный период
2025-11-07 01:07:52,845 - utils_logger - INFO: Сформирован список трназакций за указанный период
2025-11-07 01:07:52,845 - utils_logger - INFO: Сформирован список трназакций за указанный период
2025-11-07 01:07:52,845 - utils_logger - INFO: Сформирован список трназакций за указанный период
2025-11-07 01:07:52,845 - utils_logger - INFO: Сформирован список трназакций за указанный период
2025-11-07 01:07:52,845 - utils_logger - INFO: Сформирован список трназакций за указанный период
2025-11-07 01:07:52,845 - utils_logger - INFO: Сформирован список трназакций за указанный период
2025-11-07 01:07:52,845 - utils_logger - INFO: Сформирован список трназакций за указанный период
2025-11-07 01:07:52,845 - utils_logger - INFO: Сформирован список трназакций за указанный период
2025-11-07 01:07:52,845 - utils_logger - INFO: Сформирован список трназакций за указанный период
2025-11-07 01:07:52,845 - utils_logger - INFO: Сформирован список трназакций за указанный период
2025-11-07 01:07:52,845 - utils_logger - INFO: Сформирован список трназакций за указанный период
2025-11-07 01:07:52,845 - utils_logger - INFO: Сформирован список трназакций за указанный период
2025-11-07 01:07:52,845 - utils_logger - INFO: Сформирован список трназакций за указанный период
2025-11-07 01:07:52,845 - utils_logger - INFO: Сформирован список трназакций за указанный период
2025-11-07 01:07:52,845 - utils_logger - INFO: Сформирован список трназакций за указанный период
2025-11-07 01:07:52,845 - utils_logger - INFO: Сформирован список трназакций за указанный период
2025-11-07 01:07:52,846 - utils_logger - INFO: Сформирован список трназакций за указанный период
2025-11-07 01:07:52,846 - utils_logger - INFO: Сформирован список трназакций за указанный период
2025-11-07 01:07:52,846 - utils_logger - INFO: Сформирован список трназакций за указанный период
2025-11-07 01:07:52,846 - utils_logger - INFO: Сформирован список трназакций за указанный период
2025-11-07 01:07:52,846 - utils_logger - INFO: Сформирован список трназакций за указанный период
2025-11-07 01:07:52,846 - utils_logger - INFO: Сформирован список трназакций за указанный период
2025-11-07 01:07:52,846 - utils_logger - INFO: Сформирован список трназакций за указанный период
2025-11-07 01:07:52,846 - utils_logger - INFO: Сформирован список трназакций за указанный период
2025-11-07 01:07:52,846 - utils_logger - INFO: Сформирован список трназакций за указанный период
2025-11-07 01:07:52,846 - utils_logger - INFO: Сформирован список трназакций за указанный период
2025-11-07 01:07:52,846 - utils_logger - INFO: Сформирован список трназакций за указанный период
2025-11-07 01:07:52,846 - utils_logger - INFO: Сформирован список трназакций за указанный период
2025-11-07 01:07:52,846 - utils_logger - INFO: Сформирован список трназакций за указанный период
2025-11-07 01:07:52,846 - utils_logger - INFO: Сформирован список трназакций за указанный период
2025-11-07 01:07:52,846 - utils_logger - INFO: Сформирован список трназакций за указанный период
2025-11-07 01:07:52,846 - utils_logger - INFO: Сформирован список трназакций за указанный период
2025-11-07 01:07:52,847 - utils_logger - INFO: Сформирован список трназакций за указанный период
2025-11-07 01:07:52,847 - utils_logger - INFO: Сформирован список трназакций за указанный период
2025-11-07 01:07:52,847 - utils_logger - INFO: Сформирован список трназакций за указанный период
2025-11-07 01:07:52,847 - utils_logger - INFO: Сформирован список трназакций за указанный период
2025-11-07 01:07:52,847 - utils_logger - INFO: Сформирован список трназакций за указанный период
2025-11-07 01:07:52,847 - utils_logger - INFO: Сформирован список трназакций за указанный период
2025-11-07 01:07:52,847 - utils_logger - INFO: Сформирован список трназакций за указанный период
2025-11-07 01:07:52,847 - utils_logger - INFO: Сформирован список трназакций за указанный период
2025-11-07 01:07:52,847 - utils_logger - INFO: Сформирован список трназакций за указанный период
2025-11-07 01:07:52,847 - utils_logger - INFO: Сформирован список трназакций за указанный период
2025-11-07 01:07:52,847 - utils_logger - INFO: Сформирован список трназакций за указанный период
2025-11-07 01:07:52,847 - utils_logger - INFO: Сформирован список трназакций за указанный период
2025-11-07 01:07:52,847 - utils_logger - INFO: Сформирован список трназакций за указанный период
2025-11-07 01:07:52,847 - utils_logger - INFO: Сформирован список трназакций за указанный период
2025-11-07 01:07:52,847 - utils_logger - INFO: Сформирован список трназакций за указанный период
2025-11-07 01:07:52,847 - utils_logger - INFO: Сформирован список трназакций за указанный период
2025-11-07 01:07:52,847 - utils_logger - INFO: Сформирован список трназакций за указанный период
2025-11-07 01:07:52,847 - utils_logger - INFO: Сформирован список трназакций за указанный период
2025-11-07 01:07:52,847 - utils_logger - INFO: Сформирован список трназакций за указанный период
2025-11-07 01:07:52,847 - utils_logger - INFO: Сформирован список трназакций за указанный период
2025-11-07 01:07:52,847 - utils_logger - INFO: Сформирован список трназакций за указанный период
2025-11-07 01:07:52,847 - utils_logger - INFO: Сформирован список трназакций за указанный период
2025-11-07 01:07:52,848 - utils_logger - INFO: Сформирован список трназакций за указанный период
2025-11-07 01:07:52,848 - utils_logger - INFO: Сформирован список трназакций за указанный период
2025-11-07 01:07:52,848 - utils_logger - INFO: Сформирован список трназакций за указанный период
2025-11-07 01:07:52,848 - utils_logger - INFO: Сформирован список трназакций за указанный период
2025-11-07 01:07:52,848 - utils_logger - INFO: Сформирован список трназакций за указанный период
2025-11-07 01:07:52,848 - utils_logger - INFO: Сформирован список трназакций за указанный период
2025-11-07 01:07:52,848 - utils_logger - INFO: Сформирован список трназакций за указанный период
2025-11-07 01:07:52,848 - utils_logger - INFO: Сформирован список трназакций за указанный период
2025-11-07 01:07:52,848 - utils_logger - INFO: Сформирован список трназакций за указанный период
2025-11-07 01:07:52,848 - utils_logger - INFO: Сформирован список трназакций за указанный период
2025-11-07 01:07:52,848 - utils_logger - INFO: Сформирован список трназакций за указанный период
2025-11-07 01:07:52,848 - utils_logger - INFO: Сформирован список трназакций за указанный период
2025-11-07 01:07:52,848 - utils_logger - INFO: Сформирован список трназакций за указанный период
2025-11-07 01:07:52,848 - utils_logger - INFO: Сформирован список трназакций за указанный период
2025-11-07 01:07:52,848 - utils_logger - INFO: Сформирован список трназакций за указанный период
2025-11-07 01:07:52,848 - utils_logger - INFO: Сформирован список трназакций за указанный период
2025-11-07 01:07:52,848 - utils_logger - INFO: Сформирован список трназакций за указанный период
2025-11-07 01:07:52,848 - utils_logger - INFO: Сформирован список трназакций за указанный период
2025-11-07 01:07:52,849 - utils_logger - INFO: Сформирован список трназакций за указанный период
2025-11-07 01:07:52,849 - utils_logger - INFO: Сформирован список трназакций за указанный период
2025-11-07 01:07:52,849 - utils_logger - INFO: Сформирован список трназакций за указанный период
2025-11-07 01:07:52,849 - utils_logger - INFO: Сформирован список трназакций за указанный период
2025-11-07 01:07:52,849 - utils_logger - INFO: Сформирован список трназакций за указанный период
2025-11-07 01:07:52,849 - utils_logger - INFO: Сформирован список трназакций за указанный период
2025-11-07 01:07:52,849 - utils_logger - INFO: Сформирован список трназакций за указанный период
2025-11-07 01:07:52,849 - utils_logger - INFO: Сформирован список трназакций за указанный период
2025-11-07 01:07:52,849 - utils_logger - INFO: Сформирован список трназакций за указанный период
2025-11-07 01:07:52,849 - utils_logger - INFO: Сформирован список трназакций за указанный период
2025-11-07 01:07:52,849 - utils_logger - INFO: Сформирован список трназакций за указанный период
2025-11-07 01:07:52,849 - utils_logger - INFO: Сформирован список трназакций за указанный период
2025-11-07 01:07:52,849 - utils_logger - INFO: Сформирован список трназакций за указанный период
2025-11-07 01:07:52,849 - utils_logger - INFO: Сформирован список трназакций за указанный период
2025-11-07 01:07:52,849 - utils_logger - INFO: Сформирован список трназакций за указанный период
2025-11-07 01:07:52,849 - utils_logger - INFO: Сформирован список трназакций за указанный период
2025-11-07 01:07:52,849 - utils_logger - INFO: Сформирован список трназакций за указанный период
2025-11-07 01:07:52,849 - utils_logger - INFO: Сформирован список трназакций за указанный период
2025-11-07 01:07:52,849 - utils_logger - INFO: Сформирован список трназакций за указанный период
2025-11-07 01:07:52,849 - utils_logger - INFO: Сформирован список трназакций за указанный период
2025-11-07 01:07:52,849 - utils_logger - INFO: Сформирован список трназакций за указанный период
2025-11-07 01:07:52,849 - utils_logger - INFO: Сформирован список трназакций за указанный период
2025-11-07 01:07:52,850 - utils_logger - INFO: Сформирован список трназакций за указанный период
2025-11-07 01:07:52,850 - utils_logger - INFO: Сформирован список трназакций за указанный период
2025-11-07 01:07:52,850 - utils_logger - INFO: Сформирован список трназакций за указанный период
2025-11-07 01:07:52,850 - utils_logger - INFO: Сформирован список трназакций за указанный период
2025-11-07 01:07:52,850 - utils_logger - INFO: Сформирован список трназакций за указанный период
2025-11-07 01:07:52,850 - utils_logger - INFO: Сформирован список трназакций за указанный период
2025-11-07 01:07:52,850 - utils_logger - INFO: Сформирован список трназакций за указанный период
2025-11-07 01:07:52,850 - utils_logger - INFO: Сформирован список трназакций за указанный период
2025-11-07 01:07:52,850 - utils_logger - INFO: Сформирован список трназакций за указанный период
2025-11-07 01:07:52,850 - utils_logger - INFO: Сформирован список трназакций за указанный период
2025-11-07 01:07:52,850 - utils_logger - INFO: Сформирован список трназакций за указанный период
2025-11-07 01:07:52,850 - utils_logger - INFO: Сформирован список трназакций за указанный период
2025-11-07 01:07:52,850 - utils_logger - INFO: Сформирован список трназакций за указанный период
2025-11-07 01:07:52,850 - utils_logger - INFO: Сформирован список трназакций за указанный период
2025-11-07 01:07:52,850 - utils_logger - INFO: Сформирован список трназакций за указанный период
2025-11-07 01:07:52,850 - utils_logger - INFO: Сформирован список трназакций за указанный период
2025-11-07 01:07:52,850 - utils_logger - INFO: Сформирован список трназакций за указанный период
2025-11-07 01:07:52,850 - utils_logger - INFO: Сформирован список трназакций за указанный период
2025-11-07 01:07:52,850 - utils_logger - INFO: Сформирован список трназакций за указанный период
2025-11-07 01:07:52,850 - utils_logger - INFO: Сформирован список трназакций за указанный период
2025-11-07 01:07:52,850 - utils_logger - INFO: Сформирован список трназакций за указанный период
2025-11-07 01:07:52,851 - utils_logger - INFO: Сформирован список трназакций за указанный период
2025-11-07 01:07:52,851 - utils_logger - INFO: Сформирован список трназакций за указанный период
2025-11-07 01:07:52,851 - utils_logger - INFO: Сформирован список трназакций за указанный период
2025-11-07 01:07:52,851 - utils_logger - INFO: Сформирован список трназакций за указанный период
2025-11-07 01:07:52,851 - utils_logger - INFO: Сформирован список трназакций за указанный период
2025-11-07 01:07:52,851 - utils_logger - INFO: Сформирован список трназакций за указанный период
2025-11-07 01:07:52,851 - utils_logger - INFO: Сформирован список трназакций за указанный период
2025-11-07 01:07:52,851 - utils_logger - INFO: Сформирован список трназакций за указанный период
2025-11-07 01:07:52,851 - utils_logger - INFO: Сформирован список трназакций за указанный период
2025-11-07 01:07:52,851 - utils_logger - INFO: Сформирован список трназакций за указанный период
2025-11-07 01:07:52,851 - utils_logger - INFO: Сформирован список трназакций за указанный период
2025-11-07 01:07:52,851 - utils_logger - INFO: Сформирован список трназакций за указанный период
2025-11-07 01:07:52,851 - utils_logger - INFO: Сформирован список трназакций за указанный период
2025-11-07 01:07:52,851 - utils_logger - INFO: Сформирован список трназакций за указанный период
2025-11-07 01:07:52,851 - utils_logger - INFO: Сформирован список трназакций за указанный период
2025-11-07 01:07:52,851 - utils_logger - INFO: Сформирован список трназакций за указанный период
2025-11-07 01:07:52,851 - utils_logger - INFO: Сформирован список трназакций за указанный период
2025-11-07 01:07:52,851 - utils_logger - INFO: Сформирован список трназакций за указанный период
2025-11-07 01:07:52,851 - utils_logger - INFO: Сформирован список трназакций за указанный период
2025-11-07 01:07:52,851 - utils_logger - INFO: Сформирован список трназакций за указанный период
2025-11-07 01:07:52,851 - utils_logger - INFO: Сформирован список трназакций за указанный период
2025-11-07 01:07:52,851 - utils_logger - INFO: Сформирован список трназакций за указанный период
2025-11-07 01:07:52,851 - utils_logger - INFO: Сформирован список трназакций за указанный период
2025-11-07 01:07:52,852 - utils_logger - INFO: Сформирован список трназакций за указанный период
2025-11-07 01:07:52,852 - utils_logger - INFO: Сформирован список трназакций за указанный период
2025-11-07 01:07:52,852 - utils_logger - INFO: Сформирован список трназакций за указанный период
2025-11-07 01:07:52,852 - utils_logger - INFO: Сформирован список трназакций за указанный период
2025-11-07 01:07:52,852 - utils_logger - INFO: Сформирован список трназакций за указанный период
2025-11-07 01:07:52,852 - utils_logger - INFO: Сформирован список трназакций за указанный период
2025-11-07 01:07:52,852 - utils_logger - INFO: Сформирован список трназакций за указанный период
2025-11-07 01:07:52,852 - utils_logger - INFO: Сформирован список трназакций за указанный период
2025-11-07 01:07:52,852 - utils_logger - INFO: Сформирован список трназакций за указанный период
2025-11-07 01:07:52,852 - utils_logger - INFO: Сформирован список трназакций за указанный период
2025-11-07 01:07:52,852 - utils_logger - INFO: Сформирован список трназакций за указанный период
2025-11-07 01:07:52,852 - utils_logger - INFO: Сформирован список трназакций за указанный период
2025-11-07 01:07:52,852 - utils_logger - INFO: Сформирован список трназакций за указанный период
2025-11-07 01:07:52,852 - utils_logger - INFO: Сформирован список трназакций за указанный период
2025-11-07 01:07:52,852 - utils_logger - INFO: Сформирован список трназакций за указанный период
2025-11-07 01:07:52,852 - utils_logger - INFO: Сформирован список трназакций за указанный период
2025-11-07 01:07:52,852 - utils_logger - INFO: Сформирован список трназакций за указанный период
2025-11-07 01:07:52,852 - utils_logger - INFO: Сформирован список трназакций за указанный период
2025-11-07 01:07:52,852 - utils_logger - INFO: Сформирован список трназакций за указанный период
2025-11-07 01:07:52,852 - utils_logger - INFO: Сформирован список трназакций за указанный период
2025-11-07 01:07:52,853 - utils_logger - INFO: Сформирован список трназакций за указанный период
2025-11-07 01:07:52,853 - utils_logger - INFO: Сформирован список трназакций за указанный период
2025-11-07 01:07:52,853 - utils_logger - INFO: Сформирован список трназакций за указанный период
2025-11-07 01:07:52,853 - utils_logger - INFO: Сформирован список трназакций за указанный период
2025-11-07 01:07:52,853 - utils_logger - INFO: Сформирован список трназакций за указанный период
2025-11-07 01:07:52,853 - utils_logger - INFO: Сформирован список трназакций за указанный период
2025-11-07 01:07:52,853 - utils_logger - INFO: Сформирован список трназакций за указанный период
2025-11-07 01:07:52,853 - utils_logger - INFO: Сформирован список трназакций за указанный период
2025-11-07 01:07:52,853 - utils_logger - INFO: Сформирован список трназакций за указанный период
2025-11-07 01:07:52,853 - utils_logger - INFO: Сформирован список трназакций за указанный период
2025-11-07 01:07:52,853 - utils_logger - INFO: Сформирован список трназакций за указанный период
2025-11-07 01:07:52,853 - utils_logger - INFO: Сформирован список трназакций за указанный период
2025-11-07 01:07:52,853 - utils_logger - INFO: Сформирован список трназакций за указанный период
2025-11-07 01:07:52,853 - utils_logger - INFO: Сформирован список трназакций за указанный период
2025-11-07 01:07:52,853 - utils_logger - INFO: Сформирован список трназакций за указанный период
2025-11-07 01:07:52,853 - utils_logger - INFO: Сформирован список трназакций за указанный период
2025-11-07 01:07:52,853 - utils_logger - INFO: Сформирован список трназакций за указанный период
2025-11-07 01:07:52,853 - utils_logger - INFO: Сформирован список трназакций за указанный период
2025-11-07 01:07:52,853 - utils_logger - INFO: Сформирован список трназакций за указанный период
2025-11-07 01:07:52,853 - utils_logger - INFO: Сформирован список трназакций за указанный период
2025-11-07 01:07:52,853 - utils_logger - INFO: Сформирован список трназакций за указанный период
2025-11-07 01:07:52,854 - utils_logger - INFO: Сформирован список трназакций за указанный период
2025-11-07 01:07:52,854 - utils_logger - INFO: Сформирован список трназакций за указанный период
2025-11-07 01:07:52,854 - utils_logger - INFO: Сформирован список трназакций за указанный период
2025-11-07 01:07:52,854 - utils_logger - INFO: Сформирован список трназакций за указанный период
2025-11-07 01:07:52,854 - utils_logger - INFO: Сформирован список трназакций за указанный период
2025-11-07 01:07:52,854 - utils_logger - INFO: Сформирован список трназакций за указанный период
2025-11-07 01:07:52,854 - utils_logger - INFO: Сформирован список трназакций за указанный период
2025-11-07 01:07:52,854 - utils_logger - INFO: Сформирован список трназакций за указанный период
2025-11-07 01:07:52,854 - utils_logger - INFO: Сформирован список трназакций за указанный период
2025-11-07 01:07:52,854 - utils_logger - INFO: Сформирован список трназакций за указанный период
2025-11-07 01:07:52,854 - utils_logger - INFO: Сформирован список трназакций за указанный период
2025-11-07 01:07:52,854 - utils_logger - INFO: Сформирован список трназакций за указанный период
2025-11-07 01:07:52,854 - utils_logger - INFO: Сформирован список трназакций за указанный период
2025-11-07 01:07:52,854 - utils_logger - INFO: Сформирован список трназакций за указанный период
2025-11-07 01:07:52,854 - utils_logger - INFO: Сформирован список трназакций за указанный период
2025-11-07 01:07:52,854 - utils_logger - INFO: Сформирован список трназакций за указанный период
2025-11-07 01:07:52,854 - utils_logger - INFO: Сформирован список трназакций за указанный период
2025-11-07 01:07:52,854 - utils_logger - INFO: Сформирован список трназакций за указанный период
2025-11-07 01:07:52,854 - utils_logger - INFO: Сформирован список трназакций за указанный период
2025-11-07 01:07:52,854 - utils_logger - INFO: Сформирован список трназакций за указанный период
2025-11-07 01:07:52,854 - utils_logger - INFO: Сформирован список трназакций за указанный период
2025-11-07 01:07:52,854 - utils_logger - INFO: Сформирован список трназакций за указанный период
2025-11-07 01:07:52,855 - utils_logger - INFO: Сформирован список трназакций за указанный период
2025-11-07 01:07:52,855 - utils_logger - INFO: Сформирован список трназакций за указанный период
2025-11-07 01:07:52,855 - utils_logger - INFO: Сформирован список трназакций за указанный период
2025-11-07 01:07:52,855 - utils_logger - INFO: Сформирован список трназакций за указанный период
2025-11-07 01:07:52,855 - utils_logger - INFO: Сформирован список трназакций за указанный период
2025-11-07 01:07:52,855 - utils_logger - INFO: Сформирован список трназакций за указанный период
2025-11-07 01:07:52,855 - utils_logger - INFO: Сформирован список трназакций за указанный период
2025-11-07 01:07:52,855 - utils_logger - INFO: Сформирован список трназакций за указанный период
2025-11-07 01:07:52,855 - utils_logger - INFO: Сформирован список трназакций за указанный период
2025-11-07 01:07:52,855 - utils_logger - INFO: Сформирован список трназакций за указанный период
2025-11-07 01:07:52,855 - utils_logger - INFO: Сформирован список трназакций за указанный период
2025-11-07 01:07:52,855 - utils_logger - INFO: Сформирован список трназакций за указанный период
2025-11-07 01:07:52,855 - utils_logger - INFO: Сформирован список трназакций за указанный период
2025-11-07 01:07:52,855 - utils_logger - INFO: Сформирован список трназакций за указанный период
2025-11-07 01:07:52,855 - utils_logger - INFO: Сформирован список трназакций за указанный период
2025-11-07 01:07:52,855 - utils_logger - INFO: Сформирован список трназакций за указанный период
2025-11-07 01:07:52,855 - utils_logger - INFO: Сформирован список трназакций за указанный период
2025-11-07 01:07:52,855 - utils_logger - INFO: Сформирован список трназакций за указанный период
2025-11-07 01:07:52,855 - utils_logger - INFO: Сформирован список трназакций за указанный период
2025-11-07 01:07:52,855 - utils_logger - INFO: Сформирован список трназакций за указанный период
2025-11-07 01:07:52,855 - utils_logger - INFO: Сформирован список трназакций за указанный период
2025-11-07 01:07:52,855 - utils_logger - INFO: Сформирован список трназакций за указанный период
2025-11-07 01:07:52,855 - utils_logger - INFO: Сформирован список трназакций за указанный период
2025-11-07 01:07:52,856 - utils_logger - INFO: Сформирован список трназакций за указанный период
2025-11-07 01:07:52,856 - utils_logger - INFO: Сформирован список трназакций за указанный период
2025-11-07 01:07:52,856 - utils_logger - INFO: Сформирован список трназакций за указанный период
2025-11-07 01:07:52,856 - utils_logger - INFO: Сформирован список трназакций за указанный период
2025-11-07 01:07:52,856 - utils_logger - INFO: Сформирован список трназакций за указанный период
2025-11-07 01:07:52,856 - utils_logger - INFO: Сформирован список трназакций за указанный период
2025-11-07 01:07:52,856 - utils_logger - INFO: Сформирован список трназакций за указанный период
2025-11-07 01:07:52,856 - utils_logger - INFO: Сформирован список трназакций за указанный период
2025-11-07 01:07:52,856 - utils_logger - INFO: Сформирован список трназакций за указанный период
2025-11-07 01:07:52,856 - utils_logger - INFO: Сформирован список трназакций за указанный период
2025-11-07 01:07:52,856 - utils_logger - INFO: Сформирован список трназакций за указанный период
2025-11-07 01:07:52,856 - utils_logger - INFO: Сформирован список трназакций за указанный период
2025-11-07 01:07:52,856 - utils_logger - INFO: Сформирован список трназакций за указанный период
2025-11-07 01:07:52,856 - utils_logger - INFO: Сформирован список трназакций за указанный период
2025-11-07 01:07:52,856 - utils_logger - INFO: Сформирован список трназакций за указанный период
2025-11-07 01:07:52,856 - utils_logger - INFO: Сформирован список трназакций за указанный период
2025-11-07 01:07:52,856 - utils_logger - INFO: Сформирован список трназакций за указанный период
2025-11-07 01:07:52,857 - utils_logger - INFO: Сформирован список трназакций за указанный период
2025-11-07 01:07:52,857 - utils_logger - INFO: Сформирован список трназакций за указанный период
2025-11-07 01:07:52,857 - utils_logger - INFO: Сформирован список трназакций за указанный период
2025-11-07 01:07:52,857 - utils_logger - INFO: Сформирован список трназакций за указанный период
2025-11-07 01:07:52,857 - utils_logger - INFO: Сформирован список трназакций за указанный период
2025-11-07 01:07:52,857 - utils_logger - INFO: Сформирован список трназакций за указанный период
2025-11-07 01:07:52,857 - utils_logger - INFO: Сформирован список трназакций за указанный период
2025-11-07 01:07:52,857 - utils_logger - INFO: Сформирован список трназакций за указанный период
2025-11-07 01:07:52,857 - utils_logger - INFO: Сформирован список трназакций за указанный период
2025-11-07 01:07:52,857 - utils_logger - INFO: Сформирован список трназакций за указанный период
2025-11-07 01:07:52,857 - utils_logger - INFO: Сформирован список трназакций за указанный период
2025-11-07 01:07:52,857 - utils_logger - INFO: Сформирован список трназакций за указанный период
2025-11-07 01:07:52,857 - utils_logger - INFO: Сформирован список трназакций за указанный период
2025-11-07 01:07:52,857 - utils_logger - INFO: Сформирован список трназакций за указанный период
2025-11-07 01:07:52,857 - utils_logger - INFO: Сформирован список трназакций за указанный период
2025-11-07 01:07:52,857 - utils_logger - INFO: Сформирован список трназакций за указанный период
2025-11-07 01:07:52,857 - utils_logger - INFO: Сформирован список трназакций за указанный период
2025-11-07 01:07:52,857 - utils_logger - INFO: Сформирован список трназакций за указанный период
2025-11-07 01:07:52,857 - utils_logger - INFO: Сформирован список трназакций за указанный период
2025-11-07 01:07:52,857 - utils_logger - INFO: Сформирован список трназакций за указанный период
2025-11-07 01:07:52,857 - utils_logger - INFO: Сформирован список трназакций за указанный период
2025-11-07 01:07:52,857 - utils_logger - INFO: Сформирован список трназакций за указанный период
2025-11-07 01:07:52,857 - utils_logger - INFO: Сформирован список трназакций за указанный период
2025-11-07 01:07:52,858 - utils_logger - INFO: Сформирован список трназакций за указанный период
2025-11-07 01:07:52,858 - utils_logger - INFO: Сформирован список трназакций за указанный период
2025-11-07 01:07:52,858 - utils_logger - INFO: Сформирован список трназакций за указанный период
2025-11-07 01:07:52,858 - utils_logger - INFO: Сформирован список трназакций за указанный период
2025-11-07 01:07:52,858 - utils_logger - INFO: Сформирован список трназакций за указанный период
2025-11-07 01:07:52,858 - utils_logger - INFO: Сформирован список трназакций за указанный период
2025-11-07 01:07:52,858 - utils_logger - INFO: Сформирован список трназакций за указанный период
2025-11-07 01:07:52,858 - utils_logger - INFO: Сформирован список трназакций за указанный период
2025-11-07 01:07:52,858 - utils_logger - INFO: Сформирован список трназакций за указанный период
2025-11-07 01:07:52,858 - utils_logger - INFO: Сформирован список трназакций за указанный период
2025-11-07 01:07:52,858 - utils_logger - INFO: Сформирован список трназакций за указанный период
2025-11-07 01:07:52,858 - utils_logger - INFO: Сформирован список трназакций за указанный период
2025-11-07 01:07:52,858 - utils_logger - INFO: Сформирован список трназакций за указанный период
2025-11-07 01:07:52,858 - utils_logger - INFO: Сформирован список трназакций за указанный период
2025-11-07 01:07:52,858 - utils_logger - INFO: Сформирован список трназакций за указанный период
2025-11-07 01:07:52,858 - utils_logger - INFO: Сформирован список трназакций за указанный период
2025-11-07 01:07:52,858 - utils_logger - INFO: Сформирован список трназакций за указанный период
2025-11-07 01:07:52,858 - utils_logger - INFO: Сформирован список трназакций за указанный период
2025-11-07 01:07:52,858 - utils_logger - INFO: Сформирован список трназакций за указанный период
2025-11-07 01:07:52,858 - utils_logger - INFO: Сформирован список трназакций за указанный период
2025-11-07 01:07:52,859 - utils_logger - INFO: Сформирован список трназакций за указанный период
2025-11-07 01:07:52,859 - utils_logger - INFO: Сформирован список трназакций за указанный период
2025-11-07 01:07:52,859 - utils_logger - INFO: Сформирован список трназакций за указанный период
2025-11-07 01:07:52,859 - utils_logger - INFO: Сформирован список трназакций за указанный период
2025-11-07 01:07:52,859 - utils_logger - INFO: Сформирован список трназакций за указанный период
2025-11-07 01:07:52,859 - utils_logger - INFO: Сформирован список трназакций за указанный период
2025-11-07 01:07:52,859 - utils_logger - INFO: Сформирован список трназакций за указанный период
2025-11-07 01:07:52,859 - utils_logger - INFO: Сформирован список трназакций за указанный период
2025-11-07 01:07:52,859 - utils_logger - INFO: Сформирован список трназакций за указанный период
2025-11-07 01:07:52,859 - utils_logger - INFO: Сформирован список трназакций за указанный период
2025-11-07 01:07:52,859 - utils_logger - INFO: Сформирован список трназакций за указанный период
2025-11-07 01:07:52,859 - utils_logger - INFO: Сформирован список трназакций за указанный период
2025-11-07 01:07:52,859 - utils_logger - INFO: Сформирован список трназакций за указанный период
2025-11-07 01:07:52,859 - utils_logger - INFO: Сформирован список трназакций за указанный период
2025-11-07 01:07:52,859 - utils_logger - INFO: Сформирован список трназакций за указанный период
2025-11-07 01:07:52,859 - utils_logger - INFO: Сформирован список трназакций за указанный период
2025-11-07 01:07:52,859 - utils_logger - INFO: Сформирован список трназакций за указанный период
2025-11-07 01:07:52,859 - utils_logger - INFO: Сформирован список трназакций за указанный период
2025-11-07 01:07:52,859 - utils_logger - INFO: Сформирован список трназакций за указанный период
2025-11-07 01:07:52,859 - utils_logger - INFO: Сформирован список трназакций за указанный период
2025-11-07 01:07:52,859 - utils_logger - INFO: Сформирован список трназакций за указанный период
2025-11-07 01:07:52,860 - utils_logger - INFO: Сформирован список трназакций за указанный период
2025-11-07 01:07:52,860 - utils_logger - INFO: Сформирован список трназакций за указанный период
2025-11-07 01:07:52,860 - utils_logger - INFO: Сформирован список трназакций за указанный период
2025-11-07 01:07:52,860 - utils_logger - INFO: Сформирован список трназакций за указанный период
2025-11-07 01:07:52,860 - utils_logger - INFO: Сформирован список трназакций за указанный период
2025-11-07 01:07:52,860 - utils_logger - INFO: Сформирован список трназакций за указанный период
2025-11-07 01:07:52,860 - utils_logger - INFO: Сформирован список трназакций за указанный период
2025-11-07 01:07:52,860 - utils_logger - INFO: Сформирован список трназакций за указанный период
2025-11-07 01:07:52,860 - utils_logger - INFO: Сформирован список трназакций за указанный период
2025-11-07 01:07:52,860 - utils_logger - INFO: Сформирован список трназакций за указанный период
2025-11-07 01:07:52,860 - utils_logger - INFO: Сформирован список трназакций за указанный период
2025-11-07 01:07:52,860 - utils_logger - INFO: Сформирован список трназакций за указанный период
2025-11-07 01:07:52,860 - utils_logger - INFO: Сформирован список трназакций за указанный период
2025-11-07 01:07:52,860 - utils_logger - INFO: Сформирован список трназакций за указанный период
2025-11-07 01:07:52,860 - utils_logger - INFO: Сформирован список трназакций за указанный период
2025-11-07 01:07:52,860 - utils_logger - INFO: Сформирован список трназакций за указанный период
2025-11-07 01:07:52,860 - utils_logger - INFO: Сформирован список трназакций за указанный период
2025-11-07 01:07:52,860 - utils_logger - INFO: Сформирован список трназакций за указанный период
2025-11-07 01:07:52,860 - utils_logger - INFO: Сформирован список трназакций за указанный период
2025-11-07 01:07:52,860 - utils_logger - INFO: Сформирован список трназакций за указанный период
2025-11-07 01:07:52,861 - utils_logger - INFO: Сформирован список трназакций за указанный период
2025-11-07 01:07:52,861 - utils_logger - INFO: Сформирован список трназакций за указанный период
2025-11-07 01:07:52,861 - utils_logger - INFO: Сформирован список трназакций за указанный период
2025-11-07 01:07:52,861 - utils_logger - INFO: Сформирован список трназакций за указанный период
2025-11-07 01:07:52,861 - utils_logger - INFO: Сформирован список трназакций за указанный период
2025-11-07 01:07:52,861 - utils_logger - INFO: Сформирован список трназакций за указанный период
2025-11-07 01:07:52,861 - utils_logger - INFO: Сформирован список трназакций за указанный период
2025-11-07 01:07:52,861 - utils_logger - INFO: Сформирован список трназакций за указанный период
2025-11-07 01:07:52,861 - utils_logger - INFO: Сформирован список трназакций за указанный период
2025-11-07 01:07:52,861 - utils_logger - INFO: Сформирован список трназакций за указанный период
2025-11-07 01:07:52,861 - utils_logger - INFO: Сформирован список трназакций за указанный период
2025-11-07 01:07:52,861 - utils_logger - INFO: Сформирован список трназакций за указанный период
2025-11-07 01:07:52,861 - utils_logger - INFO: Сформирован список трназакций за указанный период
2025-11-07 01:07:52,861 - utils_logger - INFO: Сформирован список трназакций за указанный период
2025-11-07 01:07:52,861 - utils_logger - INFO: Сформирован список трназакций за указанный период
2025-11-07 01:07:52,861 - utils_logger - INFO: Сформирован список трназакций за указанный период
2025-11-07 01:07:52,861 - utils_logger - INFO: Сформирован список трназакций за указанный период
2025-11-07 01:07:52,861 - utils_logger - INFO: Сформирован список трназакций за указанный период
2025-11-07 01:07:52,861 - utils_logger - INFO: Сформирован список трназакций за указанный период
2025-11-07 01:07:52,861 - utils_logger - INFO: Сформирован список трназакций за указанный период
2025-11-07 01:07:52,861 - utils_logger - INFO: Сформирован список трназакций за указанный период
2025-11-07 01:07:52,861 - utils_logger - INFO: Сформирован список трназакций за указанный период
2025-11-07 01:07:52,862 - utils_logger - INFO: Сформирован список трназакций за указанный период
2025-11-07 01:07:52,862 - utils_logger - INFO: Сформирован список трназакций за указанный период
2025-11-07 01:07:52,862 - utils_logger - INFO: Сформирован список трназакций за указанный период
2025-11-07 01:07:52,862 - utils_logger - INFO: Сформирован список трназакций за указанный период
2025-11-07 01:07:52,862 - utils_logger - INFO: Сформирован список трназакций за указанный период
2025-11-07 01:07:52,862 - utils_logger - INFO: Сформирован список трназакций за указанный период
2025-11-07 01:07:52,862 - utils_logger - INFO: Сформирован список трназакций за указанный период
2025-11-07 01:07:52,862 - utils_logger - INFO: Сформирован список трназакций за указанный период
2025-11-07 01:07:52,862 - utils_logger - INFO: Сформирован список трназакций за указанный период
2025-11-07 01:07:52,862 - utils_logger - INFO: Сформирован список трназакций за указанный период
2025-11-07 01:07:52,862 - utils_logger - INFO: Сформирован список трназакций за указанный период
2025-11-07 01:07:52,862 - utils_logger - INFO: Сформирован список трназакций за указанный период
2025-11-07 01:07:52,862 - utils_logger - INFO: Сформирован список трназакций за указанный период
2025-11-07 01:07:52,862 - utils_logger - INFO: Сформирован список трназакций за указанный период
2025-11-07 01:07:52,862 - utils_logger - INFO: Сформирован список трназакций за указанный период
2025-11-07 01:07:52,862 - utils_logger - INFO: Сформирован список трназакций за указанный период
2025-11-07 01:07:52,862 - utils_logger - INFO: Сформирован список трназакций за указанный период
2025-11-07 01:07:52,862 - utils_logger - INFO: Сформирован список трназакций за указанный период
2025-11-07 01:07:52,863 - utils_logger - INFO: Сформирован список трназакций за указанный период
2025-11-07 01:07:52,863 - utils_logger - INFO: Сформирован список трназакций за указанный период
2025-11-07 01:07:52,863 - utils_logger - INFO: Сформирован список трназакций за указанный период
2025-11-07 01:07:52,863 - utils_logger - INFO: Сформирован список трназакций за указанный период
2025-11-07 01:07:52,863 - utils_logger - INFO: Сформирован список трназакций за указанный период
2025-11-07 01:07:52,863 - utils_logger - INFO: Сформирован список трназакций за указанный период
2025-11-07 01:07:52,863 - utils_logger - INFO: Сформирован список трназакций за указанный период
2025-11-07 01:07:52,863 - utils_logger - INFO: Сформирован список трназакций за указанный период
2025-11-07 01:07:52,863 - utils_logger - INFO: Сформирован список трназакций за указанный период
2025-11-07 01:07:52,863 - utils_logger - INFO: Сформирован список трназакций за указанный период
2025-11-07 01:07:52,863 - utils_logger - INFO: Сформирован список трназакций за указанный период
2025-11-07 01:07:52,863 - utils_logger - INFO: Сформирован список трназакций за указанный период
2025-11-07 01:07:52,863 - utils_logger - INFO: Сформирован список трназакций за указанный период
2025-11-07 01:07:52,863 - utils_logger - INFO: Сформирован список трназакций за указанный период
2025-11-07 01:07:52,863 - utils_logger - INFO: Сформирован список трназакций за указанный период
2025-11-07 01:07:52,863 - utils_logger - INFO: Сформирован список трназакций за указанный период
2025-11-07 01:07:52,863 - utils_logger - INFO: Сформирован список трназакций за указанный период
2025-11-07 01:07:52,863 - utils_logger - INFO: Сформирован список трназакций за указанный период
2025-11-07 01:07:52,863 - utils_logger - INFO: Сформирован список трназакций за указанный период
2025-11-07 01:07:52,863 - utils_logger - INFO: Сформирован список трназакций за указанный период
2025-11-07 01:07:52,863 - utils_logger - INFO: Сформирован список трназакций за указанный период
2025-11-07 01:07:52,863 - utils_logger - INFO: Сформирован список трназакций за указанный период
2025-11-07 01:07:52,864 - utils_logger - INFO: Сформирован список трназакций за указанный период
2025-11-07 01:07:52,864 - utils_logger - INFO: Сформирован список трназакций за указанный период
2025-11-07 01:07:52,864 - utils_logger - INFO: Сформирован список трназакций за указанный период
2025-11-07 01:07:52,864 - utils_logger - INFO: Сформирован список трназакций за указанный период
2025-11-07 01:07:52,864 - utils_logger - INFO: Сформирован список трназакций за указанный период
2025-11-07 01:07:52,864 - utils_logger - INFO: Сформирован список трназакций за указанный период
2025-11-07 01:07:52,864 - utils_logger - INFO: Сформирован список трназакций за указанный период
2025-11-07 01:07:52,864 - utils_logger - INFO: Сформирован список трназакций за указанный период
2025-11-07 01:07:52,864 - utils_logger - INFO: Сформирован список трназакций за указанный период
2025-11-07 01:07:52,864 - utils_logger - INFO: Сформирован список трназакций за указанный период
2025-11-07 01:07:52,864 - utils_logger - INFO: Сформирован список трназакций за указанный период
2025-11-07 01:07:52,864 - utils_logger - INFO: Сформирован список трназакций за указанный период
2025-11-07 01:07:52,864 - utils_logger - INFO: Сформирован список трназакций за указанный период
2025-11-07 01:07:52,864 - utils_logger - INFO: Сформирован список трназакций за указанный период
2025-11-07 01:07:52,864 - utils_logger - INFO: Сформирован список трназакций за указанный период
2025-11-07 01:07:52,864 - utils_logger - INFO: Сформирован список трназакций за указанный период
2025-11-07 01:07:52,864 - utils_logger - INFO: Сформирован список трназакций за указанный период
2025-11-07 01:07:52,864 - utils_logger - INFO: Сформирован список трназакций за указанный период
2025-11-07 01:07:52,864 - utils_logger - INFO: Сформирован список трназакций за указанный период
2025-11-07 01:07:52,864 - utils_logger - INFO: Сформирован список трназакций за указанный период
2025-11-07 01:07:52,864 - utils_logger - INFO: Сформирован список трназакций за указанный период
2025-11-07 01:07:52,864 - utils_logger - INFO: Сформирован список трназакций за указанный период
2025-11-07 01:07:52,865 - utils_logger - INFO: Сформирован список трназакций за указанный период
2025-11-07 01:07:52,865 - utils_logger - INFO: Сформирован список трназакций за указанный период
2025-11-07 01:07:52,865 - utils_logger - INFO: Сформирован список трназакций за указанный период
2025-11-07 01:07:52,865 - utils_logger - INFO: Сформирован список трназакций за указанный период
2025-11-07 01:07:52,865 - utils_logger - INFO: Сформирован список трназакций за указанный период
2025-11-07 01:07:52,865 - utils_logger - INFO: Сформирован список трназакций за указанный период
2025-11-07 01:07:52,865 - utils_logger - INFO: Сформирован список трназакций за указанный период
2025-11-07 01:07:52,865 - utils_logger - INFO: Сформирован список трназакций за указанный период
2025-11-07 01:07:52,865 - utils_logger - INFO: Сформирован список трназакций за указанный период
2025-11-07 01:07:52,865 - utils_logger - INFO: Сформирован список трназакций за указанный период
2025-11-07 01:07:52,865 - utils_logger - INFO: Сформирован список трназакций за указанный период
2025-11-07 01:07:52,865 - utils_logger - INFO: Сформирован список трназакций за указанный период
2025-11-07 01:07:52,865 - utils_logger - INFO: Сформирован список трназакций за указанный период
2025-11-07 01:07:52,865 - utils_logger - INFO: Сформирован список трназакций за указанный период
2025-11-07 01:07:52,865 - utils_logger - INFO: Сформирован список трназакций за указанный период
2025-11-07 01:07:52,865 - utils_logger - INFO: Сформирован список трназакций за указанный период
2025-11-07 01:07:52,865 - utils_logger - INFO: Сформирован список трназакций за указанный период
2025-11-07 01:07:52,865 - utils_logger - INFO: Сформирован список трназакций за указанный период
2025-11-07 01:07:52,865 - utils_logger - INFO: Сформирован список трназакций за указанный период
2025-11-07 01:07:52,865 - utils_logger - INFO: Сформирован список трназакций за указанный период
2025-11-07 01:07:52,865 - utils_logger - INFO: Сформирован список трназакций за указанный период
2025-11-07 01:07:52,866 - utils_logger - INFO: Сформирован список трназакций за указанный период
2025-11-07 01:07:52,866 - utils_logger - INFO: Сформирован список трназакций за указанный период
2025-11-07 01:07:52,866 - utils_logger - INFO: Сформирован список трназакций за указанный период
2025-11-07 01:07:52,866 - utils_logger - INFO: Сформирован список трназакций за указанный период
2025-11-07 01:07:52,866 - utils_logger - INFO: Сформирован список трназакций за указанный период
2025-11-07 01:07:52,866 - utils_logger - INFO: Сформирован список трназакций за указанный период
2025-11-07 01:07:52,866 - utils_logger - INFO: Сформирован список трназакций за указанный период
2025-11-07 01:07:52,866 - utils_logger - INFO: Сформирован список трназакций за указанный период
2025-11-07 01:07:52,866 - utils_logger - INFO: Сформирован список трназакций за указанный период
2025-11-07 01:07:52,866 - utils_logger - INFO: Сформирован список трназакций за указанный период
2025-11-07 01:07:52,866 - utils_logger - INFO: Сформирован список трназакций за указанный период
2025-11-07 01:07:52,866 - utils_logger - INFO: Сформирован список трназакций за указанный период
2025-11-07 01:07:52,866 - utils_logger - INFO: Сформирован список трназакций за указанный период
2025-11-07 01:07:52,866 - utils_logger - INFO: Сформирован список трназакций за указанный период
2025-11-07 01:07:52,866 - utils_logger - INFO: Сформирован список трназакций за указанный период
2025-11-07 01:07:52,866 - utils_logger - INFO: Сформирован список трназакций за указанный период
2025-11-07 01:07:52,866 - utils_logger - INFO: Сформирован список трназакций за указанный период
2025-11-07 01:07:52,866 - utils_logger - INFO: Сформирован список трназакций за указанный период
2025-11-07 01:07:52,866 - utils_logger - INFO: Сформирован список трназакций за указанный период
2025-11-07 01:07:52,866 - utils_logger - INFO: Сформирован список трназакций за указанный период
2025-11-07 01:07:52,866 - utils_logger - INFO: Сформирован список трназакций за указанный период
2025-11-07 01:07:52,866 - utils_logger - INFO: Сформирован список трназакций за указанный период
2025-11-07 01:07:52,867 - utils_logger - INFO: Сформирован список трназакций за указанный период
2025-11-07 01:07:52,867 - utils_logger - INFO: Сформирован список трназакций за указанный период
2025-11-07 01:07:52,867 - utils_logger - INFO: Сформирован список трназакций за указанный период
2025-11-07 01:07:52,867 - utils_logger - INFO: Сформирован список трназакций за указанный период
2025-11-07 01:07:52,867 - utils_logger - INFO: Сформирован список трназакций за указанный период
2025-11-07 01:07:52,867 - utils_logger - INFO: Сформирован список трназакций за указанный период
2025-11-07 01:07:52,867 - utils_logger - INFO: Сформирован список трназакций за указанный период
2025-11-07 01:07:52,867 - utils_logger - INFO: Сформирован список трназакций за указанный период
2025-11-07 01:07:52,867 - utils_logger - INFO: Сформирован список трназакций за указанный период
2025-11-07 01:07:52,867 - utils_logger - INFO: Сформирован список трназакций за указанный период
2025-11-07 01:07:52,867 - utils_logger - INFO: Сформирован список трназакций за указанный период
2025-11-07 01:07:52,867 - utils_logger - INFO: Сформирован список трназакций за указанный период
2025-11-07 01:07:52,867 - utils_logger - INFO: Сформирован список трназакций за указанный период
2025-11-07 01:07:52,867 - utils_logger - INFO: Сформирован список трназакций за указанный период
2025-11-07 01:07:52,867 - utils_logger - INFO: Сформирован список трназакций за указанный период
2025-11-07 01:07:52,867 - utils_logger - INFO: Сформирован список трназакций за указанный период
2025-11-07 01:07:52,867 - utils_logger - INFO: Сформирован список трназакций за указанный период
2025-11-07 01:07:52,867 - utils_logger - INFO: Сформирован список трназакций за указанный период
2025-11-07 01:07:52,867 - utils_logger - INFO: Сформирован список трназакций за указанный период
2025-11-07 01:07:52,867 - utils_logger - INFO: Сформирован список трназакций за указанный период
2025-11-07 01:07:52,867 - utils_logger - INFO: Сформирован список трназакций за указанный период
2025-11-07 01:07:52,868 - utils_logger - INFO: Сформирован список трназакций за указанный период
2025-11-07 01:07:52,868 - utils_logger - INFO: Сформирован список трназакций за указанный период
2025-11-07 01:07:52,868 - utils_logger - INFO: Сформирован список трназакций за указанный период
2025-11-07 01:07:52,868 - utils_logger - INFO: Сформирован список трназакций за указанный период
2025-11-07 01:07:52,868 - utils_logger - INFO: Сформирован список трназакций за указанный период
2025-11-07 01:07:52,868 - utils_logger - INFO: Сформирован список трназакций за указанный период
2025-11-07 01:07:52,868 - utils_logger - INFO: Сформирован список трназакций за указанный период
2025-11-07 01:07:52,868 - utils_logger - INFO: Сформирован список трназакций за указанный период
2025-11-07 01:07:52,868 - utils_logger - INFO: Сформирован список трназакций за указанный период
2025-11-07 01:07:52,868 - utils_logger - INFO: Сформирован список трназакций за указанный период
2025-11-07 01:07:52,868 - utils_logger - INFO: Сформирован список трназакций за указанный период
2025-11-07 01:07:52,868 - utils_logger - INFO: Сформирован список трназакций за указанный период
2025-11-07 01:07:52,868 - utils_logger - INFO: Сформирован список трназакций за указанный период
2025-11-07 01:07:52,868 - utils_logger - INFO: Сформирован список трназакций за указанный период
2025-11-07 01:07:52,868 - utils_logger - INFO: Сформирован список трназакций за указанный период
2025-11-07 01:07:52,868 - utils_logger - INFO: Сформирован список трназакций за указанный период
2025-11-07 01:07:52,868 - utils_logger - INFO: Сформирован список трназакций за указанный период
2025-11-07 01:07:52,868 - utils_logger - INFO: Сформирован список трназакций за указанный период
2025-11-07 01:07:52,868 - utils_logger - INFO: Сформирован список трназакций за указанный период
2025-11-07 01:07:52,868 - utils_logger - INFO: Сформирован список трназакций за указанный период
2025-11-07 01:07:52,868 - utils_logger - INFO: Сформирован список трназакций за указанный период
2025-11-07 01:07:52,868 - utils_logger - INFO: Сформирован список трназакций за указанный период
2025-11-07 01:07:52,869 - utils_logger - INFO: Сформирован список трназакций за указанный период
2025-11-07 01:07:52,869 - utils_logger - INFO: Сформирован список трназакций за указанный период
2025-11-07 01:07:52,869 - utils_logger - INFO: Сформирован список трназакций за указанный период
2025-11-07 01:07:52,869 - utils_logger - INFO: Сформирован список трназакций за указанный период
2025-11-07 01:07:52,869 - utils_logger - INFO: Сформирован список трназакций за указанный период
2025-11-07 01:07:52,869 - utils_logger - INFO: Сформирован список трназакций за указанный период
2025-11-07 01:07:52,869 - utils_logger - INFO: Сформирован список трназакций за указанный период
2025-11-07 01:07:52,869 - utils_logger - INFO: Сформирован список трназакций за указанный период
2025-11-07 01:07:52,869 - utils_logger - INFO: Сформирован список трназакций за указанный период
2025-11-07 01:07:52,869 - utils_logger - INFO: Сформирован список трназакций за указанный период
2025-11-07 01:07:52,869 - utils_logger - INFO: Сформирован список трназакций за указанный период
2025-11-07 01:07:52,869 - utils_logger - INFO: Сформирован список трназакций за указанный период
2025-11-07 01:07:52,869 - utils_logger - INFO: Сформирован список трназакций за указанный период
2025-11-07 01:07:52,869 - utils_logger - INFO: Сформирован список трназакций за указанный период
2025-11-07 01:07:52,869 - utils_logger - INFO: Сформирован список трназакций за указанный период
2025-11-07 01:07:52,869 - utils_logger - INFO: Сформирован список трназакций за указанный период
2025-11-07 01:07:52,869 - utils_logger - INFO: Сформирован список трназакций за указанный период
2025-11-07 01:07:52,869 - utils_logger - INFO: Сформирован список трназакций за указанный период
2025-11-07 01:07:52,869 - utils_logger - INFO: Сформирован список трназакций за указанный период
2025-11-07 01:07:52,869 - utils_logger - INFO: Сформирован список трназакций за указанный период
2025-11-07 01:07:52,869 - utils_logger - INFO: Сформирован список трназакций за указанный период
2025-11-07 01:07:52,869 - utils_logger - INFO: Сформирован список трназакций за указанный период
2025-11-07 01:07:52,870 - utils_logger - INFO: Сформирован список трназакций за указанный период
2025-11-07 01:07:52,870 - utils_logger - INFO: Сформирован список трназакций за указанный период
2025-11-07 01:07:52,870 - utils_logger - INFO: Сформирован список трназакций за указанный период
2025-11-07 01:07:52,870 - utils_logger - INFO: Сформирован список трназакций за указанный период
2025-11-07 01:07:52,870 - utils_logger - INFO: Сформирован список трназакций за указанный период
2025-11-07 01:07:52,870 - utils_logger - INFO: Сформирован список трназакций за указанный период
2025-11-07 01:07:52,870 - utils_logger - INFO: Сформирован список трназакций за указанный период
2025-11-07 01:07:52,870 - utils_logger - INFO: Сформирован список трназакций за указанный период
2025-11-07 01:07:52,870 - utils_logger - INFO: Сформирован список трназакций за указанный период
2025-11-07 01:07:52,870 - utils_logger - INFO: Сформирован список трназакций за указанный период
2025-11-07 01:07:52,870 - utils_logger - INFO: Сформирован список трназакций за указанный период
2025-11-07 01:07:52,870 - utils_logger - INFO: Сформирован список трназакций за указанный период
2025-11-07 01:07:52,870 - utils_logger - INFO: Сформирован список трназакций за указанный период
2025-11-07 01:07:52,870 - utils_logger - INFO: Сформирован список трназакций за указанный период
2025-11-07 01:07:52,870 - utils_logger - INFO: Сформирован список трназакций за указанный период
2025-11-07 01:07:52,870 - utils_logger - INFO: Сформирован список трназакций за указанный период
2025-11-07 01:07:52,870 - utils_logger - INFO: Сформирован список трназакций за указанный период
2025-11-07 01:07:52,870 - utils_logger - INFO: Сформирован список трназакций за указанный период
2025-11-07 01:07:52,870 - utils_logger - INFO: Сформирован список трназакций за указанный период
2025-11-07 01:07:52,871 - utils_logger - INFO: Сформирован список трназакций за указанный период
2025-11-07 01:07:52,871 - utils_logger - INFO: Сформирован список трназакций за указанный период
2025-11-07 01:07:52,871 - utils_logger - INFO: Сформирован список трназакций за указанный период
2025-11-07 01:07:52,871 - utils_logger - INFO: Сформирован список трназакций за указанный период
2025-11-07 01:07:52,871 - utils_logger - INFO: Сформирован список трназакций за указанный период
2025-11-07 01:07:52,871 - utils_logger - INFO: Сформирован список трназакций за указанный период
2025-11-07 01:07:52,871 - utils_logger - INFO: Сформирован список трназакций за указанный период
2025-11-07 01:07:52,871 - utils_logger - INFO: Сформирован список трназакций за указанный период
2025-11-07 01:07:52,871 - utils_logger - INFO: Сформирован список трназакций за указанный период
2025-11-07 01:07:52,871 - utils_logger - INFO: Сформирован список трназакций за указанный период
2025-11-07 01:07:52,871 - utils_logger - INFO: Сформирован список трназакций за указанный период
2025-11-07 01:07:52,871 - utils_logger - INFO: Сформирован список трназакций за указанный период
2025-11-07 01:07:52,871 - utils_logger - INFO: Сформирован список трназакций за указанный период
2025-11-07 01:07:52,871 - utils_logger - INFO: Сформирован список трназакций за указанный период
2025-11-07 01:07:52,871 - utils_logger - INFO: Сформирован список трназакций за указанный период
2025-11-07 01:07:52,871 - utils_logger - INFO: Сформирован список трназакций за указанный период
2025-11-07 01:07:52,871 - utils_logger - INFO: Сформирован список трназакций за указанный период
2025-11-07 01:07:52,871 - utils_logger - INFO: Сформирован список трназакций за указанный период
2025-11-07 01:07:52,871 - utils_logger - INFO: Сформирован список трназакций за указанный период
2025-11-07 01:07:52,871 - utils_logger - INFO: Сформирован список трназакций за указанный период
2025-11-07 01:07:52,871 - utils_logger - INFO: Сформирован список трназакций за указанный период
2025-11-07 01:07:52,872 - utils_logger - INFO: Сформирован список трназакций за указанный период
2025-11-07 01:07:52,872 - utils_logger - INFO: Сформирован список трназакций за указанный период
2025-11-07 01:07:52,872 - utils_logger - INFO: Сформирован список трназакций за указанный период
2025-11-07 01:07:52,872 - utils_logger - INFO: Сформирован список трназакций за указанный период
2025-11-07 01:07:52,872 - utils_logger - INFO: Сформирован список трназакций за указанный период
2025-11-07 01:07:52,872 - utils_logger - INFO: Сформирован список трназакций за указанный период
2025-11-07 01:07:52,872 - utils_logger - INFO: Сформирован список трназакций за указанный период
2025-11-07 01:07:52,872 - utils_logger - INFO: Сформирован список трназакций за указанный период
2025-11-07 01:07:52,872 - utils_logger - INFO: Сформирован список трназакций за указанный период
2025-11-07 01:07:52,872 - utils_logger - INFO: Сформирован список трназакций за указанный период
2025-11-07 01:07:52,872 - utils_logger - INFO: Сформирован список трназакций за указанный период
2025-11-07 01:07:52,872 - utils_logger - INFO: Сформирован список трназакций за указанный период
2025-11-07 01:07:52,872 - utils_logger - INFO: Сформирован список трназакций за указанный период
2025-11-07 01:07:52,872 - utils_logger - INFO: Сформирован список трназакций за указанный период
2025-11-07 01:07:52,872 - utils_logger - INFO: Сформирован список трназакций за указанный период
2025-11-07 01:07:52,872 - utils_logger - INFO: Сформирован список трназакций за указанный период
2025-11-07 01:07:52,872 - utils_logger - INFO: Сформирован список трназакций за указанный период
2025-11-07 01:07:52,872 - utils_logger - INFO: Сформирован список трназакций за указанный период
2025-11-07 01:07:52,872 - utils_logger - INFO: Сформирован список трназакций за указанный период
2025-11-07 01:07:52,872 - utils_logger - INFO: Сформирован список трназакций за указанный период
2025-11-07 01:07:52,872 - utils_logger - INFO: Сформирован список трназакций за указанный период
2025-11-07 01:07:52,872 - utils_logger - INFO: Сформирован список трназакций за указанный период
2025-11-07 01:07:52,873 - utils_logger - INFO: Сформирован список трназакций за указанный период
2025-11-07 01:07:52,873 - utils_logger - INFO: Сформирован список трназакций за указанный период
2025-11-07 01:07:52,873 - utils_logger - INFO: Сформирован список трназакций за указанный период
2025-11-07 01:07:52,873 - utils_logger - INFO: Сформирован список трназакций за указанный период
2025-11-07 01:07:52,873 - utils_logger - INFO: Сформирован список трназакций за указанный период
2025-11-07 01:07:52,873 - utils_logger - INFO: Сформирован список трназакций за указанный период
2025-11-07 01:07:52,873 - utils_logger - INFO: Сформирован список трназакций за указанный период
2025-11-07 01:07:52,873 - utils_logger - INFO: Сформирован список трназакций за указанный период
2025-11-07 01:07:52,873 - utils_logger - INFO: Сформирован список трназакций за указанный период
2025-11-07 01:07:52,873 - utils_logger - INFO: Сформирован список трназакций за указанный период
2025-11-07 01:07:52,873 - utils_logger - INFO: Сформирован список трназакций за указанный период
2025-11-07 01:07:52,873 - utils_logger - INFO: Сформирован список трназакций за указанный период
2025-11-07 01:07:52,873 - utils_logger - INFO: Сформирован список трназакций за указанный период
2025-11-07 01:07:52,873 - utils_logger - INFO: Сформирован список трназакций за указанный период
2025-11-07 01:07:52,873 - utils_logger - INFO: Сформирован список трназакций за указанный период
2025-11-07 01:07:52,873 - utils_logger - INFO: Сформирован список трназакций за указанный период
2025-11-07 01:07:52,873 - utils_logger - INFO: Сформирован список трназакций за указанный период
2025-11-07 01:07:52,873 - utils_logger - INFO: Сформирован список трназакций за указанный период
2025-11-07 01:07:52,873 - utils_logger - INFO: Сформирован список трназакций за указанный период
2025-11-07 01:07:52,873 - utils_logger - INFO: Сформирован список трназакций за указанный период
2025-11-07 01:07:52,873 - utils_logger - INFO: Сформирован список трназакций за указанный период
2025-11-07 01:07:52,873 - utils_logger - INFO: Сформирован список трназакций за указанный период
2025-11-07 01:07:52,874 - utils_logger - INFO: Сформирован список трназакций за указанный период
2025-11-07 01:07:52,874 - utils_logger - INFO: Сформирован список трназакций за указанный период
2025-11-07 01:07:52,874 - utils_logger - INFO: Сформирован список трназакций за указанный период
2025-11-07 01:07:52,874 - utils_logger - INFO: Сформирован список трназакций за указанный период
2025-11-07 01:07:52,874 - utils_logger - INFO: Сформирован список трназакций за указанный период
2025-11-07 01:07:52,874 - utils_logger - INFO: Сформирован список трназакций за указанный период
2025-11-07 01:07:52,874 - utils_logger - INFO: Сформирован список трназакций за указанный период
2025-11-07 01:07:52,874 - utils_logger - INFO: Сформирован список трназакций за указанный период
2025-11-07 01:07:52,874 - utils_logger - INFO: Сформирован список трназакций за указанный период
2025-11-07 01:07:52,874 - utils_logger - INFO: Сформирован список трназакций за указанный период
2025-11-07 01:07:52,874 - utils_logger - INFO: Сформирован список трназакций за указанный период
2025-11-07 01:07:52,874 - utils_logger - INFO: Сформирован список трназакций за указанный период
2025-11-07 01:07:52,874 - utils_logger - INFO: Сформирован список трназакций за указанный период
2025-11-07 01:07:52,874 - utils_logger - INFO: Сформирован список трназакций за указанный период
2025-11-07 01:07:52,874 - utils_logger - INFO: Сформирован список трназакций за указанный период
2025-11-07 01:07:52,874 - utils_logger - INFO: Сформирован список трназакций за указанный период
2025-11-07 01:07:52,874 - utils_logger - INFO: Сформирован список трназакций за указанный период
2025-11-07 01:07:52,874 - utils_logger - INFO: Сформирован список трназакций за указанный период
2025-11-07 01:07:52,874 - utils_logger - INFO: Сформирован список трназакций за указанный период
2025-11-07 01:07:52,874 - utils_logger - INFO: Сформирован список трназакций за указанный период
2025-11-07 01:07:52,874 - utils_logger - INFO: Сформирован список трназакций за указанный период
2025-11-07 01:07:52,874 - utils_logger - INFO: Сформирован список трназакций за указанный период
2025-11-07 01:07:52,875 - utils_logger - INFO: Сформирован список трназакций за указанный период
2025-11-07 01:07:52,875 - utils_logger - INFO: Сформирован список трназакций за указанный период
2025-11-07 01:07:52,875 - utils_logger - INFO: Сформирован список трназакций за указанный период
2025-11-07 01:07:52,875 - utils_logger - INFO: Сформирован список трназакций за указанный период
2025-11-07 01:07:52,875 - utils_logger - INFO: Сформирован список трназакций за указанный период
2025-11-07 01:07:52,875 - utils_logger - INFO: Сформирован список трназакций за указанный период
2025-11-07 01:07:52,875 - utils_logger - INFO: Сформирован список трназакций за указанный период
2025-11-07 01:07:52,875 - utils_logger - INFO: Сформирован список трназакций за указанный период
2025-11-07 01:07:52,875 - utils_logger - INFO: Сформирован список трназакций за указанный период
2025-11-07 01:07:52,875 - utils_logger - INFO: Сформирован список трназакций за указанный период
2025-11-07 01:07:52,875 - utils_logger - INFO: Сформирован список трназакций за указанный период
2025-11-07 01:07:52,875 - utils_logger - INFO: Сформирован список трназакций за указанный период
2025-11-07 01:07:52,875 - utils_logger - INFO: Сформирован список трназакций за указанный период
2025-11-07 01:07:52,875 - utils_logger - INFO: Сформирован список трназакций за указанный период
2025-11-07 01:07:52,875 - utils_logger - INFO: Сформирован список трназакций за указанный период
2025-11-07 01:07:52,875 - utils_logger - INFO: Сформирован список трназакций за указанный период
2025-11-07 01:07:52,875 - utils_logger - INFO: Сформирован список трназакций за указанный период
2025-11-07 01:07:52,875 - utils_logger - INFO: Сформирован список трназакций за указанный период
2025-11-07 01:07:52,875 - utils_logger - INFO: Сформирован список трназакций за указанный период
2025-11-07 01:07:52,875 - utils_logger - INFO: Сформирован список трназакций за указанный период
2025-11-07 01:07:52,875 - utils_logger - INFO: Сформирован список трназакций за указанный период
2025-11-07 01:07:52,875 - utils_logger - INFO: Сформирован список трназакций за указанный период
2025-11-07 01:07:52,876 - utils_logger - INFO: Сформирован список трназакций за указанный период
2025-11-07 01:07:52,876 - utils_logger - INFO: Сформирован список трназакций за указанный период
2025-11-07 01:07:52,876 - utils_logger - INFO: Сформирован список трназакций за указанный период
2025-11-07 01:07:52,876 - utils_logger - INFO: Сформирован список трназакций за указанный период
2025-11-07 01:07:52,876 - utils_logger - INFO: Сформирован список трназакций за указанный период
2025-11-07 01:07:52,876 - utils_logger - INFO: Сформирован список трназакций за указанный период
2025-11-07 01:07:52,876 - utils_logger - INFO: Сформирован список трназакций за указанный период
2025-11-07 01:07:52,876 - utils_logger - INFO: Сформирован список трназакций за указанный период
2025-11-07 01:07:52,876 - utils_logger - INFO: Сформирован список трназакций за указанный период
2025-11-07 01:07:52,876 - utils_logger - INFO: Сформирован список трназакций за указанный период
2025-11-07 01:07:52,876 - utils_logger - INFO: Сформирован список трназакций за указанный период
2025-11-07 01:07:52,876 - utils_logger - INFO: Сформирован список трназакций за указанный период
2025-11-07 01:07:52,876 - utils_logger - INFO: Сформирован список трназакций за указанный период
2025-11-07 01:07:52,876 - utils_logger - INFO: Сформирован список трназакций за указанный период
2025-11-07 01:07:52,876 - utils_logger - INFO: Сформирован список трназакций за указанный период
2025-11-07 01:07:52,876 - utils_logger - INFO: Сформирован список трназакций за указанный период
2025-11-07 01:07:52,876 - utils_logger - INFO: Сформирован список трназакций за указанный период
2025-11-07 01:07:52,876 - utils_logger - INFO: Сформирован список трназакций за указанный период
2025-11-07 01:07:52,876 - utils_logger - INFO: Сформирован список трназакций за указанный период
2025-11-07 01:07:52,876 - utils_logger - INFO: Сформирован список трназакций за указанный период
2025-11-07 01:07:52,876 - utils_logger - INFO: Сформирован список трназакций за указанный период
2025-11-07 01:07:52,876 - utils_logger - INFO: Сформирован список трназакций за указанный период
2025-11-07 01:07:52,877 - utils_logger - INFO: Сформирован список трназакций за указанный период
2025-11-07 01:07:52,877 - utils_logger - INFO: Сформирован список трназакций за указанный период
2025-11-07 01:07:52,877 - utils_logger - INFO: Сформирован список трназакций за указанный период
2025-11-07 01:07:52,877 - utils_logger - INFO: Сформирован список трназакций за указанный период
2025-11-07 01:07:52,877 - utils_logger - INFO: Сформирован список трназакций за указанный период
2025-11-07 01:07:52,877 - utils_logger - INFO: Сформирован список трназакций за указанный период
2025-11-07 01:07:52,877 - utils_logger - INFO: Сформирован список трназакций за указанный период
2025-11-07 01:07:52,877 - utils_logger - INFO: Сформирован список трназакций за указанный период
2025-11-07 01:07:52,877 - utils_logger - INFO: Сформирован список трназакций за указанный период
2025-11-07 01:07:52,877 - utils_logger - INFO: Сформирован список трназакций за указанный период
2025-11-07 01:07:52,877 - utils_logger - INFO: Сформирован список трназакций за указанный период
2025-11-07 01:07:52,877 - utils_logger - INFO: Сформирован список трназакций за указанный период
2025-11-07 01:07:52,877 - utils_logger - INFO: Сформирован список трназакций за указанный период
2025-11-07 01:07:52,877 - utils_logger - INFO: Сформирован список трназакций за указанный период
2025-11-07 01:07:52,877 - utils_logger - INFO: Сформирован список трназакций за указанный период
2025-11-07 01:07:52,877 - utils_logger - INFO: Сформирован список трназакций за указанный период
2025-11-07 01:07:52,877 - utils_logger - INFO: Сформирован список трназакций за указанный период
2025-11-07 01:07:52,877 - utils_logger - INFO: Сформирован список трназакций за указанный период
2025-11-07 01:07:52,877 - utils_logger - INFO: Сформирован список трназакций за указанный период
2025-11-07 01:07:52,877 - utils_logger - INFO: Сформирован список трназакций за указанный период
2025-11-07 01:07:52,877 - utils_logger - INFO: Сформирован список трназакций за указанный период
2025-11-07 01:07:52,877 - utils_logger - INFO: Сформирован список трназакций за указанный период
2025-11-07 01:07:52,877 - utils_logger - INFO: Сформирован список трназакций за указанный период
2025-11-07 01:07:52,878 - utils_logger - INFO: Сформирован список трназакций за указанный период
2025-11-07 01:07:52,878 - utils_logger - INFO: Сформирован список трназакций за указанный период
2025-11-07 01:07:52,878 - utils_logger - INFO: Сформирован список трназакций за указанный период
2025-11-07 01:07:52,878 - utils_logger - INFO: Сформирован список трназакций за указанный период
2025-11-07 01:07:52,878 - utils_logger - INFO: Сформирован список трназакций за указанный период
2025-11-07 01:07:52,878 - utils_logger - INFO: Сформирован список трназакций за указанный период
2025-11-07 01:07:52,878 - utils_logger - INFO: Сформирован список трназакций за указанный период
2025-11-07 01:07:52,878 - utils_logger - INFO: Сформирован список трназакций за указанный период
2025-11-07 01:07:52,878 - utils_logger - INFO: Сформирован список трназакций за указанный период
2025-11-07 01:07:52,878 - utils_logger - INFO: Сформирован список трназакций за указанный период
2025-11-07 01:07:52,878 - utils_logger - INFO: Сформирован список трназакций за указанный период
2025-11-07 01:07:52,878 - utils_logger - INFO: Сформирован список трназакций за указанный период
2025-11-07 01:07:52,878 - utils_logger - INFO: Сформирован список трназакций за указанный период
2025-11-07 01:07:52,878 - utils_logger - INFO: Сформирован список трназакций за указанный период
2025-11-07 01:07:52,878 - utils_logger - INFO: Сформирован список трназакций за указанный период
2025-11-07 01:07:52,878 - utils_logger - INFO: Сформирован список трназакций за указанный период
2025-11-07 01:07:52,878 - utils_logger - INFO: Сформирован список трназакций за указанный период
2025-11-07 01:07:52,878 - utils_logger - INFO: Сформирован список трназакций за указанный период
2025-11-07 01:07:52,878 - utils_logger - INFO: Сформирован список трназакций за указанный период
2025-11-07 01:07:52,878 - utils_logger - INFO: Сформирован список трназакций за указанный период
2025-11-07 01:07:52,878 - utils_logger - INFO: Сформирован список трназакций за указанный период
2025-11-07 01:07:52,878 - utils_logger - INFO: Сформирован список трназакций за указанный период
2025-11-07 01:07:52,879 - utils_logger - INFO: Сформирован список трназакций за указанный период
2025-11-07 01:07:52,879 - utils_logger - INFO: Сформирован список трназакций за указанный период
2025-11-07 01:07:52,879 - utils_logger - INFO: Сформирован список трназакций за указанный период
2025-11-07 01:07:52,879 - utils_logger - INFO: Сформирован список трназакций за указанный период
2025-11-07 01:07:52,879 - utils_logger - INFO: Сформирован список трназакций за указанный период
2025-11-07 01:07:52,879 - utils_logger - INFO: Сформирован список трназакций за указанный период
2025-11-07 01:07:52,879 - utils_logger - INFO: Сформирован список трназакций за указанный период
2025-11-07 01:07:52,879 - utils_logger - INFO: Сформирован список трназакций за указанный период
2025-11-07 01:07:52,879 - utils_logger - INFO: Сформирован список трназакций за указанный период
2025-11-07 01:07:52,879 - utils_logger - INFO: Сформирован список трназакций за указанный период
2025-11-07 01:07:52,879 - utils_logger - INFO: Сформирован список трназакций за указанный период
2025-11-07 01:07:52,879 - utils_logger - INFO: Сформирован список трназакций за указанный период
2025-11-07 01:07:52,879 - utils_logger - INFO: Сформирован список трназакций за указанный период
2025-11-07 01:07:52,879 - utils_logger - INFO: Сформирован список трназакций за указанный период
2025-11-07 01:07:52,879 - utils_logger - INFO: Сформирован список трназакций за указанный период
2025-11-07 01:07:52,879 - utils_logger - INFO: Сформирован список трназакций за указанный период
2025-11-07 01:07:52,879 - utils_logger - INFO: Сформирован список трназакций за указанный период
2025-11-07 01:07:52,879 - utils_logger - INFO: Сформирован список трназакций за указанный период
2025-11-07 01:07:52,879 - utils_logger - INFO: Сформирован список трназакций за указанный период
2025-11-07 01:07:52,879 - utils_logger - INFO: Сформирован список трназакций за указанный период
2025-11-07 01:07:52,879 - utils_logger - INFO: Сформирован список трназакций за указанный период
2025-11-07 01:07:52,879 - utils_logger - INFO: Сформирован список трназакций за указанный период
2025-11-07 01:07:52,880 - utils_logger - INFO: Сформирован список трназакций за указанный период
2025-11-07 01:07:52,880 - utils_logger - INFO: Сформирован список трназакций за указанный период
2025-11-07 01:07:52,880 - utils_logger - INFO: Сформирован список трназакций за указанный период
2025-11-07 01:07:52,880 - utils_logger - INFO: Сформирован список трназакций за указанный период
2025-11-07 01:07:52,880 - utils_logger - INFO: Сформирован список трназакций за указанный период
2025-11-07 01:07:52,880 - utils_logger - INFO: Сформирован список трназакций за указанный период
2025-11-07 01:07:52,880 - utils_logger - INFO: Сформирован список трназакций за указанный период
2025-11-07 01:07:52,880 - utils_logger - INFO: Сформирован список трназакций за указанный период
2025-11-07 01:07:52,880 - utils_logger - INFO: Сформирован список трназакций за указанный период
2025-11-07 01:07:52,880 - utils_logger - INFO: Сформирован список трназакций за указанный период
2025-11-07 01:07:52,880 - utils_logger - INFO: Сформирован список трназакций за указанный период
2025-11-07 01:07:52,880 - utils_logger - INFO: Сформирован список трназакций за указанный период
2025-11-07 01:07:52,880 - utils_logger - INFO: Сформирован список трназакций за указанный период
2025-11-07 01:07:52,880 - utils_logger - INFO: Сформирован список трназакций за указанный период
2025-11-07 01:07:52,880 - utils_logger - INFO: Сформирован список трназакций за указанный период
2025-11-07 01:07:52,880 - utils_logger - INFO: Сформирован список трназакций за указанный период
2025-11-07 01:07:52,880 - utils_logger - INFO: Сформирован список трназакций за указанный период
2025-11-07 01:07:52,880 - utils_logger - INFO: Сформирован список трназакций за указанный период
2025-11-07 01:07:52,880 - utils_logger - INFO: Сформирован список трназакций за указанный период
2025-11-07 01:07:52,880 - utils_logger - INFO: Сформирован список трназакций за указанный период
2025-11-07 01:07:52,880 - utils_logger - INFO: Сформирован список трназакций за указанный период
2025-11-07 01:07:52,880 - utils_logger - INFO: Сформирован список трназакций за указанный период
2025-11-07 01:07:52,880 - utils_logger - INFO: Сформирован список трназакций за указанный период
2025-11-07 01:07:52,881 - utils_logger - INFO: Сформирован список трназакций за указанный период
2025-11-07 01:07:52,881 - utils_logger - INFO: Сформирован список трназакций за указанный период
2025-11-07 01:07:52,881 - utils_logger - INFO: Сформирован список трназакций за указанный период
2025-11-07 01:07:52,881 - utils_logger - INFO: Сформирован список трназакций за указанный период
2025-11-07 01:07:52,881 - utils_logger - INFO: Сформирован список трназакций за указанный период
2025-11-07 01:07:52,881 - utils_logger - INFO: Сформирован список трназакций за указанный период
2025-11-07 01:07:52,881 - utils_logger - INFO: Сформирован список трназакций за указанный период
2025-11-07 01:07:52,881 - utils_logger - INFO: Сформирован список трназакций за указанный период
2025-11-07 01:07:52,881 - utils_logger - INFO: Сформирован список трназакций за указанный период
2025-11-07 01:07:52,881 - utils_logger - INFO: Сформирован список трназакций за указанный период
2025-11-07 01:07:52,881 - utils_logger - INFO: Сформирован список трназакций за указанный период
2025-11-07 01:07:52,881 - utils_logger - INFO: Сформирован список трназакций за указанный период
2025-11-07 01:07:52,881 - utils_logger - INFO: Сформирован список трназакций за указанный период
2025-11-07 01:07:52,881 - utils_logger - INFO: Сформирован список трназакций за указанный период
2025-11-07 01:07:52,881 - utils_logger - INFO: Сформирован список трназакций за указанный период
2025-11-07 01:07:52,881 - utils_logger - INFO: Сформирован список трназакций за указанный период
2025-11-07 01:07:52,881 - utils_logger - INFO: Сформирован список трназакций за указанный период
2025-11-07 01:07:52,881 - utils_logger - INFO: Сформирован список трназакций за указанный период
2025-11-07 01:07:52,881 - utils_logger - INFO: Сформирован список трназакций за указанный период
2025-11-07 01:07:52,881 - utils_logger - INFO: Сформирован список трназакций за указанный период
2025-11-07 01:07:52,881 - utils_logger - INFO: Сформирован список трназакций за указанный период
2025-11-07 01:07:52,881 - utils_logger - INFO: Сформирован список трназакций за указанный период
2025-11-07 01:07:52,882 - utils_logger - INFO: Сформирован список трназакций за указанный период
2025-11-07 01:07:52,882 - utils_logger - INFO: Сформирован список трназакций за указанный период
2025-11-07 01:07:52,882 - utils_logger - INFO: Сформирован список трназакций за указанный период
2025-11-07 01:07:52,882 - utils_logger - INFO: Сформирован список трназакций за указанный период
2025-11-07 01:07:52,882 - utils_logger - INFO: Сформирован список трназакций за указанный период
2025-11-07 01:07:52,882 - utils_logger - INFO: Сформирован список трназакций за указанный период
2025-11-07 01:07:52,882 - utils_logger - INFO: Сформирован список трназакций за указанный период
2025-11-07 01:07:52,882 - utils_logger - INFO: Сформирован список трназакций за указанный период
2025-11-07 01:07:52,882 - utils_logger - INFO: Сформирован список трназакций за указанный период
2025-11-07 01:07:52,882 - utils_logger - INFO: Сформирован список трназакций за указанный период
2025-11-07 01:07:52,882 - utils_logger - INFO: Сформирован список трназакций за указанный период
2025-11-07 01:07:52,882 - utils_logger - INFO: Сформирован список трназакций за указанный период
2025-11-07 01:07:52,882 - utils_logger - INFO: Сформирован список трназакций за указанный период
2025-11-07 01:07:52,882 - utils_logger - INFO: Сформирован список трназакций за указанный период
2025-11-07 01:07:52,882 - utils_logger - INFO: Сформирован список трназакций за указанный период
2025-11-07 01:07:52,882 - utils_logger - INFO: Сформирован список трназакций за указанный период
2025-11-07 01:07:52,882 - utils_logger - INFO: Сформирован список трназакций за указанный период
2025-11-07 01:07:52,882 - utils_logger - INFO: Сформирован список трназакций за указанный период
2025-11-07 01:07:52,882 - utils_logger - INFO: Сформирован список трназакций за указанный период
2025-11-07 01:07:52,882 - utils_logger - INFO: Сформирован список трназакций за указанный период
2025-11-07 01:07:52,882 - utils_logger - INFO: Сформирован список трназакций за указанный период
2025-11-07 01:07:52,882 - utils_logger - INFO: Сформирован список трназакций за указанный период
2025-11-07 01:07:52,883 - utils_logger - INFO: Сформирован список трназакций за указанный период
2025-11-07 01:07:52,883 - utils_logger - INFO: Сформирован список трназакций за указанный период
2025-11-07 01:07:52,883 - utils_logger - INFO: Сформирован список трназакций за указанный период
2025-11-07 01:07:52,883 - utils_logger - INFO: Сформирован список трназакций за указанный период
2025-11-07 01:07:52,883 - utils_logger - INFO: Сформирован список трназакций за указанный период
2025-11-07 01:07:52,883 - utils_logger - INFO: Сформирован список трназакций за указанный период
2025-11-07 01:07:52,883 - utils_logger - INFO: Сформирован список трназакций за указанный период
2025-11-07 01:07:52,883 - utils_logger - INFO: Сформирован список трназакций за указанный период
2025-11-07 01:07:52,883 - utils_logger - INFO: Сформирован список трназакций за указанный период
2025-11-07 01:07:52,883 - utils_logger - INFO: Сформирован список трназакций за указанный период
2025-11-07 01:07:52,883 - utils_logger - INFO: Сформирован список трназакций за указанный период
2025-11-07 01:07:52,883 - utils_logger - INFO: Сформирован список трназакций за указанный период
2025-11-07 01:07:52,883 - utils_logger - INFO: Сформирован список трназакций за указанный период
2025-11-07 01:07:52,883 - utils_logger - INFO: Сформирован список трназакций за указанный период
2025-11-07 01:07:52,883 - utils_logger - INFO: Сформирован список трназакций за указанный период
2025-11-07 01:07:52,883 - utils_logger - INFO: Сформирован список трназакций за указанный период
2025-11-07 01:07:52,883 - utils_logger - INFO: Сформирован список трназакций за указанный период
2025-11-07 01:07:52,883 - utils_logger - INFO: Сформирован список трназакций за указанный период
2025-11-07 01:07:52,884 - utils_logger - INFO: Сформирован список трназакций за указанный период
2025-11-07 01:07:52,884 - utils_logger - INFO: Сформирован список трназакций за указанный период
2025-11-07 01:07:52,884 - utils_logger - INFO: Сформирован список трназакций за указанный период
2025-11-07 01:07:52,884 - utils_logger - INFO: Сформирован список трназакций за указанный период
2025-11-07 01:07:52,884 - utils_logger - INFO: Сформирован список трназакций за указанный период
2025-11-07 01:07:52,884 - utils_logger - INFO: Сформирован список трназакций за указанный период
2025-11-07 01:07:52,884 - utils_logger - INFO: Сформирован список трназакций за указанный период
2025-11-07 01:07:52,884 - utils_logger - INFO: Сформирован список трназакций за указанный период
2025-11-07 01:07:52,884 - utils_logger - INFO: Сформирован список трназакций за указанный период
2025-11-07 01:07:52,884 - utils_logger - INFO: Сформирован список трназакций за указанный период
2025-11-07 01:07:52,884 - utils_logger - INFO: Сформирован список трназакций за указанный период
2025-11-07 01:07:52,884 - utils_logger - INFO: Сформирован список трназакций за указанный период
2025-11-07 01:07:52,884 - utils_logger - INFO: Сформирован список трназакций за указанный период
2025-11-07 01:07:52,884 - utils_logger - INFO: Сформирован список трназакций за указанный период
2025-11-07 01:07:52,884 - utils_logger - INFO: Сформирован список трназакций за указанный период
2025-11-07 01:07:52,884 - utils_logger - INFO: Сформирован список трназакций за указанный период
2025-11-07 01:07:52,884 - utils_logger - INFO: Сформирован список трназакций за указанный период
2025-11-07 01:07:52,884 - utils_logger - INFO: Сформирован список трназакций за указанный период
2025-11-07 01:07:52,884 - utils_logger - INFO: Сформирован список трназакций за указанный период
2025-11-07 01:07:52,884 - utils_logger - INFO: Сформирован список трназакций за указанный период
2025-11-07 01:07:52,884 - utils_logger - INFO: Сформирован список трназакций за указанный период
2025-11-07 01:07:52,884 - utils_logger - INFO: Сформирован список трназакций за указанный период
2025-11-07 01:07:52,885 - utils_logger - INFO: Сформирован список трназакций за указанный период
2025-11-07 01:07:52,885 - utils_logger - INFO: Сформирован список трназакций за указанный период
2025-11-07 01:07:52,885 - utils_logger - INFO: Сформирован список трназакций за указанный период
2025-11-07 01:07:52,885 - utils_logger - INFO: Сформирован список трназакций за указанный период
2025-11-07 01:07:52,885 - utils_logger - INFO: Сформирован список трназакций за указанный период
2025-11-07 01:07:52,885 - utils_logger - INFO: Сформирован список трназакций за указанный период
2025-11-07 01:07:52,885 - utils_logger - INFO: Сформирован список трназакций за указанный период
2025-11-07 01:07:52,885 - utils_logger - INFO: Сформирован список трназакций за указанный период
2025-11-07 01:07:52,885 - utils_logger - INFO: Сформирован список трназакций за указанный период
2025-11-07 01:07:52,885 - utils_logger - INFO: Сформирован список трназакций за указанный период
2025-11-07 01:07:52,885 - utils_logger - INFO: Сформирован список трназакций за указанный период
2025-11-07 01:07:52,885 - utils_logger - INFO: Сформирован список трназакций за указанный период
2025-11-07 01:07:52,885 - utils_logger - INFO: Сформирован список трназакций за указанный период
2025-11-07 01:07:52,885 - utils_logger - INFO: Сформирован список трназакций за указанный период
2025-11-07 01:07:52,885 - utils_logger - INFO: Сформирован список трназакций за указанный период
2025-11-07 01:07:52,885 - utils_logger - INFO: Сформирован список трназакций за указанный период
2025-11-07 01:07:52,885 - utils_logger - INFO: Сформирован список трназакций за указанный период
2025-11-07 01:07:52,885 - utils_logger - INFO: Сформирован список трназакций за указанный период
2025-11-07 01:07:52,885 - utils_logger - INFO: Сформирован список трназакций за указанный период
2025-11-07 01:07:52,885 - utils_logger - INFO: Сформирован список трназакций за указанный период
2025-11-07 01:07:52,885 - utils_logger - INFO: Сформирован список трназакций за указанный период
2025-11-07 01:07:52,885 - utils_logger - INFO: Сформирован список трназакций за указанный период
2025-11-07 01:07:52,885 - utils_logger - INFO: Сформирован список трназакций за указанный период
2025-11-07 01:07:52,886 - utils_logger - INFO: Сформирован список трназакций за указанный период
2025-11-07 01:07:52,886 - utils_logger - INFO: Сформирован список трназакций за указанный период
2025-11-07 01:07:52,886 - utils_logger - INFO: Сформирован список трназакций за указанный период
2025-11-07 01:07:52,886 - utils_logger - INFO: Сформирован список трназакций за указанный период
2025-11-07 01:07:52,886 - utils_logger - INFO: Сформирован список трназакций за указанный период
2025-11-07 01:07:52,886 - utils_logger - INFO: Сформирован список трназакций за указанный период
2025-11-07 01:07:52,886 - utils_logger - INFO: Сформирован список трназакций за указанный период
2025-11-07 01:07:52,886 - utils_logger - INFO: Сформирован список трназакций за указанный период
2025-11-07 01:07:52,886 - utils_logger - INFO: Сформирован список трназакций за указанный период
2025-11-07 01:07:52,886 - utils_logger - INFO: Сформирован список трназакций за указанный период
2025-11-07 01:07:52,886 - utils_logger - INFO: Сформирован список трназакций за указанный период
2025-11-07 01:07:52,886 - utils_logger - INFO: Сформирован список трназакций за указанный период
2025-11-07 01:07:52,886 - utils_logger - INFO: Сформирован список трназакций за указанный период
2025-11-07 01:07:52,886 - utils_logger - INFO: Сформирован список трназакций за указанный период
2025-11-07 01:07:52,886 - utils_logger - INFO: Сформирован список трназакций за указанный период
2025-11-07 01:07:52,886 - utils_logger - INFO: Сформирован список трназакций за указанный период
2025-11-07 01:07:52,886 - utils_logger - INFO: Сформирован список трназакций за указанный период
2025-11-07 01:07:52,886 - utils_logger - INFO: Сформирован список трназакций за указанный период
2025-11-07 01:07:52,886 - utils_logger - INFO: Сформирован список трназакций за указанный период
2025-11-07 01:07:52,886 - utils_logger - INFO: Сформирован список трназакций за указанный период
2025-11-07 01:07:52,886 - utils_logger - INFO: Сформирован список трназакций за указанный период
2025-11-07 01:07:52,886 - utils_logger - INFO: Сформирован список трназакций за указанный период
2025-11-07 01:07:52,887 - utils_logger - INFO: Сформирован список трназакций за указанный период
2025-11-07 01:07:52,887 - utils_logger - INFO: Сформирован список трназакций за указанный период
2025-11-07 01:07:52,887 - utils_logger - INFO: Сформирован список трназакций за указанный период
2025-11-07 01:07:52,887 - utils_logger - INFO: Сформирован список трназакций за указанный период
2025-11-07 01:07:52,887 - utils_logger - INFO: Сформирован список трназакций за указанный период
2025-11-07 01:07:52,887 - utils_logger - INFO: Сформирован список трназакций за указанный период
2025-11-07 01:07:52,887 - utils_logger - INFO: Сформирован список трназакций за указанный период
2025-11-07 01:07:52,887 - utils_logger - INFO: Сформирован список трназакций за указанный период
2025-11-07 01:07:52,887 - utils_logger - INFO: Сформирован список трназакций за указанный период
2025-11-07 01:07:52,887 - utils_logger - INFO: Сформирован список трназакций за указанный период
2025-11-07 01:07:52,887 - utils_logger - INFO: Сформирован список трназакций за указанный период
2025-11-07 01:07:52,887 - utils_logger - INFO: Сформирован список трназакций за указанный период
2025-11-07 01:07:52,887 - utils_logger - INFO: Сформирован список трназакций за указанный период
2025-11-07 01:07:52,887 - utils_logger - INFO: Сформирован список трназакций за указанный период
2025-11-07 01:07:52,887 - utils_logger - INFO: Сформирован список трназакций за указанный период
2025-11-07 01:07:52,887 - utils_logger - INFO: Сформирован список трназакций за указанный период
2025-11-07 01:07:52,887 - utils_logger - INFO: Сформирован список трназакций за указанный период
2025-11-07 01:07:52,887 - utils_logger - INFO: Сформирован список трназакций за указанный период
2025-11-07 01:07:52,888 - utils_logger - INFO: Сформирован список трназакций за указанный период
2025-11-07 01:07:52,888 - utils_logger - INFO: Сформирован список трназакций за указанный период
2025-11-07 01:07:52,888 - utils_logger - INFO: Сформирован список трназакций за указанный период
2025-11-07 01:07:52,888 - utils_logger - INFO: Сформирован список трназакций за указанный период
2025-11-07 01:07:52,888 - utils_logger - INFO: Сформирован список трназакций за указанный период
2025-11-07 01:07:52,888 - utils_logger - INFO: Сформирован список трназакций за указанный период
2025-11-07 01:07:52,888 - utils_logger - INFO: Сформирован список трназакций за указанный период
2025-11-07 01:07:52,888 - utils_logger - INFO: Сформирован список трназакций за указанный период
2025-11-07 01:07:52,888 - utils_logger - INFO: Сформирован список трназакций за указанный период
2025-11-07 01:07:52,888 - utils_logger - INFO: Сформирован список трназакций за указанный период
2025-11-07 01:07:52,889 - utils_logger - INFO: Сформирован список трназакций за указанный период
2025-11-07 01:07:52,889 - utils_logger - INFO: Сформирован список трназакций за указанный период
2025-11-07 01:07:52,889 - utils_logger - INFO: Сформирован список трназакций за указанный период
2025-11-07 01:07:52,889 - utils_logger - INFO: Сформирован список трназакций за указанный период
2025-11-07 01:07:52,889 - utils_logger - INFO: Сформирован список трназакций за указанный период
2025-11-07 01:07:52,889 - utils_logger - INFO: Сформирован список трназакций за указанный период
2025-11-07 01:07:52,889 - utils_logger - INFO: Сформирован список трназакций за указанный период
2025-11-07 01:07:52,890 - utils_logger - INFO: Сформирован список трназакций за указанный период
2025-11-07 01:07:52,890 - utils_logger - INFO: Сформирован список трназакций за указанный период
2025-11-07 01:07:52,890 - utils_logger - INFO: Сформирован список трназакций за указанный период
2025-11-07 01:07:52,890 - utils_logger - INFO: Сформирован список трназакций за указанный период
2025-11-07 01:07:52,890 - utils_logger - INFO: Сформирован список трназакций за указанный период
2025-11-07 01:07:52,890 - utils_logger - INFO: Сформирован список трназакций за указанный период
2025-11-07 01:07:52,890 - utils_logger - INFO: Сформирован список трназакций за указанный период
2025-11-07 01:07:52,890 - utils_logger - INFO: Сформирован список трназакций за указанный период
2025-11-07 01:07:52,890 - utils_logger - INFO: Сформирован список трназакций за указанный период
2025-11-07 01:07:52,890 - utils_logger - INFO: Сформирован список трназакций за указанный период
2025-11-07 01:07:52,890 - utils_logger - INFO: Сформирован список трназакций за указанный период
2025-11-07 01:07:52,890 - utils_logger - INFO: Сформирован список трназакций за указанный период
2025-11-07 01:07:52,890 - utils_logger - INFO: Сформирован список трназакций за указанный период
2025-11-07 01:07:52,890 - utils_logger - INFO: Сформирован список трназакций за указанный период
2025-11-07 01:07:52,890 - utils_logger - INFO: Сформирован список трназакций за указанный период
2025-11-07 01:07:52,890 - utils_logger - INFO: Сформирован список трназакций за указанный период
2025-11-07 01:07:52,890 - utils_logger - INFO: Сформирован список трназакций за указанный период
2025-11-07 01:07:52,890 - utils_logger - INFO: Сформирован список трназакций за указанный период
2025-11-07 01:07:52,890 - utils_logger - INFO: Сформирован список трназакций за указанный период
2025-11-07 01:07:52,890 - utils_logger - INFO: Сформирован список трназакций за указанный период
2025-11-07 01:07:52,890 - utils_logger - INFO: Сформирован список трназакций за указанный период
2025-11-07 01:07:52,891 - utils_logger - INFO: Сформирован список трназакций за указанный период
2025-11-07 01:07:52,891 - utils_logger - INFO: Сформирован список трназакций за указанный период
2025-11-07 01:07:52,891 - utils_logger - INFO: Сформирован список трназакций за указанный период
2025-11-07 01:07:52,891 - utils_logger - INFO: Сформирован список трназакций за указанный период
2025-11-07 01:07:52,891 - utils_logger - INFO: Сформирован список трназакций за указанный период
2025-11-07 01:07:52,891 - utils_logger - INFO: Сформирован список трназакций за указанный период
2025-11-07 01:07:52,891 - utils_logger - INFO: Сформирован список трназакций за указанный период
2025-11-07 01:07:52,891 - utils_logger - INFO: Сформирован список трназакций за указанный период
2025-11-07 01:07:52,891 - utils_logger - INFO: Сформирован список трназакций за указанный период
2025-11-07 01:07:52,891 - utils_logger - INFO: Сформирован список трназакций за указанный период
2025-11-07 01:07:52,891 - utils_logger - INFO: Сформирован список трназакций за указанный период
2025-11-07 01:07:52,891 - utils_logger - INFO: Сформирован список трназакций за указанный период
2025-11-07 01:07:52,891 - utils_logger - INFO: Сформирован список трназакций за указанный период
2025-11-07 01:07:52,891 - utils_logger - INFO: Сформирован список трназакций за указанный период
2025-11-07 01:07:52,891 - utils_logger - INFO: Сформирован список трназакций за указанный период
2025-11-07 01:07:52,891 - utils_logger - INFO: Сформирован список трназакций за указанный период
2025-11-07 01:07:52,891 - utils_logger - INFO: Сформирован список трназакций за указанный период
2025-11-07 01:07:52,891 - utils_logger - INFO: Сформирован список трназакций за указанный период
2025-11-07 01:07:52,891 - utils_logger - INFO: Сформирован список трназакций за указанный период
2025-11-07 01:07:52,891 - utils_logger - INFO: Сформирован список трназакций за указанный период
2025-11-07 01:07:52,891 - utils_logger - INFO: Сформирован список трназакций за указанный период
2025-11-07 01:07:52,891 - utils_logger - INFO: Сформирован список трназакций за указанный период
2025-11-07 01:07:52,892 - utils_logger - INFO: Сформирован список трназакций за указанный период
2025-11-07 01:07:52,892 - utils_logger - INFO: Сформирован список трназакций за указанный период
2025-11-07 01:07:52,892 - utils_logger - INFO: Сформирован список трназакций за указанный период
2025-11-07 01:07:52,892 - utils_logger - INFO: Сформирован список трназакций за указанный период
2025-11-07 01:07:52,892 - utils_logger - INFO: Сформирован список трназакций за указанный период
2025-11-07 01:07:52,892 - utils_logger - INFO: Сформирован список трназакций за указанный период
2025-11-07 01:07:52,892 - utils_logger - INFO: Сформирован список трназакций за указанный период
2025-11-07 01:07:52,892 - utils_logger - INFO: Сформирован список трназакций за указанный период
2025-11-07 01:07:52,892 - utils_logger - INFO: Сформирован список трназакций за указанный период
2025-11-07 01:07:52,892 - utils_logger - INFO: Сформирован список трназакций за указанный период
2025-11-07 01:07:52,892 - utils_logger - INFO: Сформирован список трназакций за указанный период
2025-11-07 01:07:52,892 - utils_logger - INFO: Сформирован список трназакций за указанный период
2025-11-07 01:07:52,892 - utils_logger - INFO: Сформирован список трназакций за указанный период
2025-11-07 01:07:52,892 - utils_logger - INFO: Сформирован список трназакций за указанный период
2025-11-07 01:07:52,892 - utils_logger - INFO: Сформирован список трназакций за указанный период
2025-11-07 01:07:52,893 - utils_logger - INFO: Сформирован список трназакций за указанный период
2025-11-07 01:07:52,893 - utils_logger - INFO: Сформирован список трназакций за указанный период
2025-11-07 01:07:52,893 - utils_logger - INFO: Сформирован список трназакций за указанный период
2025-11-07 01:07:52,893 - utils_logger - INFO: Сформирован список трназакций за указанный период
2025-11-07 01:07:52,893 - utils_logger - INFO: Сформирован список трназакций за указанный период
2025-11-07 01:07:52,893 - utils_logger - INFO: Сформирован список трназакций за указанный период
2025-11-07 01:07:52,893 - utils_logger - INFO: Сформирован список трназакций за указанный период
2025-11-07 01:07:52,893 - utils_logger - INFO: Сформирован список трназакций за указанный период
2025-11-07 01:07:52,893 - utils_logger - INFO: Сформирован список трназакций за указанный период
2025-11-07 01:07:52,893 - utils_logger - INFO: Сформирован список трназакций за указанный период
2025-11-07 01:07:52,893 - utils_logger - INFO: Сформирован список трназакций за указанный период
2025-11-07 01:07:52,893 - utils_logger - INFO: Сформирован список трназакций за указанный период
2025-11-07 01:07:52,893 - utils_logger - INFO: Сформирован список трназакций за указанный период
2025-11-07 01:07:52,893 - utils_logger - INFO: Сформирован список трназакций за указанный период
2025-11-07 01:07:52,893 - utils_logger - INFO: Сформирован список трназакций за указанный период
2025-11-07 01:07:52,893 - utils_logger - INFO: Сформирован список трназакций за указанный период
2025-11-07 01:07:52,893 - utils_logger - INFO: Сформирован список трназакций за указанный период
2025-11-07 01:07:52,893 - utils_logger - INFO: Сформирован список трназакций за указанный период
2025-11-07 01:07:52,893 - utils_logger - INFO: Сформирован список трназакций за указанный период
2025-11-07 01:07:52,893 - utils_logger - INFO: Сформирован список трназакций за указанный период
2025-11-07 01:07:52,893 - utils_logger - INFO: Сформирован список трназакций за указанный период
2025-11-07 01:07:52,894 - utils_logger - INFO: Сформирован список трназакций за указанный период
2025-11-07 01:07:52,894 - utils_logger - INFO: Сформирован список трназакций за указанный период
2025-11-07 01:07:52,894 - utils_logger - INFO: Сформирован список трназакций за указанный период
2025-11-07 01:07:52,894 - utils_logger - INFO: Сформирован список трназакций за указанный период
2025-11-07 01:07:52,894 - utils_logger - INFO: Сформирован список трназакций за указанный период
2025-11-07 01:07:52,894 - utils_logger - INFO: Сформирован список трназакций за указанный период
2025-11-07 01:07:52,894 - utils_logger - INFO: Сформирован список трназакций за указанный период
2025-11-07 01:07:52,894 - utils_logger - INFO: Сформирован список трназакций за указанный период
2025-11-07 01:07:52,894 - utils_logger - INFO: Сформирован список трназакций за указанный период
2025-11-07 01:07:52,894 - utils_logger - INFO: Сформирован список трназакций за указанный период
2025-11-07 01:07:52,894 - utils_logger - INFO: Сформирован список трназакций за указанный период
2025-11-07 01:07:52,894 - utils_logger - INFO: Сформирован список трназакций за указанный период
2025-11-07 01:07:52,894 - utils_logger - INFO: Сформирован список трназакций за указанный период
2025-11-07 01:07:52,894 - utils_logger - INFO: Сформирован список трназакций за указанный период
2025-11-07 01:07:52,894 - utils_logger - INFO: Сформирован список трназакций за указанный период
2025-11-07 01:07:52,894 - utils_logger - INFO: Сформирован список трназакций за указанный период
2025-11-07 01:07:52,894 - utils_logger - INFO: Сформирован список трназакций за указанный период
2025-11-07 01:07:52,894 - utils_logger - INFO: Сформирован список трназакций за указанный период
2025-11-07 01:07:52,894 - utils_logger - INFO: Сформирован список трназакций за указанный период
2025-11-07 01:07:52,894 - utils_logger - INFO: Сформирован список трназакций за указанный период
2025-11-07 01:07:52,894 - utils_logger - INFO: Сформирован список трназакций за указанный период
2025-11-07 01:07:52,895 - utils_logger - INFO: Сформирован список трназакций за указанный период
2025-11-07 01:07:52,895 - utils_logger - INFO: Сформирован список трназакций за указанный период
2025-11-07 01:07:52,895 - utils_logger - INFO: Сформирован список трназакций за указанный период
2025-11-07 01:07:52,895 - utils_logger - INFO: Сформирован список трназакций за указанный период
2025-11-07 01:07:52,895 - utils_logger - INFO: Сформирован список трназакций за указанный период
2025-11-07 01:07:52,895 - utils_logger - INFO: Сформирован список трназакций за указанный период
2025-11-07 01:07:52,895 - utils_logger - INFO: Сформирован список трназакций за указанный период
2025-11-07 01:07:52,895 - utils_logger - INFO: Сформирован список трназакций за указанный период
2025-11-07 01:07:52,895 - utils_logger - INFO: Сформирован список трназакций за указанный период
2025-11-07 01:07:52,895 - utils_logger - INFO: Сформирован список трназакций за указанный период
2025-11-07 01:07:52,895 - utils_logger - INFO: Сформирован список трназакций за указанный период
2025-11-07 01:07:52,895 - utils_logger - INFO: Сформирован список трназакций за указанный период
2025-11-07 01:07:52,895 - utils_logger - INFO: Сформирован список трназакций за указанный период
2025-11-07 01:07:52,895 - utils_logger - INFO: Сформирован список трназакций за указанный период
2025-11-07 01:07:52,895 - utils_logger - INFO: Сформирован список трназакций за указанный период
2025-11-07 01:07:52,895 - utils_logger - INFO: Сформирован список трназакций за указанный период
2025-11-07 01:07:52,895 - utils_logger - INFO: Сформирован список трназакций за указанный период
2025-11-07 01:07:52,895 - utils_logger - INFO: Сформирован список трназакций за указанный период
2025-11-07 01:07:52,895 - utils_logger - INFO: Сформирован список трназакций за указанный период
2025-11-07 01:07:52,895 - utils_logger - INFO: Сформирован список трназакций за указанный период
2025-11-07 01:07:52,895 - utils_logger - INFO: Сформирован список трназакций за указанный период
2025-11-07 01:07:52,896 - utils_logger - INFO: Сформирован список трназакций за указанный период
2025-11-07 01:07:52,896 - utils_logger - INFO: Сформирован список трназакций за указанный период
2025-11-07 01:07:52,896 - utils_logger - INFO: Сформирован список трназакций за указанный период
2025-11-07 01:07:52,896 - utils_logger - INFO: Сформирован список трназакций за указанный период
2025-11-07 01:07:52,896 - utils_logger - INFO: Сформирован список трназакций за указанный период
2025-11-07 01:07:52,896 - utils_logger - INFO: Сформирован список трназакций за указанный период
2025-11-07 01:07:52,896 - utils_logger - INFO: Сформирован список трназакций за указанный период
2025-11-07 01:07:52,896 - utils_logger - INFO: Сформирован список трназакций за указанный период
2025-11-07 01:07:52,896 - utils_logger - INFO: Сформирован список трназакций за указанный период
2025-11-07 01:07:52,896 - utils_logger - INFO: Сформирован список трназакций за указанный период
2025-11-07 01:07:52,896 - utils_logger - INFO: Сформирован список трназакций за указанный период
2025-11-07 01:07:52,896 - utils_logger - INFO: Сформирован список трназакций за указанный период
2025-11-07 01:07:52,896 - utils_logger - INFO: Сформирован список трназакций за указанный период
2025-11-07 01:07:52,896 - utils_logger - INFO: Сформирован список трназакций за указанный период
2025-11-07 01:07:52,896 - utils_logger - INFO: Сформирован список трназакций за указанный период
2025-11-07 01:07:52,896 - utils_logger - INFO: Сформирован список трназакций за указанный период
2025-11-07 01:07:52,896 - utils_logger - INFO: Сформирован список трназакций за указанный период
2025-11-07 01:07:52,896 - utils_logger - INFO: Сформирован список трназакций за указанный период
2025-11-07 01:07:52,896 - utils_logger - INFO: Сформирован список трназакций за указанный период
2025-11-07 01:07:52,896 - utils_logger - INFO: Сформирован список трназакций за указанный период
2025-11-07 01:07:52,896 - utils_logger - INFO: Сформирован список трназакций за указанный период
2025-11-07 01:07:52,896 - utils_logger - INFO: Сформирован список трназакций за указанный период
2025-11-07 01:07:52,897 - utils_logger - INFO: Сформирован список трназакций за указанный период
2025-11-07 01:07:52,897 - utils_logger - INFO: Сформирован список трназакций за указанный период
2025-11-07 01:07:52,897 - utils_logger - INFO: Сформирован список трназакций за указанный период
2025-11-07 01:07:52,897 - utils_logger - INFO: Сформирован список трназакций за указанный период
2025-11-07 01:07:52,897 - utils_logger - INFO: Сформирован список трназакций за указанный период
2025-11-07 01:07:52,897 - utils_logger - INFO: Сформирован список трназакций за указанный период
2025-11-07 01:07:52,897 - utils_logger - INFO: Сформирован список трназакций за указанный период
2025-11-07 01:07:52,897 - utils_logger - INFO: Сформирован список трназакций за указанный период
2025-11-07 01:07:52,897 - utils_logger - INFO: Сформирован список трназакций за указанный период
2025-11-07 01:07:52,897 - utils_logger - INFO: Сформирован список трназакций за указанный период
2025-11-07 01:07:52,897 - utils_logger - INFO: Сформирован список трназакций за указанный период
2025-11-07 01:07:52,897 - utils_logger - INFO: Сформирован список трназакций за указанный период
2025-11-07 01:07:52,897 - utils_logger - INFO: Сформирован список трназакций за указанный период
2025-11-07 01:07:52,897 - utils_logger - INFO: Сформирован список трназакций за указанный период
2025-11-07 01:07:52,897 - utils_logger - INFO: Сформирован список трназакций за указанный период
2025-11-07 01:07:52,897 - utils_logger - INFO: Сформирован список трназакций за указанный период
2025-11-07 01:07:52,897 - utils_logger - INFO: Сформирован список трназакций за указанный период
2025-11-07 01:07:52,897 - utils_logger - INFO: Сформирован список трназакций за указанный период
2025-11-07 01:07:52,898 - utils_logger - INFO: Сформирован список трназакций за указанный период
2025-11-07 01:07:52,898 - utils_logger - INFO: Сформирован список трназакций за указанный период
2025-11-07 01:07:52,898 - utils_logger - INFO: Сформирован список трназакций за указанный период
2025-11-07 01:07:52,898 - utils_logger - INFO: Сформирован список трназакций за указанный период
2025-11-07 01:07:52,898 - utils_logger - INFO: Сформирован список трназакций за указанный период
2025-11-07 01:07:52,898 - utils_logger - INFO: Сформирован список трназакций за указанный период
2025-11-07 01:07:52,898 - utils_logger - INFO: Сформирован список трназакций за указанный период
2025-11-07 01:07:52,898 - utils_logger - INFO: Сформирован список трназакций за указанный период
2025-11-07 01:07:52,898 - utils_logger - INFO: Сформирован список трназакций за указанный период
2025-11-07 01:07:52,898 - utils_logger - INFO: Сформирован список трназакций за указанный период
2025-11-07 01:07:52,898 - utils_logger - INFO: Сформирован список трназакций за указанный период
2025-11-07 01:07:52,898 - utils_logger - INFO: Сформирован список трназакций за указанный период
2025-11-07 01:07:52,898 - utils_logger - INFO: Сформирован список трназакций за указанный период
2025-11-07 01:07:52,899 - utils_logger - INFO: Сформирован список трназакций за указанный период
2025-11-07 01:07:52,899 - utils_logger - INFO: Сформирован список трназакций за указанный период
2025-11-07 01:07:52,899 - utils_logger - INFO: Сформирован список трназакций за указанный период
2025-11-07 01:07:52,899 - utils_logger - INFO: Сформирован список трназакций за указанный период
2025-11-07 01:07:52,899 - utils_logger - INFO: Сформирован список трназакций за указанный период
2025-11-07 01:07:52,899 - utils_logger - INFO: Сформирован список трназакций за указанный период
2025-11-07 01:07:52,899 - utils_logger - INFO: Сформирован список трназакций за указанный период
2025-11-07 01:07:52,899 - utils_logger - INFO: Сформирован список трназакций за указанный период
2025-11-07 01:07:52,899 - utils_logger - INFO: Сформирован список трназакций за указанный период
2025-11-07 01:07:52,899 - utils_logger - INFO: Сформирован список трназакций за указанный период
2025-11-07 01:07:52,899 - utils_logger - INFO: Сформирован список трназакций за указанный период
2025-11-07 01:07:52,899 - utils_logger - INFO: Сформирован список трназакций за указанный период
2025-11-07 01:07:52,899 - utils_logger - INFO: Сформирован список трназакций за указанный период
2025-11-07 01:07:52,899 - utils_logger - INFO: Сформирован список трназакций за указанный период
2025-11-07 01:07:52,900 - utils_logger - INFO: Сформирован список трназакций за указанный период
2025-11-07 01:07:52,900 - utils_logger - INFO: Сформирован список трназакций за указанный период
2025-11-07 01:07:52,900 - utils_logger - INFO: Сформирован список трназакций за указанный период
2025-11-07 01:07:52,900 - utils_logger - INFO: Сформирован список трназакций за указанный период
2025-11-07 01:07:52,900 - utils_logger - INFO: Сформирован список трназакций за указанный период
2025-11-07 01:07:52,900 - utils_logger - INFO: Сформирован список трназакций за указанный период
2025-11-07 01:07:52,900 - utils_logger - INFO: Сформирован список трназакций за указанный период
2025-11-07 01:07:52,900 - utils_logger - INFO: Сформирован список трназакций за указанный период
2025-11-07 01:07:52,900 - utils_logger - INFO: Сформирован список трназакций за указанный период
2025-11-07 01:07:52,900 - utils_logger - INFO: Сформирован список трназакций за указанный период
2025-11-07 01:07:52,900 - utils_logger - INFO: Сформирован список трназакций за указанный период
2025-11-07 01:07:52,900 - utils_logger - INFO: Сформирован список трназакций за указанный период
2025-11-07 01:07:52,900 - utils_logger - INFO: Сформирован список трназакций за указанный период
2025-11-07 01:07:52,900 - utils_logger - INFO: Сформирован список трназакций за указанный период
2025-11-07 01:07:52,901 - utils_logger - INFO: Сформирован список трназакций за указанный период
2025-11-07 01:07:52,901 - utils_logger - INFO: Сформирован список трназакций за указанный период
2025-11-07 01:07:52,901 - utils_logger - INFO: Сформирован список трназакций за указанный период
2025-11-07 01:07:52,901 - utils_logger - INFO: Сформирован список трназакций за указанный период
2025-11-07 01:07:52,901 - utils_logger - INFO: Сформирован список трназакций за указанный период
2025-11-07 01:07:52,901 - utils_logger - INFO: Сформирован список трназакций за указанный период
2025-11-07 01:07:52,901 - utils_logger - INFO: Сформирован список трназакций за указанный период
2025-11-07 01:07:52,901 - utils_logger - INFO: Сформирован список трназакций за указанный период
2025-11-07 01:07:52,901 - utils_logger - INFO: Сформирован список трназакций за указанный период
2025-11-07 01:07:52,901 - utils_logger - INFO: Сформирован список трназакций за указанный период
2025-11-07 01:07:52,901 - utils_logger - INFO: Сформирован список трназакций за указанный период
2025-11-07 01:07:52,901 - utils_logger - INFO: Сформирован список трназакций за указанный период
2025-11-07 01:07:52,901 - utils_logger - INFO: Сформирован список трназакций за указанный период
2025-11-07 01:07:52,901 - utils_logger - INFO: Сформирован список трназакций за указанный период
2025-11-07 01:07:52,901 - utils_logger - INFO: Сформирован список трназакций за указанный период
2025-11-07 01:07:52,901 - utils_logger - INFO: Сформирован список трназакций за указанный период
2025-11-07 01:07:52,901 - utils_logger - INFO: Сформирован список трназакций за указанный период
2025-11-07 01:07:52,901 - utils_logger - INFO: Сформирован список трназакций за указанный период
2025-11-07 01:07:52,901 - utils_logger - INFO: Сформирован список трназакций за указанный период
2025-11-07 01:07:52,902 - utils_logger - INFO: Сформирован список трназакций за указанный период
2025-11-07 01:07:52,902 - utils_logger - INFO: Сформирован список трназакций за указанный период
2025-11-07 01:07:52,902 - utils_logger - INFO: Сформирован список трназакций за указанный период
2025-11-07 01:07:52,902 - utils_logger - INFO: Сформирован список трназакций за указанный период
2025-11-07 01:07:52,902 - utils_logger - INFO: Сформирован список трназакций за указанный период
2025-11-07 01:07:52,902 - utils_logger - INFO: Сформирован список трназакций за указанный период
2025-11-07 01:07:52,902 - utils_logger - INFO: Сформирован список трназакций за указанный период
2025-11-07 01:07:52,902 - utils_logger - INFO: Сформирован список трназакций за указанный период
2025-11-07 01:07:52,902 - utils_logger - INFO: Сформирован список трназакций за указанный период
2025-11-07 01:07:52,902 - utils_logger - INFO: Сформирован список трназакций за указанный период
2025-11-07 01:07:52,902 - utils_logger - INFO: Сформирован список трназакций за указанный период
2025-11-07 01:07:52,902 - utils_logger - INFO: Сформирован список трназакций за указанный период
2025-11-07 01:07:52,902 - utils_logger - INFO: Сформирован список трназакций за указанный период
2025-11-07 01:07:52,902 - utils_logger - INFO: Сформирован список трназакций за указанный период
2025-11-07 01:07:52,902 - utils_logger - INFO: Сформирован список трназакций за указанный период
2025-11-07 01:07:52,902 - utils_logger - INFO: Сформирован список трназакций за указанный период
2025-11-07 01:07:52,902 - utils_logger - INFO: Сформирован список трназакций за указанный период
2025-11-07 01:07:52,902 - utils_logger - INFO: Сформирован список трназакций за указанный период
2025-11-07 01:07:52,903 - utils_logger - INFO: Сформирован список трназакций за указанный период
2025-11-07 01:07:52,903 - utils_logger - INFO: Сформирован список трназакций за указанный период
2025-11-07 01:07:52,903 - utils_logger - INFO: Сформирован список трназакций за указанный период
2025-11-07 01:07:52,903 - utils_logger - INFO: Сформирован список трназакций за указанный период
2025-11-07 01:07:52,903 - utils_logger - INFO: Сформирован список трназакций за указанный период
2025-11-07 01:07:52,903 - utils_logger - INFO: Сформирован список трназакций за указанный период
2025-11-07 01:07:52,903 - utils_logger - INFO: Сформирован список трназакций за указанный период
2025-11-07 01:07:52,903 - utils_logger - INFO: Сформирован список трназакций за указанный период
2025-11-07 01:07:52,903 - utils_logger - INFO: Сформирован список трназакций за указанный период
2025-11-07 01:07:52,903 - utils_logger - INFO: Сформирован список трназакций за указанный период
2025-11-07 01:07:52,903 - utils_logger - INFO: Сформирован список трназакций за указанный период
2025-11-07 01:07:52,903 - utils_logger - INFO: Сформирован список трназакций за указанный период
2025-11-07 01:07:52,903 - utils_logger - INFO: Сформирован список трназакций за указанный период
2025-11-07 01:07:52,903 - utils_logger - INFO: Сформирован список трназакций за указанный период
2025-11-07 01:07:52,903 - utils_logger - INFO: Сформирован список трназакций за указанный период
2025-11-07 01:07:52,903 - utils_logger - INFO: Сформирован список трназакций за указанный период
2025-11-07 01:07:52,903 - utils_logger - INFO: Сформирован список трназакций за указанный период
2025-11-07 01:07:52,903 - utils_logger - INFO: Сформирован список трназакций за указанный период
2025-11-07 01:07:52,904 - utils_logger - INFO: Сформирован список трназакций за указанный период
2025-11-07 01:07:52,904 - utils_logger - INFO: Сформирован список трназакций за указанный период
2025-11-07 01:07:52,904 - utils_logger - INFO: Сформирован список трназакций за указанный период
2025-11-07 01:07:52,904 - utils_logger - INFO: Сформирован список трназакций за указанный период
2025-11-07 01:07:52,904 - utils_logger - INFO: Сформирован список трназакций за указанный период
2025-11-07 01:07:52,904 - utils_logger - INFO: Сформирован список трназакций за указанный период
2025-11-07 01:07:52,904 - utils_logger - INFO: Сформирован список трназакций за указанный период
2025-11-07 01:07:52,904 - utils_logger - INFO: Сформирован список трназакций за указанный период
2025-11-07 01:07:52,904 - utils_logger - INFO: Сформирован список трназакций за указанный период
2025-11-07 01:07:52,904 - utils_logger - INFO: Сформирован список трназакций за указанный период
2025-11-07 01:07:52,904 - utils_logger - INFO: Сформирован список трназакций за указанный период
2025-11-07 01:07:52,904 - utils_logger - INFO: Сформирован список трназакций за указанный период
2025-11-07 01:07:52,904 - utils_logger - INFO: Сформирован список трназакций за указанный период
2025-11-07 01:07:52,904 - utils_logger - INFO: Сформирован список трназакций за указанный период
2025-11-07 01:07:52,904 - utils_logger - INFO: Сформирован список трназакций за указанный период
2025-11-07 01:07:52,905 - utils_logger - INFO: Сформирован список трназакций за указанный период
2025-11-07 01:07:52,905 - utils_logger - INFO: Сформирован список трназакций за указанный период
2025-11-07 01:07:52,905 - utils_logger - INFO: Сформирован список трназакций за указанный период
2025-11-07 01:07:52,905 - utils_logger - INFO: Сформирован список трназакций за указанный период
2025-11-07 01:07:52,905 - utils_logger - INFO: Сформирован список трназакций за указанный период
2025-11-07 01:07:52,905 - utils_logger - INFO: Сформирован список трназакций за указанный период
2025-11-07 01:07:52,905 - utils_logger - INFO: Сформирован список трназакций за указанный период
2025-11-07 01:07:52,905 - utils_logger - INFO: Сформирован список трназакций за указанный период
2025-11-07 01:07:52,905 - utils_logger - INFO: Сформирован список трназакций за указанный период
2025-11-07 01:07:52,905 - utils_logger - INFO: Сформирован список трназакций за указанный период
2025-11-07 01:07:52,905 - utils_logger - INFO: Сформирован список трназакций за указанный период
2025-11-07 01:07:52,905 - utils_logger - INFO: Сформирован список трназакций за указанный период
2025-11-07 01:07:52,905 - utils_logger - INFO: Сформирован список трназакций за указанный период
2025-11-07 01:07:52,905 - utils_logger - INFO: Сформирован список трназакций за указанный период
2025-11-07 01:07:52,905 - utils_logger - INFO: Сформирован список трназакций за указанный период
2025-11-07 01:07:52,905 - utils_logger - INFO: Сформирован список трназакций за указанный период
2025-11-07 01:07:52,905 - utils_logger - INFO: Сформирован список трназакций за указанный период
2025-11-07 01:07:52,905 - utils_logger - INFO: Сформирован список трназакций за указанный период
2025-11-07 01:07:52,905 - utils_logger - INFO: Сформирован список трназакций за указанный период
2025-11-07 01:07:52,906 - utils_logger - INFO: Сформирован список трназакций за указанный период
2025-11-07 01:07:52,906 - utils_logger - INFO: Сформирован список трназакций за указанный период
2025-11-07 01:07:52,906 - utils_logger - INFO: Сформирован список трназакций за указанный период
2025-11-07 01:07:52,906 - utils_logger - INFO: Сформирован список трназакций за указанный период
2025-11-07 01:07:52,906 - utils_logger - INFO: Сформирован список трназакций за указанный период
2025-11-07 01:07:52,906 - utils_logger - INFO: Сформирован список трназакций за указанный период
2025-11-07 01:07:52,906 - utils_logger - INFO: Сформирован список трназакций за указанный период
2025-11-07 01:07:52,906 - utils_logger - INFO: Сформирован список трназакций за указанный период
2025-11-07 01:07:52,906 - utils_logger - INFO: Сформирован список трназакций за указанный период
2025-11-07 01:07:52,906 - utils_logger - INFO: Сформирован список трназакций за указанный период
2025-11-07 01:07:52,906 - utils_logger - INFO: Сформирован список трназакций за указанный период
2025-11-07 01:07:52,906 - utils_logger - INFO: Сформирован список трназакций за указанный период
2025-11-07 01:07:52,906 - utils_logger - INFO: Сформирован список трназакций за указанный период
2025-11-07 01:07:52,906 - utils_logger - INFO: Сформирован список трназакций за указанный период
2025-11-07 01:07:52,906 - utils_logger - INFO: Сформирован список трназакций за указанный период
2025-11-07 01:07:52,907 - utils_logger - INFO: Сформирован список трназакций за указанный период
2025-11-07 01:07:52,907 - utils_logger - INFO: Сформирован список трназакций за указанный период
2025-11-07 01:07:52,907 - utils_logger - INFO: Сформирован список трназакций за указанный период
2025-11-07 01:07:52,907 - utils_logger - INFO: Сформирован список трназакций за указанный период
2025-11-07 01:07:52,907 - utils_logger - INFO: Сформирован список трназакций за указанный период
2025-11-07 01:07:52,907 - utils_logger - INFO: Сформирован список трназакций за указанный период
2025-11-07 01:07:52,907 - utils_logger - INFO: Сформирован список трназакций за указанный период
2025-11-07 01:07:52,907 - utils_logger - INFO: Сформирован список трназакций за указанный период
2025-11-07 01:07:52,907 - utils_logger - INFO: Сформирован список трназакций за указанный период
2025-11-07 01:07:52,907 - utils_logger - INFO: Сформирован список трназакций за указанный период
2025-11-07 01:07:52,907 - utils_logger - INFO: Сформирован список трназакций за указанный период
2025-11-07 01:07:52,907 - utils_logger - INFO: Сформирован список трназакций за указанный период
2025-11-07 01:07:52,907 - utils_logger - INFO: Сформирован список трназакций за указанный период
2025-11-07 01:07:52,907 - utils_logger - INFO: Сформирован список трназакций за указанный период
2025-11-07 01:07:52,907 - utils_logger - INFO: Сформирован список трназакций за указанный период
2025-11-07 01:07:52,907 - utils_logger - INFO: Сформирован список трназакций за указанный период
2025-11-07 01:07:52,907 - utils_logger - INFO: Сформирован список трназакций за указанный период
2025-11-07 01:07:52,908 - utils_logger - INFO: Сформирован список трназакций за указанный период
2025-11-07 01:07:52,908 - utils_logger - INFO: Сформирован список трназакций за указанный период
2025-11-07 01:07:52,908 - utils_logger - INFO: Сформирован список трназакций за указанный период
2025-11-07 01:07:52,908 - utils_logger - INFO: Сформирован список трназакций за указанный период
2025-11-07 01:07:52,908 - utils_logger - INFO: Сформирован список трназакций за указанный период
2025-11-07 01:07:52,908 - utils_logger - INFO: Сформирован список трназакций за указанный период
2025-11-07 01:07:52,908 - utils_logger - INFO: Сформирован список трназакций за указанный период
2025-11-07 01:07:52,908 - utils_logger - INFO: Сформирован список трназакций за указанный период
2025-11-07 01:07:52,908 - utils_logger - INFO: Сформирован список трназакций за указанный период
2025-11-07 01:07:52,908 - utils_logger - INFO: Сформирован список трназакций за указанный период
2025-11-07 01:07:52,908 - utils_logger - INFO: Сформирован список трназакций за указанный период
2025-11-07 01:07:52,909 - utils_logger - INFO: Сформирован список трназакций за указанный период
2025-11-07 01:07:52,909 - utils_logger - INFO: Сформирован список трназакций за указанный период
2025-11-07 01:07:52,909 - utils_logger - INFO: Сформирован список трназакций за указанный период
2025-11-07 01:07:52,909 - utils_logger - INFO: Сформирован список трназакций за указанный период
2025-11-07 01:07:52,909 - utils_logger - INFO: Сформирован список трназакций за указанный период
2025-11-07 01:07:52,909 - utils_logger - INFO: Сформирован список трназакций за указанный период
2025-11-07 01:07:52,909 - utils_logger - INFO: Сформирован список трназакций за указанный период
2025-11-07 01:07:52,909 - utils_logger - INFO: Сформирован список трназакций за указанный период
2025-11-07 01:07:52,909 - utils_logger - INFO: Сформирован список трназакций за указанный период
2025-11-07 01:07:52,909 - utils_logger - INFO: Сформирован список трназакций за указанный период
2025-11-07 01:07:52,909 - utils_logger - INFO: Сформирован список трназакций за указанный период
2025-11-07 01:07:52,909 - utils_logger - INFO: Сформирован список трназакций за указанный период
2025-11-07 01:07:52,909 - utils_logger - INFO: Сформирован список трназакций за указанный период
2025-11-07 01:07:52,910 - utils_logger - INFO: Сформирован список трназакций за указанный период
2025-11-07 01:07:52,910 - utils_logger - INFO: Сформирован список трназакций за указанный период
2025-11-07 01:07:52,910 - utils_logger - INFO: Сформирован список трназакций за указанный период
2025-11-07 01:07:52,910 - utils_logger - INFO: Сформирован список трназакций за указанный период
2025-11-07 01:07:52,910 - utils_logger - INFO: Сформирован список трназакций за указанный период
2025-11-07 01:07:52,910 - utils_logger - INFO: Сформирован список трназакций за указанный период
2025-11-07 01:07:52,910 - utils_logger - INFO: Сформирован список трназакций за указанный период
2025-11-07 01:07:52,910 - utils_logger - INFO: Сформирован список трназакций за указанный период
2025-11-07 01:07:52,910 - utils_logger - INFO: Сформирован список трназакций за указанный период
2025-11-07 01:07:52,910 - utils_logger - INFO: Сформирован список трназакций за указанный период
2025-11-07 01:07:52,910 - utils_logger - INFO: Сформирован список трназакций за указанный период
2025-11-07 01:07:52,910 - utils_logger - INFO: Сформирован список трназакций за указанный период
2025-11-07 01:07:52,910 - utils_logger - INFO: Сформирован список трназакций за указанный период
2025-11-07 01:07:52,910 - utils_logger - INFO: Сформирован список трназакций за указанный период
2025-11-07 01:07:52,910 - utils_logger - INFO: Сформирован список трназакций за указанный период
2025-11-07 01:07:52,910 - utils_logger - INFO: Сформирован список трназакций за указанный период
2025-11-07 01:07:52,910 - utils_logger - INFO: Сформирован список трназакций за указанный период
2025-11-07 01:07:52,910 - utils_logger - INFO: Сформирован список трназакций за указанный период
2025-11-07 01:07:52,910 - utils_logger - INFO: Сформирован список трназакций за указанный период
2025-11-07 01:07:52,910 - utils_logger - INFO: Сформирован список трназакций за указанный период
2025-11-07 01:07:52,910 - utils_logger - INFO: Сформирован список трназакций за указанный период
2025-11-07 01:07:52,911 - utils_logger - INFO: Сформирован список трназакций за указанный период
2025-11-07 01:07:52,911 - utils_logger - INFO: Сформирован список трназакций за указанный период
2025-11-07 01:07:52,911 - utils_logger - INFO: Сформирован список трназакций за указанный период
2025-11-07 01:07:52,911 - utils_logger - INFO: Сформирован список трназакций за указанный период
2025-11-07 01:07:52,911 - utils_logger - INFO: Сформирован список трназакций за указанный период
2025-11-07 01:07:52,911 - utils_logger - INFO: Сформирован список трназакций за указанный период
2025-11-07 01:07:52,911 - utils_logger - INFO: Сформирован список трназакций за указанный период
2025-11-07 01:07:52,911 - utils_logger - INFO: Сформирован список трназакций за указанный период
2025-11-07 01:07:52,911 - utils_logger - INFO: Сформирован список трназакций за указанный период
2025-11-07 01:07:52,911 - utils_logger - INFO: Сформирован список трназакций за указанный период
2025-11-07 01:07:52,911 - utils_logger - INFO: Сформирован список трназакций за указанный период
2025-11-07 01:07:52,911 - utils_logger - INFO: Сформирован список трназакций за указанный период
2025-11-07 01:07:52,911 - utils_logger - INFO: Сформирован список трназакций за указанный период
2025-11-07 01:07:52,911 - utils_logger - INFO: Сформирован список трназакций за указанный период
2025-11-07 01:07:52,911 - utils_logger - INFO: Сформирован список трназакций за указанный период
2025-11-07 01:07:52,911 - utils_logger - INFO: Сформирован список трназакций за указанный период
2025-11-07 01:07:52,911 - utils_logger - INFO: Сформирован список трназакций за указанный период
2025-11-07 01:07:52,911 - utils_logger - INFO: Сформирован список трназакций за указанный период
2025-11-07 01:07:52,911 - utils_logger - INFO: Сформирован список трназакций за указанный период
2025-11-07 01:07:52,911 - utils_logger - INFO: Сформирован список трназакций за указанный период
2025-11-07 01:07:52,911 - utils_logger - INFO: Сформирован список трназакций за указанный период
2025-11-07 01:07:52,912 - utils_logger - INFO: Сформирован список трназакций за указанный период
2025-11-07 01:07:52,912 - utils_logger - INFO: Сформирован список трназакций за указанный период
2025-11-07 01:07:52,912 - utils_logger - INFO: Сформирован список трназакций за указанный период
2025-11-07 01:07:52,912 - utils_logger - INFO: Сформирован список трназакций за указанный период
2025-11-07 01:07:52,912 - utils_logger - INFO: Сформирован список трназакций за указанный период
2025-11-07 01:07:52,912 - utils_logger - INFO: Сформирован список трназакций за указанный период
2025-11-07 01:07:52,912 - utils_logger - INFO: Сформирован список трназакций за указанный период
2025-11-07 01:07:52,912 - utils_logger - INFO: Сформирован список трназакций за указанный период
2025-11-07 01:07:52,912 - utils_logger - INFO: Сформирован список трназакций за указанный период
2025-11-07 01:07:52,912 - utils_logger - INFO: Сформирован список трназакций за указанный период
2025-11-07 01:07:52,912 - utils_logger - INFO: Сформирован список трназакций за указанный период
2025-11-07 01:07:52,912 - utils_logger - INFO: Сформирован список трназакций за указанный период
2025-11-07 01:07:52,912 - utils_logger - INFO: Сформирован список трназакций за указанный период
2025-11-07 01:07:52,912 - utils_logger - INFO: Сформирован список трназакций за указанный период
2025-11-07 01:07:52,912 - utils_logger - INFO: Сформирован список трназакций за указанный период
2025-11-07 01:07:52,912 - utils_logger - INFO: Сформирован список трназакций за указанный период
2025-11-07 01:07:52,912 - utils_logger - INFO: Сформирован список трназакций за указанный период
2025-11-07 01:07:52,912 - utils_logger - INFO: Сформирован список трназакций за указанный период
2025-11-07 01:07:52,912 - utils_logger - INFO: Сформирован список трназакций за указанный период
2025-11-07 01:07:52,912 - utils_logger - INFO: Сформирован список трназакций за указанный период
2025-11-07 01:07:52,913 - utils_logger - INFO: Сформирован список трназакций за указанный период
2025-11-07 01:07:52,913 - utils_logger - INFO: Сформирован список трназакций за указанный период
2025-11-07 01:07:52,913 - utils_logger - INFO: Сформирован список трназакций за указанный период
2025-11-07 01:07:52,913 - utils_logger - INFO: Сформирован список трназакций за указанный период
2025-11-07 01:07:52,913 - utils_logger - INFO: Сформирован список трназакций за указанный период
2025-11-07 01:07:52,913 - utils_logger - INFO: Сформирован список трназакций за указанный период
2025-11-07 01:07:52,913 - utils_logger - INFO: Сформирован список трназакций за указанный период
2025-11-07 01:07:52,913 - utils_logger - INFO: Сформирован список трназакций за указанный период
2025-11-07 01:07:52,913 - utils_logger - INFO: Сформирован список трназакций за указанный период
2025-11-07 01:07:52,913 - utils_logger - INFO: Сформирован список трназакций за указанный период
2025-11-07 01:07:52,913 - utils_logger - INFO: Сформирован список трназакций за указанный период
2025-11-07 01:07:52,913 - utils_logger - INFO: Сформирован список трназакций за указанный период
2025-11-07 01:07:52,913 - utils_logger - INFO: Сформирован список трназакций за указанный период
2025-11-07 01:07:52,913 - utils_logger - INFO: Сформирован список трназакций за указанный период
2025-11-07 01:07:52,913 - utils_logger - INFO: Сформирован список трназакций за указанный период
2025-11-07 01:07:52,913 - utils_logger - INFO: Сформирован список трназакций за указанный период
2025-11-07 01:07:52,913 - utils_logger - INFO: Сформирован список трназакций за указанный период
2025-11-07 01:07:52,913 - utils_logger - INFO: Сформирован список трназакций за указанный период
2025-11-07 01:07:52,913 - utils_logger - INFO: Сформирован список трназакций за указанный период
2025-11-07 01:07:52,913 - utils_logger - INFO: Сформирован список трназакций за указанный период
2025-11-07 01:07:52,913 - utils_logger - INFO: Сформирован список трназакций за указанный период
2025-11-07 01:07:52,914 - utils_logger - INFO: Сформирован список трназакций за указанный период
2025-11-07 01:07:52,914 - utils_logger - INFO: Сформирован список трназакций за указанный период
2025-11-07 01:07:52,914 - utils_logger - INFO: Сформирован список трназакций за указанный период
2025-11-07 01:07:52,914 - utils_logger - INFO: Сформирован список трназакций за указанный период
2025-11-07 01:07:52,914 - utils_logger - INFO: Сформирован список трназакций за указанный период
2025-11-07 01:07:52,914 - utils_logger - INFO: Сформирован список трназакций за указанный период
2025-11-07 01:07:52,914 - utils_logger - INFO: Сформирован список трназакций за указанный период
2025-11-07 01:07:52,914 - utils_logger - INFO: Сформирован список трназакций за указанный период
2025-11-07 01:07:52,914 - utils_logger - INFO: Сформирован список трназакций за указанный период
2025-11-07 01:07:52,914 - utils_logger - INFO: Сформирован список трназакций за указанный период
2025-11-07 01:07:52,914 - utils_logger - INFO: Сформирован список трназакций за указанный период
2025-11-07 01:07:52,914 - utils_logger - INFO: Сформирован список трназакций за указанный период
2025-11-07 01:07:52,914 - utils_logger - INFO: Сформирован список трназакций за указанный период
2025-11-07 01:07:52,914 - utils_logger - INFO: Сформирован список трназакций за указанный период
2025-11-07 01:07:52,914 - utils_logger - INFO: Сформирован список трназакций за указанный период
2025-11-07 01:07:52,914 - utils_logger - INFO: Сформирован список трназакций за указанный период
2025-11-07 01:07:52,914 - utils_logger - INFO: Сформирован список трназакций за указанный период
2025-11-07 01:07:52,914 - utils_logger - INFO: Сформирован список трназакций за указанный период
2025-11-07 01:07:52,914 - utils_logger - INFO: Сформирован список трназакций за указанный период
2025-11-07 01:07:52,914 - utils_logger - INFO: Сформирован список трназакций за указанный период
2025-11-07 01:07:52,914 - utils_logger - INFO: Сформирован список трназакций за указанный период
2025-11-07 01:07:52,915 - utils_logger - INFO: Сформирован список трназакций за указанный период
2025-11-07 01:07:52,915 - utils_logger - INFO: Сформирован список трназакций за указанный период
2025-11-07 01:07:52,915 - utils_logger - INFO: Сформирован список трназакций за указанный период
2025-11-07 01:07:52,915 - utils_logger - INFO: Сформирован список трназакций за указанный период
2025-11-07 01:07:52,915 - utils_logger - INFO: Сформирован список трназакций за указанный период
2025-11-07 01:07:52,915 - utils_logger - INFO: Сформирован список трназакций за указанный период
2025-11-07 01:07:52,915 - utils_logger - INFO: Сформирован список трназакций за указанный период
2025-11-07 01:07:52,915 - utils_logger - INFO: Сформирован список трназакций за указанный период
2025-11-07 01:07:52,915 - utils_logger - INFO: Сформирован список трназакций за указанный период
2025-11-07 01:07:52,915 - utils_logger - INFO: Сформирован список трназакций за указанный период
2025-11-07 01:07:52,915 - utils_logger - INFO: Сформирован список трназакций за указанный период
2025-11-07 01:07:52,915 - utils_logger - INFO: Сформирован список трназакций за указанный период
2025-11-07 01:07:52,915 - utils_logger - INFO: Сформирован список трназакций за указанный период
2025-11-07 01:07:52,915 - utils_logger - INFO: Сформирован список трназакций за указанный период
2025-11-07 01:07:52,915 - utils_logger - INFO: Сформирован список трназакций за указанный период
2025-11-07 01:07:52,915 - utils_logger - INFO: Сформирован список трназакций за указанный период
2025-11-07 01:07:52,915 - utils_logger - INFO: Сформирован список трназакций за указанный период
2025-11-07 01:07:52,915 - utils_logger - INFO: Сформирован список трназакций за указанный период
2025-11-07 01:07:52,915 - utils_logger - INFO: Сформирован список трназакций за указанный период
2025-11-07 01:07:52,915 - utils_logger - INFO: Сформирован список трназакций за указанный период
2025-11-07 01:07:52,915 - utils_logger - INFO: Сформирован список трназакций за указанный период
2025-11-07 01:07:52,916 - utils_logger - INFO: Сформирован список трназакций за указанный период
2025-11-07 01:07:52,916 - utils_logger - INFO: Сформирован список трназакций за указанный период
2025-11-07 01:07:52,916 - utils_logger - INFO: Сформирован список трназакций за указанный период
2025-11-07 01:07:52,916 - utils_logger - INFO: Сформирован список трназакций за указанный период
2025-11-07 01:07:52,916 - utils_logger - INFO: Сформирован список трназакций за указанный период
2025-11-07 01:07:52,916 - utils_logger - INFO: Сформирован список трназакций за указанный период
2025-11-07 01:07:52,916 - utils_logger - INFO: Сформирован список трназакций за указанный период
2025-11-07 01:07:52,916 - utils_logger - INFO: Сформирован список трназакций за указанный период
2025-11-07 01:07:52,916 - utils_logger - INFO: Сформирован список трназакций за указанный период
2025-11-07 01:07:52,916 - utils_logger - INFO: Сформирован список трназакций за указанный период
2025-11-07 01:07:52,916 - utils_logger - INFO: Сформирован список трназакций за указанный период
2025-11-07 01:07:52,916 - utils_logger - INFO: Сформирован список трназакций за указанный период
2025-11-07 01:07:52,916 - utils_logger - INFO: Сформирован список трназакций за указанный период
2025-11-07 01:07:52,916 - utils_logger - INFO: Сформирован список трназакций за указанный период
2025-11-07 01:07:52,916 - utils_logger - INFO: Сформирован список трназакций за указанный период
2025-11-07 01:07:52,916 - utils_logger - INFO: Сформирован список трназакций за указанный период
2025-11-07 01:07:52,916 - utils_logger - INFO: Сформирован список трназакций за указанный период
2025-11-07 01:07:52,916 - utils_logger - INFO: Сформирован список трназакций за указанный период
2025-11-07 01:07:52,916 - utils_logger - INFO: Сформирован список трназакций за указанный период
2025-11-07 01:07:52,916 - utils_logger - INFO: Сформирован список трназакций за указанный период
2025-11-07 01:07:52,917 - utils_logger - INFO: Сформирован список трназакций за указанный период
2025-11-07 01:07:52,917 - utils_logger - INFO: Сформирован список трназакций за указанный период
2025-11-07 01:07:52,917 - utils_logger - INFO: Сформирован список трназакций за указанный период
2025-11-07 01:07:52,917 - utils_logger - INFO: Сформирован список трназакций за указанный период
2025-11-07 01:07:52,917 - utils_logger - INFO: Сформирован список трназакций за указанный период
2025-11-07 01:07:52,917 - utils_logger - INFO: Сформирован список трназакций за указанный период
2025-11-07 01:07:52,917 - utils_logger - INFO: Сформирован список трназакций за указанный период
2025-11-07 01:07:52,917 - utils_logger - INFO: Сформирован список трназакций за указанный период
2025-11-07 01:07:52,917 - utils_logger - INFO: Сформирован список трназакций за указанный период
2025-11-07 01:07:52,917 - utils_logger - INFO: Сформирован список трназакций за указанный период
2025-11-07 01:07:52,917 - utils_logger - INFO: Сформирован список трназакций за указанный период
2025-11-07 01:07:52,917 - utils_logger - INFO: Сформирован список трназакций за указанный период
2025-11-07 01:07:52,917 - utils_logger - INFO: Сформирован список трназакций за указанный период
2025-11-07 01:07:52,917 - utils_logger - INFO: Сформирован список трназакций за указанный период
2025-11-07 01:07:52,917 - utils_logger - INFO: Сформирован список трназакций за указанный период
2025-11-07 01:07:52,917 - utils_logger - INFO: Сформирован список трназакций за указанный период
2025-11-07 01:07:52,917 - utils_logger - INFO: Сформирован список трназакций за указанный период
2025-11-07 01:07:52,917 - utils_logger - INFO: Сформирован список трназакций за указанный период
2025-11-07 01:07:52,917 - utils_logger - INFO: Сформирован список трназакций за указанный период
2025-11-07 01:07:52,918 - utils_logger - INFO: Сформирован список трназакций за указанный период
2025-11-07 01:07:52,918 - utils_logger - INFO: Сформирован список трназакций за указанный период
2025-11-07 01:07:52,918 - utils_logger - INFO: Сформирован список трназакций за указанный период
2025-11-07 01:07:52,918 - utils_logger - INFO: Сформирован список трназакций за указанный период
2025-11-07 01:07:52,918 - utils_logger - INFO: Сформирован список трназакций за указанный период
2025-11-07 01:07:52,918 - utils_logger - INFO: Сформирован список трназакций за указанный период
2025-11-07 01:07:52,918 - utils_logger - INFO: Сформирован список трназакций за указанный период
2025-11-07 01:07:52,918 - utils_logger - INFO: Сформирован список трназакций за указанный период
2025-11-07 01:07:52,918 - utils_logger - INFO: Сформирован список трназакций за указанный период
2025-11-07 01:07:52,918 - utils_logger - INFO: Сформирован список трназакций за указанный период
2025-11-07 01:07:52,918 - utils_logger - INFO: Сформирован список трназакций за указанный период
2025-11-07 01:07:52,918 - utils_logger - INFO: Сформирован список трназакций за указанный период
2025-11-07 01:07:52,918 - utils_logger - INFO: Сформирован список трназакций за указанный период
2025-11-07 01:07:52,918 - utils_logger - INFO: Сформирован список трназакций за указанный период
2025-11-07 01:07:52,918 - utils_logger - INFO: Сформирован список трназакций за указанный период
2025-11-07 01:07:52,918 - utils_logger - INFO: Сформирован список трназакций за указанный период
2025-11-07 01:07:52,918 - utils_logger - INFO: Сформирован список трназакций за указанный период
2025-11-07 01:07:52,918 - utils_logger - INFO: Сформирован список трназакций за указанный период
2025-11-07 01:07:52,918 - utils_logger - INFO: Сформирован список трназакций за указанный период
2025-11-07 01:07:52,919 - utils_logger - INFO: Сформирован список трназакций за указанный период
2025-11-07 01:07:52,919 - utils_logger - INFO: Сформирован список трназакций за указанный период
2025-11-07 01:07:52,919 - utils_logger - INFO: Сформирован список трназакций за указанный период
2025-11-07 01:07:52,919 - utils_logger - INFO: Сформирован список трназакций за указанный период
2025-11-07 01:07:52,919 - utils_logger - INFO: Сформирован список трназакций за указанный период
2025-11-07 01:07:52,919 - utils_logger - INFO: Сформирован список трназакций за указанный период
2025-11-07 01:07:52,919 - utils_logger - INFO: Сформирован список трназакций за указанный период
2025-11-07 01:07:52,919 - utils_logger - INFO: Сформирован список трназакций за указанный период
2025-11-07 01:07:52,919 - utils_logger - INFO: Сформирован список трназакций за указанный период
2025-11-07 01:07:52,919 - utils_logger - INFO: Сформирован список трназакций за указанный период
2025-11-07 01:07:52,919 - utils_logger - INFO: Сформирован список трназакций за указанный период
2025-11-07 01:07:52,919 - utils_logger - INFO: Сформирован список трназакций за указанный период
2025-11-07 01:07:52,919 - utils_logger - INFO: Сформирован список трназакций за указанный период
2025-11-07 01:07:52,919 - utils_logger - INFO: Сформирован список трназакций за указанный период
2025-11-07 01:07:52,919 - utils_logger - INFO: Сформирован список трназакций за указанный период
2025-11-07 01:07:52,919 - utils_logger - INFO: Сформирован список трназакций за указанный период
2025-11-07 01:07:52,919 - utils_logger - INFO: Сформирован список трназакций за указанный период
2025-11-07 01:07:52,919 - utils_logger - INFO: Сформирован список трназакций за указанный период
2025-11-07 01:07:52,919 - utils_logger - INFO: Сформирован список трназакций за указанный период
2025-11-07 01:07:52,919 - utils_logger - INFO: Сформирован список трназакций за указанный период
2025-11-07 01:07:52,919 - utils_logger - INFO: Сформирован список трназакций за указанный период
2025-11-07 01:07:52,920 - utils_logger - INFO: Сформирован список трназакций за указанный период
2025-11-07 01:07:52,920 - utils_logger - INFO: Сформирован список трназакций за указанный период
2025-11-07 01:07:52,920 - utils_logger - INFO: Сформирован список трназакций за указанный период
2025-11-07 01:07:52,920 - utils_logger - INFO: Сформирован список трназакций за указанный период
2025-11-07 01:07:52,920 - utils_logger - INFO: Сформирован список трназакций за указанный период
2025-11-07 01:07:52,920 - utils_logger - INFO: Сформирован список трназакций за указанный период
2025-11-07 01:07:52,920 - utils_logger - INFO: Сформирован список трназакций за указанный период
2025-11-07 01:07:52,920 - utils_logger - INFO: Сформирован список трназакций за указанный период
2025-11-07 01:07:52,920 - utils_logger - INFO: Сформирован список трназакций за указанный период
2025-11-07 01:07:52,920 - utils_logger - INFO: Сформирован список трназакций за указанный период
2025-11-07 01:07:52,920 - utils_logger - INFO: Сформирован список трназакций за указанный период
2025-11-07 01:07:52,920 - utils_logger - INFO: Сформирован список трназакций за указанный период
2025-11-07 01:07:52,920 - utils_logger - INFO: Сформирован список трназакций за указанный период
2025-11-07 01:07:52,920 - utils_logger - INFO: Сформирован список трназакций за указанный период
2025-11-07 01:07:52,920 - utils_logger - INFO: Сформирован список трназакций за указанный период
2025-11-07 01:07:52,920 - utils_logger - INFO: Сформирован список трназакций за указанный период
2025-11-07 01:07:52,920 - utils_logger - INFO: Сформирован список трназакций за указанный период
2025-11-07 01:07:52,920 - utils_logger - INFO: Сформирован список трназакций за указанный период
2025-11-07 01:07:52,920 - utils_logger - INFO: Сформирован список трназакций за указанный период
2025-11-07 01:07:52,920 - utils_logger - INFO: Сформирован список трназакций за указанный период
2025-11-07 01:07:52,920 - utils_logger - INFO: Сформирован список трназакций за указанный период
2025-11-07 01:07:52,920 - utils_logger - INFO: Сформирован список трназакций за указанный период
2025-11-07 01:07:52,921 - utils_logger - INFO: Сформирован список трназакций за указанный период
2025-11-07 01:07:52,921 - utils_logger - INFO: Сформирован список трназакций за указанный период
2025-11-07 01:07:52,921 - utils_logger - INFO: Сформирован список трназакций за указанный период
2025-11-07 01:07:52,921 - utils_logger - INFO: Сформирован список трназакций за указанный период
2025-11-07 01:07:52,921 - utils_logger - INFO: Сформирован список трназакций за указанный период
2025-11-07 01:07:52,921 - utils_logger - INFO: Сформирован список трназакций за указанный период
2025-11-07 01:07:52,921 - utils_logger - INFO: Сформирован список трназакций за указанный период
2025-11-07 01:07:52,921 - utils_logger - INFO: Сформирован список трназакций за указанный период
2025-11-07 01:07:52,921 - utils_logger - INFO: Сформирован список трназакций за указанный период
2025-11-07 01:07:52,921 - utils_logger - INFO: Сформирован список трназакций за указанный период
2025-11-07 01:07:52,921 - utils_logger - INFO: Сформирован список трназакций за указанный период
2025-11-07 01:07:52,921 - utils_logger - INFO: Сформирован список трназакций за указанный период
2025-11-07 01:07:52,921 - utils_logger - INFO: Сформирован список трназакций за указанный период
2025-11-07 01:07:52,921 - utils_logger - INFO: Сформирован список трназакций за указанный период
2025-11-07 01:07:52,921 - utils_logger - INFO: Сформирован список трназакций за указанный период
2025-11-07 01:07:52,921 - utils_logger - INFO: Сформирован список трназакций за указанный период
2025-11-07 01:07:52,921 - utils_logger - INFO: Сформирован список трназакций за указанный период
2025-11-07 01:07:52,921 - utils_logger - INFO: Сформирован список трназакций за указанный период
2025-11-07 01:07:52,921 - utils_logger - INFO: Сформирован список трназакций за указанный период
2025-11-07 01:07:52,921 - utils_logger - INFO: Сформирован список трназакций за указанный период
2025-11-07 01:07:52,921 - utils_logger - INFO: Сформирован список трназакций за указанный период
2025-11-07 01:07:52,921 - utils_logger - INFO: Сформирован список трназакций за указанный период
2025-11-07 01:07:52,922 - utils_logger - INFO: Сформирован список трназакций за указанный период
2025-11-07 01:07:52,922 - utils_logger - INFO: Сформирован список трназакций за указанный период
2025-11-07 01:07:52,922 - utils_logger - INFO: Сформирован список трназакций за указанный период
2025-11-07 01:07:52,922 - utils_logger - INFO: Сформирован список трназакций за указанный период
2025-11-07 01:07:52,922 - utils_logger - INFO: Сформирован список трназакций за указанный период
2025-11-07 01:07:52,922 - utils_logger - INFO: Сформирован список трназакций за указанный период
2025-11-07 01:07:52,922 - utils_logger - INFO: Сформирован список трназакций за указанный период
2025-11-07 01:07:52,922 - utils_logger - INFO: Сформирован список трназакций за указанный период
2025-11-07 01:07:52,922 - utils_logger - INFO: Сформирован список трназакций за указанный период
2025-11-07 01:07:52,922 - utils_logger - INFO: Сформирован список трназакций за указанный период
2025-11-07 01:07:52,922 - utils_logger - INFO: Сформирован список трназакций за указанный период
2025-11-07 01:07:52,922 - utils_logger - INFO: Сформирован список трназакций за указанный период
2025-11-07 01:07:52,922 - utils_logger - INFO: Сформирован список трназакций за указанный период
2025-11-07 01:07:52,922 - utils_logger - INFO: Сформирован список трназакций за указанный период
2025-11-07 01:07:52,922 - utils_logger - INFO: Сформирован список трназакций за указанный период
2025-11-07 01:07:52,922 - utils_logger - INFO: Сформирован список трназакций за указанный период
2025-11-07 01:07:52,922 - utils_logger - INFO: Сформирован список трназакций за указанный период
2025-11-07 01:07:52,922 - utils_logger - INFO: Сформирован список трназакций за указанный период
2025-11-07 01:07:52,922 - utils_logger - INFO: Сформирован список трназакций за указанный период
2025-11-07 01:07:52,922 - utils_logger - INFO: Сформирован список трназакций за указанный период
2025-11-07 01:07:52,922 - utils_logger - INFO: Сформирован список трназакций за указанный период
2025-11-07 01:07:52,922 - utils_logger - INFO: Сформирован список трназакций за указанный период
2025-11-07 01:07:52,923 - utils_logger - INFO: Сформирован список трназакций за указанный период
2025-11-07 01:07:52,923 - utils_logger - INFO: Сформирован список трназакций за указанный период
2025-11-07 01:07:52,923 - utils_logger - INFO: Сформирован список трназакций за указанный период
2025-11-07 01:07:52,923 - utils_logger - INFO: Сформирован список трназакций за указанный период
2025-11-07 01:07:52,923 - utils_logger - INFO: Сформирован список трназакций за указанный период
2025-11-07 01:07:52,923 - utils_logger - INFO: Сформирован список трназакций за указанный период
2025-11-07 01:07:52,923 - utils_logger - INFO: Сформирован список трназакций за указанный период
2025-11-07 01:07:52,923 - utils_logger - INFO: Сформирован список трназакций за указанный период
2025-11-07 01:07:52,923 - utils_logger - INFO: Сформирован список трназакций за указанный период
2025-11-07 01:07:52,923 - utils_logger - INFO: Сформирован список трназакций за указанный период
2025-11-07 01:07:52,923 - utils_logger - INFO: Сформирован список трназакций за указанный период
2025-11-07 01:07:52,923 - utils_logger - INFO: Сформирован список трназакций за указанный период
2025-11-07 01:07:52,923 - utils_logger - INFO: Сформирован список трназакций за указанный период
2025-11-07 01:07:52,923 - utils_logger - INFO: Сформирован список трназакций за указанный период
2025-11-07 01:07:52,923 - utils_logger - INFO: Сформирован список трназакций за указанный период
2025-11-07 01:07:52,923 - utils_logger - INFO: Сформирован список трназакций за указанный период
2025-11-07 01:07:52,923 - utils_logger - INFO: Сформирован список трназакций за указанный период
2025-11-07 01:07:52,923 - utils_logger - INFO: Сформирован список трназакций за указанный период
2025-11-07 01:07:52,923 - utils_logger - INFO: Сформирован список трназакций за указанный период
2025-11-07 01:07:52,923 - utils_logger - INFO: Сформирован список трназакций за указанный период
2025-11-07 01:07:52,924 - utils_logger - INFO: Сформирован список трназакций за указанный период
2025-11-07 01:07:52,924 - utils_logger - INFO: Сформирован список трназакций за указанный период
2025-11-07 01:07:52,924 - utils_logger - INFO: Сформирован список трназакций за указанный период
2025-11-07 01:07:52,924 - utils_logger - INFO: Сформирован список трназакций за указанный период
2025-11-07 01:07:52,924 - utils_logger - INFO: Сформирован список трназакций за указанный период
2025-11-07 01:07:52,924 - utils_logger - INFO: Сформирован список трназакций за указанный период
2025-11-07 01:07:52,924 - utils_logger - INFO: Сформирован список трназакций за указанный период
2025-11-07 01:07:52,924 - utils_logger - INFO: Сформирован список трназакций за указанный период
2025-11-07 01:07:52,924 - utils_logger - INFO: Сформирован список трназакций за указанный период
2025-11-07 01:07:52,924 - utils_logger - INFO: Сформирован список трназакций за указанный период
2025-11-07 01:07:52,924 - utils_logger - INFO: Сформирован список трназакций за указанный период
2025-11-07 01:07:52,924 - utils_logger - INFO: Сформирован список трназакций за указанный период
2025-11-07 01:07:52,924 - utils_logger - INFO: Сформирован список трназакций за указанный период
2025-11-07 01:07:52,924 - utils_logger - INFO: Сформирован список трназакций за указанный период
2025-11-07 01:07:52,924 - utils_logger - INFO: Сформирован список трназакций за указанный период
2025-11-07 01:07:52,924 - utils_logger - INFO: Сформирован список трназакций за указанный период
2025-11-07 01:07:52,924 - utils_logger - INFO: Сформирован список трназакций за указанный период
2025-11-07 01:07:52,925 - utils_logger - INFO: Сформирован список трназакций за указанный период
2025-11-07 01:07:52,925 - utils_logger - INFO: Сформирован список трназакций за указанный период
2025-11-07 01:07:52,925 - utils_logger - INFO: Сформирован список трназакций за указанный период
2025-11-07 01:07:52,925 - utils_logger - INFO: Сформирован список трназакций за указанный период
2025-11-07 01:07:52,925 - utils_logger - INFO: Сформирован список трназакций за указанный период
2025-11-07 01:07:52,925 - utils_logger - INFO: Сформирован список трназакций за указанный период
2025-11-07 01:07:52,925 - utils_logger - INFO: Сформирован список трназакций за указанный период
2025-11-07 01:07:52,925 - utils_logger - INFO: Сформирован список трназакций за указанный период
2025-11-07 01:07:52,925 - utils_logger - INFO: Сформирован список трназакций за указанный период
2025-11-07 01:07:52,925 - utils_logger - INFO: Сформирован список трназакций за указанный период
2025-11-07 01:07:52,925 - utils_logger - INFO: Сформирован список трназакций за указанный период
2025-11-07 01:07:52,925 - utils_logger - INFO: Сформирован список трназакций за указанный период
2025-11-07 01:07:52,925 - utils_logger - INFO: Сформирован список трназакций за указанный период
2025-11-07 01:07:52,925 - utils_logger - INFO: Сформирован список трназакций за указанный период
2025-11-07 01:07:52,925 - utils_logger - INFO: Сформирован список трназакций за указанный период
2025-11-07 01:07:52,925 - utils_logger - INFO: Сформирован список трназакций за указанный период
2025-11-07 01:07:52,925 - utils_logger - INFO: Сформирован список трназакций за указанный период
2025-11-07 01:07:52,925 - utils_logger - INFO: Сформирован список трназакций за указанный период
2025-11-07 01:07:52,925 - utils_logger - INFO: Сформирован список трназакций за указанный период
2025-11-07 01:07:52,925 - utils_logger - INFO: Сформирован список трназакций за указанный период
2025-11-07 01:07:52,926 - utils_logger - INFO: Сформирован список трназакций за указанный период
2025-11-07 01:07:52,926 - utils_logger - INFO: Сформирован список трназакций за указанный период
2025-11-07 01:07:52,926 - utils_logger - INFO: Сформирован список трназакций за указанный период
2025-11-07 01:07:52,926 - utils_logger - INFO: Сформирован список трназакций за указанный период
2025-11-07 01:07:52,926 - utils_logger - INFO: Сформирован список трназакций за указанный период
2025-11-07 01:07:52,926 - utils_logger - INFO: Сформирован список трназакций за указанный период
2025-11-07 01:07:52,926 - utils_logger - INFO: Сформирован список трназакций за указанный период
2025-11-07 01:07:52,926 - utils_logger - INFO: Сформирован список трназакций за указанный период
2025-11-07 01:07:52,926 - utils_logger - INFO: Сформирован список трназакций за указанный период
2025-11-07 01:07:52,926 - utils_logger - INFO: Сформирован список трназакций за указанный период
2025-11-07 01:07:52,926 - utils_logger - INFO: Сформирован список трназакций за указанный период
2025-11-07 01:07:52,926 - utils_logger - INFO: Сформирован список трназакций за указанный период
2025-11-07 01:07:52,926 - utils_logger - INFO: Сформирован список трназакций за указанный период
2025-11-07 01:07:52,926 - utils_logger - INFO: Сформирован список трназакций за указанный период
2025-11-07 01:07:52,926 - utils_logger - INFO: Сформирован список трназакций за указанный период
2025-11-07 01:07:52,926 - utils_logger - INFO: Сформирован список трназакций за указанный период
2025-11-07 01:07:52,926 - utils_logger - INFO: Сформирован список трназакций за указанный период
2025-11-07 01:07:52,926 - utils_logger - INFO: Сформирован список трназакций за указанный период
2025-11-07 01:07:52,926 - utils_logger - INFO: Сформирован список трназакций за указанный период
2025-11-07 01:07:52,926 - utils_logger - INFO: Сформирован список трназакций за указанный период
2025-11-07 01:07:52,926 - utils_logger - INFO: Сформирован список трназакций за указанный период
2025-11-07 01:07:52,927 - utils_logger - INFO: Сформирован список трназакций за указанный период
2025-11-07 01:07:52,927 - utils_logger - INFO: Сформирован список трназакций за указанный период
2025-11-07 01:07:52,927 - utils_logger - INFO: Сформирован список трназакций за указанный период
2025-11-07 01:07:52,927 - utils_logger - INFO: Сформирован список трназакций за указанный период
2025-11-07 01:07:52,927 - utils_logger - INFO: Сформирован список трназакций за указанный период
2025-11-07 01:07:52,927 - utils_logger - INFO: Сформирован список трназакций за указанный период
2025-11-07 01:07:52,927 - utils_logger - INFO: Сформирован список трназакций за указанный период
2025-11-07 01:07:52,927 - utils_logger - INFO: Сформирован список трназакций за указанный период
2025-11-07 01:07:52,927 - utils_logger - INFO: Сформирован список трназакций за указанный период
2025-11-07 01:07:52,927 - utils_logger - INFO: Сформирован список трназакций за указанный период
2025-11-07 01:07:52,927 - utils_logger - INFO: Сформирован список трназакций за указанный период
2025-11-07 01:07:52,927 - utils_logger - INFO: Сформирован список трназакций за указанный период
2025-11-07 01:07:52,927 - utils_logger - INFO: Сформирован список трназакций за указанный период
2025-11-07 01:07:52,927 - utils_logger - INFO: Сформирован список трназакций за указанный период
2025-11-07 01:07:52,927 - utils_logger - INFO: Сформирован список трназакций за указанный период
2025-11-07 01:07:52,927 - utils_logger - INFO: Сформирован список трназакций за указанный период
2025-11-07 01:07:52,927 - utils_logger - INFO: Сформирован список трназакций за указанный период
2025-11-07 01:07:52,927 - utils_logger - INFO: Сформирован список трназакций за указанный период
2025-11-07 01:07:52,927 - utils_logger - INFO: Сформирован список трназакций за указанный период
2025-11-07 01:07:52,927 - utils_logger - INFO: Сформирован список трназакций за указанный период
2025-11-07 01:07:52,927 - utils_logger - INFO: Сформирован список трназакций за указанный период
2025-11-07 01:07:52,928 - utils_logger - INFO: Сформирован список трназакций за указанный период
2025-11-07 01:07:52,928 - utils_logger - INFO: Сформирован список трназакций за указанный период
2025-11-07 01:07:52,928 - utils_logger - INFO: Сформирован список трназакций за указанный период
2025-11-07 01:07:52,928 - utils_logger - INFO: Сформирован список трназакций за указанный период
2025-11-07 01:07:52,928 - utils_logger - INFO: Сформирован список трназакций за указанный период
2025-11-07 01:07:52,928 - utils_logger - INFO: Сформирован список трназакций за указанный период
2025-11-07 01:07:52,928 - utils_logger - INFO: Сформирован список трназакций за указанный период
2025-11-07 01:07:52,928 - utils_logger - INFO: Сформирован список трназакций за указанный период
2025-11-07 01:07:52,928 - utils_logger - INFO: Сформирован список трназакций за указанный период
2025-11-07 01:07:52,928 - utils_logger - INFO: Сформирован список трназакций за указанный период
2025-11-07 01:07:52,928 - utils_logger - INFO: Сформирован список трназакций за указанный период
2025-11-07 01:07:52,928 - utils_logger - INFO: Сформирован список трназакций за указанный период
2025-11-07 01:07:52,928 - utils_logger - INFO: Сформирован список трназакций за указанный период
2025-11-07 01:07:52,928 - utils_logger - INFO: Сформирован список трназакций за указанный период
2025-11-07 01:07:52,928 - utils_logger - INFO: Сформирован список трназакций за указанный период
2025-11-07 01:07:52,928 - utils_logger - INFO: Сформирован список трназакций за указанный период
2025-11-07 01:07:52,928 - utils_logger - INFO: Сформирован список трназакций за указанный период
2025-11-07 01:07:52,928 - utils_logger - INFO: Сформирован список трназакций за указанный период
2025-11-07 01:07:52,928 - utils_logger - INFO: Сформирован список трназакций за указанный период
2025-11-07 01:07:52,928 - utils_logger - INFO: Сформирован список трназакций за указанный период
2025-11-07 01:07:52,928 - utils_logger - INFO: Сформирован список трназакций за указанный период
2025-11-07 01:07:52,929 - utils_logger - INFO: Сформирован список трназакций за указанный период
2025-11-07 01:07:52,929 - utils_logger - INFO: Сформирован список трназакций за указанный период
2025-11-07 01:07:52,929 - utils_logger - INFO: Сформирован список трназакций за указанный период
2025-11-07 01:07:52,929 - utils_logger - INFO: Сформирован список трназакций за указанный период
2025-11-07 01:07:52,929 - utils_logger - INFO: Сформирован список трназакций за указанный период
2025-11-07 01:07:52,929 - utils_logger - INFO: Сформирован список трназакций за указанный период
2025-11-07 01:07:52,929 - utils_logger - INFO: Сформирован список трназакций за указанный период
2025-11-07 01:07:52,929 - utils_logger - INFO: Сформирован список трназакций за указанный период
2025-11-07 01:07:52,929 - utils_logger - INFO: Сформирован список трназакций за указанный период
2025-11-07 01:07:52,929 - utils_logger - INFO: Сформирован список трназакций за указанный период
2025-11-07 01:07:52,929 - utils_logger - INFO: Сформирован список трназакций за указанный период
2025-11-07 01:07:52,929 - utils_logger - INFO: Сформирован список трназакций за указанный период
2025-11-07 01:07:52,929 - utils_logger - INFO: Сформирован список трназакций за указанный период
2025-11-07 01:07:52,929 - utils_logger - INFO: Сформирован список трназакций за указанный период
2025-11-07 01:07:52,929 - utils_logger - INFO: Сформирован список трназакций за указанный период
2025-11-07 01:07:52,929 - utils_logger - INFO: Сформирован список трназакций за указанный период
2025-11-07 01:07:52,929 - utils_logger - INFO: Сформирован список трназакций за указанный период
2025-11-07 01:07:52,929 - utils_logger - INFO: Сформирован список трназакций за указанный период
2025-11-07 01:07:52,929 - utils_logger - INFO: Сформирован список трназакций за указанный период
2025-11-07 01:07:52,929 - utils_logger - INFO: Сформирован список трназакций за указанный период
2025-11-07 01:07:52,929 - utils_logger - INFO: Сформирован список трназакций за указанный период
2025-11-07 01:07:52,929 - utils_logger - INFO: Сформирован список трназакций за указанный период
2025-11-07 01:07:52,930 - utils_logger - INFO: Сформирован список трназакций за указанный период
2025-11-07 01:07:52,930 - utils_logger - INFO: Сформирован список трназакций за указанный период
2025-11-07 01:07:52,930 - utils_logger - INFO: Сформирован список трназакций за указанный период
2025-11-07 01:07:52,930 - utils_logger - INFO: Сформирован список трназакций за указанный период
2025-11-07 01:07:52,930 - utils_logger - INFO: Сформирован список трназакций за указанный период
2025-11-07 01:07:52,930 - utils_logger - INFO: Сформирован список трназакций за указанный период
2025-11-07 01:07:52,930 - utils_logger - INFO: Сформирован список трназакций за указанный период
2025-11-07 01:07:52,930 - utils_logger - INFO: Сформирован список трназакций за указанный период
2025-11-07 01:07:52,930 - utils_logger - INFO: Сформирован список трназакций за указанный период
2025-11-07 01:07:52,930 - utils_logger - INFO: Сформирован список трназакций за указанный период
2025-11-07 01:07:52,930 - utils_logger - INFO: Сформирован список трназакций за указанный период
2025-11-07 01:07:52,930 - utils_logger - INFO: Сформирован список трназакций за указанный период
2025-11-07 01:07:52,930 - utils_logger - INFO: Сформирован список трназакций за указанный период
2025-11-07 01:07:52,930 - utils_logger - INFO: Сформирован список трназакций за указанный период
2025-11-07 01:07:52,930 - utils_logger - INFO: Сформирован список трназакций за указанный период
2025-11-07 01:07:52,930 - utils_logger - INFO: Сформирован список трназакций за указанный период
2025-11-07 01:07:52,930 - utils_logger - INFO: Сформирован список трназакций за указанный период
2025-11-07 01:07:52,930 - utils_logger - INFO: Сформирован список трназакций за указанный период
2025-11-07 01:07:52,930 - utils_logger - INFO: Сформирован список трназакций за указанный период
2025-11-07 01:07:52,930 - utils_logger - INFO: Сформирован список трназакций за указанный период
2025-11-07 01:07:52,930 - utils_logger - INFO: Сформирован список трназакций за указанный период
2025-11-07 01:07:52,930 - utils_logger - INFO: Сформирован список трназакций за указанный период
2025-11-07 01:07:52,931 - utils_logger - INFO: Сформирован список трназакций за указанный период
2025-11-07 01:07:52,931 - utils_logger - INFO: Сформирован список трназакций за указанный период
2025-11-07 01:07:52,931 - utils_logger - INFO: Сформирован список трназакций за указанный период
2025-11-07 01:07:52,931 - utils_logger - INFO: Сформирован список трназакций за указанный период
2025-11-07 01:07:52,931 - utils_logger - INFO: Сформирован список трназакций за указанный период
2025-11-07 01:07:52,931 - utils_logger - INFO: Сформирован список трназакций за указанный период
2025-11-07 01:07:52,931 - utils_logger - INFO: Сформирован список трназакций за указанный период
2025-11-07 01:07:52,931 - utils_logger - INFO: Сформирован список трназакций за указанный период
2025-11-07 01:07:52,931 - utils_logger - INFO: Сформирован список трназакций за указанный период
2025-11-07 01:07:52,931 - utils_logger - INFO: Сформирован список трназакций за указанный период
2025-11-07 01:07:52,931 - utils_logger - INFO: Сформирован список трназакций за указанный период
2025-11-07 01:07:52,931 - utils_logger - INFO: Сформирован список трназакций за указанный период
2025-11-07 01:07:52,931 - utils_logger - INFO: Сформирован список трназакций за указанный период
2025-11-07 01:07:52,931 - utils_logger - INFO: Сформирован список трназакций за указанный период
2025-11-07 01:07:52,931 - utils_logger - INFO: Сформирован список трназакций за указанный период
2025-11-07 01:07:52,931 - utils_logger - INFO: Сформирован список трназакций за указанный период
2025-11-07 01:07:52,931 - utils_logger - INFO: Сформирован список трназакций за указанный период
2025-11-07 01:07:52,931 - utils_logger - INFO: Сформирован список трназакций за указанный период
2025-11-07 01:07:52,931 - utils_logger - INFO: Сформирован список трназакций за указанный период
2025-11-07 01:07:52,931 - utils_logger - INFO: Сформирован список трназакций за указанный период
2025-11-07 01:07:52,931 - utils_logger - INFO: Сформирован список трназакций за указанный период
2025-11-07 01:07:52,932 - utils_logger - INFO: Сформирован список трназакций за указанный период
2025-11-07 01:07:52,932 - utils_logger - INFO: Сформирован список трназакций за указанный период
2025-11-07 01:07:52,932 - utils_logger - INFO: Сформирован список трназакций за указанный период
2025-11-07 01:07:52,932 - utils_logger - INFO: Сформирован список трназакций за указанный период
2025-11-07 01:07:52,932 - utils_logger - INFO: Сформирован список трназакций за указанный период
2025-11-07 01:07:52,932 - utils_logger - INFO: Сформирован список трназакций за указанный период
2025-11-07 01:07:52,932 - utils_logger - INFO: Сформирован список трназакций за указанный период
2025-11-07 01:07:52,932 - utils_logger - INFO: Сформирован список трназакций за указанный период
2025-11-07 01:07:52,932 - utils_logger - INFO: Сформирован список трназакций за указанный период
2025-11-07 01:07:52,932 - utils_logger - INFO: Сформирован список трназакций за указанный период
2025-11-07 01:07:52,932 - utils_logger - INFO: Сформирован список трназакций за указанный период
2025-11-07 01:07:52,932 - utils_logger - INFO: Сформирован список трназакций за указанный период
2025-11-07 01:07:52,932 - utils_logger - INFO: Сформирован список трназакций за указанный период
2025-11-07 01:07:52,932 - utils_logger - INFO: Сформирован список трназакций за указанный период
2025-11-07 01:07:52,932 - utils_logger - INFO: Сформирован список трназакций за указанный период
2025-11-07 01:07:52,932 - utils_logger - INFO: Сформирован список трназакций за указанный период
2025-11-07 01:07:52,932 - utils_logger - INFO: Сформирован список трназакций за указанный период
2025-11-07 01:07:52,932 - utils_logger - INFO: Сформирован список трназакций за указанный период
2025-11-07 01:07:52,932 - utils_logger - INFO: Сформирован список трназакций за указанный период
2025-11-07 01:07:52,932 - utils_logger - INFO: Сформирован список трназакций за указанный период
2025-11-07 01:07:52,932 - utils_logger - INFO: Сформирован список трназакций за указанный период
2025-11-07 01:07:52,933 - utils_logger - INFO: Сформирован список трназакций за указанный период
2025-11-07 01:07:52,933 - utils_logger - INFO: Сформирован список трназакций за указанный период
2025-11-07 01:07:52,933 - utils_logger - INFO: Сформирован список трназакций за указанный период
2025-11-07 01:07:52,933 - utils_logger - INFO: Сформирован список трназакций за указанный период
2025-11-07 01:07:52,933 - utils_logger - INFO: Сформирован список трназакций за указанный период
2025-11-07 01:07:52,933 - utils_logger - INFO: Сформирован список трназакций за указанный период
2025-11-07 01:07:52,933 - utils_logger - INFO: Сформирован список трназакций за указанный период
2025-11-07 01:07:52,933 - utils_logger - INFO: Сформирован список трназакций за указанный период
2025-11-07 01:07:52,933 - utils_logger - INFO: Сформирован список трназакций за указанный период
2025-11-07 01:07:52,933 - utils_logger - INFO: Сформирован список трназакций за указанный период
2025-11-07 01:07:52,933 - utils_logger - INFO: Сформирован список трназакций за указанный период
2025-11-07 01:07:52,933 - utils_logger - INFO: Сформирован список трназакций за указанный период
2025-11-07 01:07:52,933 - utils_logger - INFO: Сформирован список трназакций за указанный период
2025-11-07 01:07:52,934 - utils_logger - INFO: Сформирован список трназакций за указанный период
2025-11-07 01:07:52,934 - utils_logger - INFO: Сформирован список трназакций за указанный период
2025-11-07 01:07:52,934 - utils_logger - INFO: Сформирован список трназакций за указанный период
2025-11-07 01:07:52,934 - utils_logger - INFO: Сформирован список трназакций за указанный период
2025-11-07 01:07:52,934 - utils_logger - INFO: Сформирован список трназакций за указанный период
2025-11-07 01:07:52,934 - utils_logger - INFO: Сформирован список трназакций за указанный период
2025-11-07 01:07:52,934 - utils_logger - INFO: Сформирован список трназакций за указанный период
2025-11-07 01:07:52,934 - utils_logger - INFO: Сформирован список трназакций за указанный период
2025-11-07 01:07:52,934 - utils_logger - INFO: Сформирован список трназакций за указанный период
2025-11-07 01:07:52,934 - utils_logger - INFO: Сформирован список трназакций за указанный период
2025-11-07 01:07:52,934 - utils_logger - INFO: Сформирован список трназакций за указанный период
2025-11-07 01:07:52,934 - utils_logger - INFO: Сформирован список трназакций за указанный период
2025-11-07 01:07:52,934 - utils_logger - INFO: Сформирован список трназакций за указанный период
2025-11-07 01:07:52,934 - utils_logger - INFO: Сформирован список трназакций за указанный период
2025-11-07 01:07:52,934 - utils_logger - INFO: Сформирован список трназакций за указанный период
2025-11-07 01:07:52,934 - utils_logger - INFO: Сформирован список трназакций за указанный период
2025-11-07 01:07:52,934 - utils_logger - INFO: Сформирован список трназакций за указанный период
2025-11-07 01:07:52,934 - utils_logger - INFO: Сформирован список трназакций за указанный период
2025-11-07 01:07:52,934 - utils_logger - INFO: Сформирован список трназакций за указанный период
2025-11-07 01:07:52,934 - utils_logger - INFO: Сформирован список трназакций за указанный период
2025-11-07 01:07:52,934 - utils_logger - INFO: Сформирован список трназакций за указанный период
2025-11-07 01:07:52,935 - utils_logger - INFO: Сформирован список трназакций за указанный период
2025-11-07 01:07:52,935 - utils_logger - INFO: Сформирован список трназакций за указанный период
2025-11-07 01:07:52,935 - utils_logger - INFO: Сформирован список трназакций за указанный период
2025-11-07 01:07:52,935 - utils_logger - INFO: Сформирован список трназакций за указанный период
2025-11-07 01:07:52,935 - utils_logger - INFO: Сформирован список трназакций за указанный период
2025-11-07 01:07:52,935 - utils_logger - INFO: Сформирован список трназакций за указанный период
2025-11-07 01:07:52,935 - utils_logger - INFO: Сформирован список трназакций за указанный период
2025-11-07 01:07:52,935 - utils_logger - INFO: Сформирован список трназакций за указанный период
2025-11-07 01:07:52,935 - utils_logger - INFO: Сформирован список трназакций за указанный период
2025-11-07 01:07:52,935 - utils_logger - INFO: Сформирован список трназакций за указанный период
2025-11-07 01:07:52,935 - utils_logger - INFO: Сформирован список трназакций за указанный период
2025-11-07 01:07:52,935 - utils_logger - INFO: Сформирован список трназакций за указанный период
2025-11-07 01:07:52,935 - utils_logger - INFO: Сформирован список трназакций за указанный период
2025-11-07 01:07:52,935 - utils_logger - INFO: Сформирован список трназакций за указанный период
2025-11-07 01:07:52,935 - utils_logger - INFO: Сформирован список трназакций за указанный период
2025-11-07 01:07:52,935 - utils_logger - INFO: Сформирован список трназакций за указанный период
2025-11-07 01:07:52,936 - utils_logger - INFO: Сформирован список трназакций за указанный период
2025-11-07 01:07:52,936 - utils_logger - INFO: Сформирован список трназакций за указанный период
2025-11-07 01:07:52,936 - utils_logger - INFO: Сформирован список трназакций за указанный период
2025-11-07 01:07:52,936 - utils_logger - INFO: Сформирован список трназакций за указанный период
2025-11-07 01:07:52,936 - utils_logger - INFO: Сформирован список трназакций за указанный период
2025-11-07 01:07:52,936 - utils_logger - INFO: Сформирован список трназакций за указанный период
2025-11-07 01:07:52,936 - utils_logger - INFO: Сформирован список трназакций за указанный период
2025-11-07 01:07:52,936 - utils_logger - INFO: Сформирован список трназакций за указанный период
2025-11-07 01:07:52,936 - utils_logger - INFO: Сформирован список трназакций за указанный период
2025-11-07 01:07:52,936 - utils_logger - INFO: Сформирован список трназакций за указанный период
2025-11-07 01:07:52,936 - utils_logger - INFO: Сформирован список трназакций за указанный период
2025-11-07 01:07:52,936 - utils_logger - INFO: Сформирован список трназакций за указанный период
2025-11-07 01:07:52,936 - utils_logger - INFO: Сформирован список трназакций за указанный период
2025-11-07 01:07:52,936 - utils_logger - INFO: Сформирован список трназакций за указанный период
2025-11-07 01:07:52,936 - utils_logger - INFO: Сформирован список трназакций за указанный период
2025-11-07 01:07:52,936 - utils_logger - INFO: Сформирован список трназакций за указанный период
2025-11-07 01:07:52,936 - utils_logger - INFO: Сформирован список трназакций за указанный период
2025-11-07 01:07:52,936 - utils_logger - INFO: Сформирован список трназакций за указанный период
2025-11-07 01:07:52,936 - utils_logger - INFO: Сформирован список трназакций за указанный период
2025-11-07 01:07:52,936 - utils_logger - INFO: Сформирован список трназакций за указанный период
2025-11-07 01:07:52,936 - utils_logger - INFO: Сформирован список трназакций за указанный период
2025-11-07 01:07:52,936 - utils_logger - INFO: Сформирован список трназакций за указанный период
2025-11-07 01:07:52,937 - utils_logger - INFO: Сформирован список трназакций за указанный период
2025-11-07 01:07:52,937 - utils_logger - INFO: Сформирован список трназакций за указанный период
2025-11-07 01:07:52,937 - utils_logger - INFO: Сформирован список трназакций за указанный период
2025-11-07 01:07:52,937 - utils_logger - INFO: Сформирован список трназакций за указанный период
2025-11-07 01:07:52,937 - utils_logger - INFO: Сформирован список трназакций за указанный период
2025-11-07 01:07:52,937 - utils_logger - INFO: Сформирован список трназакций за указанный период
2025-11-07 01:07:52,937 - utils_logger - INFO: Сформирован список трназакций за указанный период
2025-11-07 01:07:52,937 - utils_logger - INFO: Сформирован список трназакций за указанный период
2025-11-07 01:07:52,937 - utils_logger - INFO: Сформирован список трназакций за указанный период
2025-11-07 01:07:52,937 - utils_logger - INFO: Сформирован список трназакций за указанный период
2025-11-07 01:07:52,937 - utils_logger - INFO: Сформирован список трназакций за указанный период
2025-11-07 01:07:52,937 - utils_logger - INFO: Сформирован список трназакций за указанный период
2025-11-07 01:07:52,937 - utils_logger - INFO: Сформирован список трназакций за указанный период
2025-11-07 01:07:52,937 - utils_logger - INFO: Сформирован список трназакций за указанный период
2025-11-07 01:07:52,937 - utils_logger - INFO: Сформирован список трназакций за указанный период
2025-11-07 01:07:52,937 - utils_logger - INFO: Сформирован список трназакций за указанный период
2025-11-07 01:07:52,937 - utils_logger - INFO: Сформирован список трназакций за указанный период
2025-11-07 01:07:52,937 - utils_logger - INFO: Сформирован список трназакций за указанный период
2025-11-07 01:07:52,937 - utils_logger - INFO: Сформирован список трназакций за указанный период
2025-11-07 01:07:52,937 - utils_logger - INFO: Сформирован список трназакций за указанный период
2025-11-07 01:07:52,937 - utils_logger - INFO: Сформирован список трназакций за указанный период
2025-11-07 01:07:52,937 - utils_logger - INFO: Сформирован список трназакций за указанный период
2025-11-07 01:07:52,938 - utils_logger - INFO: Сформирован список трназакций за указанный период
2025-11-07 01:07:52,938 - utils_logger - INFO: Сформирован список трназакций за указанный период
2025-11-07 01:07:52,938 - utils_logger - INFO: Сформирован список трназакций за указанный период
2025-11-07 01:07:52,938 - utils_logger - INFO: Сформирован список трназакций за указанный период
2025-11-07 01:07:52,938 - utils_logger - INFO: Сформирован список трназакций за указанный период
2025-11-07 01:07:52,938 - utils_logger - INFO: Сформирован список трназакций за указанный период
2025-11-07 01:07:52,938 - utils_logger - INFO: Сформирован список трназакций за указанный период
2025-11-07 01:07:52,938 - utils_logger - INFO: Сформирован список трназакций за указанный период
2025-11-07 01:07:52,938 - utils_logger - INFO: Сформирован список трназакций за указанный период
2025-11-07 01:07:52,938 - utils_logger - INFO: Сформирован список трназакций за указанный период
2025-11-07 01:07:52,938 - utils_logger - INFO: Сформирован список трназакций за указанный период
2025-11-07 01:07:52,938 - utils_logger - INFO: Сформирован список трназакций за указанный период
2025-11-07 01:07:52,938 - utils_logger - INFO: Сформирован список трназакций за указанный период
2025-11-07 01:07:52,938 - utils_logger - INFO: Сформирован список трназакций за указанный период
2025-11-07 01:07:52,938 - utils_logger - INFO: Сформирован список трназакций за указанный период
2025-11-07 01:07:52,938 - utils_logger - INFO: Сформирован список трназакций за указанный период
2025-11-07 01:07:52,938 - utils_logger - INFO: Сформирован список трназакций за указанный период
2025-11-07 01:07:52,938 - utils_logger - INFO: Сформирован список трназакций за указанный период
2025-11-07 01:07:52,938 - utils_logger - INFO: Сформирован список трназакций за указанный период
2025-11-07 01:07:52,938 - utils_logger - INFO: Сформирован список трназакций за указанный период
2025-11-07 01:07:52,938 - utils_logger - INFO: Сформирован список трназакций за указанный период
2025-11-07 01:07:52,938 - utils_logger - INFO: Сформирован список трназакций за указанный период
2025-11-07 01:07:52,939 - utils_logger - INFO: Сформирован список трназакций за указанный период
2025-11-07 01:07:52,939 - utils_logger - INFO: Сформирован список трназакций за указанный период
2025-11-07 01:07:52,939 - utils_logger - INFO: Сформирован список трназакций за указанный период
2025-11-07 01:07:52,939 - utils_logger - INFO: Сформирован список трназакций за указанный период
2025-11-07 01:07:52,939 - utils_logger - INFO: Сформирован список трназакций за указанный период
2025-11-07 01:07:52,939 - utils_logger - INFO: Сформирован список трназакций за указанный период
2025-11-07 01:07:52,939 - utils_logger - INFO: Сформирован список трназакций за указанный период
2025-11-07 01:07:52,939 - utils_logger - INFO: Сформирован список трназакций за указанный период
2025-11-07 01:07:52,939 - utils_logger - INFO: Сформирован список трназакций за указанный период
2025-11-07 01:07:52,939 - utils_logger - INFO: Сформирован список трназакций за указанный период
2025-11-07 01:07:52,939 - utils_logger - INFO: Сформирован список трназакций за указанный период
2025-11-07 01:07:52,939 - utils_logger - INFO: Сформирован список трназакций за указанный период
2025-11-07 01:07:52,939 - utils_logger - INFO: Сформирован список трназакций за указанный период
2025-11-07 01:07:52,939 - utils_logger - INFO: Сформирован список трназакций за указанный период
2025-11-07 01:07:52,939 - utils_logger - INFO: Сформирован список трназакций за указанный период
2025-11-07 01:07:52,939 - utils_logger - INFO: Сформирован список трназакций за указанный период
2025-11-07 01:07:52,939 - utils_logger - INFO: Сформирован список трназакций за указанный период
2025-11-07 01:07:52,939 - utils_logger - INFO: Сформирован список трназакций за указанный период
2025-11-07 01:07:52,939 - utils_logger - INFO: Сформирован список трназакций за указанный период
2025-11-07 01:07:52,939 - utils_logger - INFO: Сформирован список трназакций за указанный период
2025-11-07 01:07:52,940 - utils_logger - INFO: Сформирован список трназакций за указанный период
2025-11-07 01:07:52,940 - utils_logger - INFO: Сформирован список трназакций за указанный период
2025-11-07 01:07:52,940 - utils_logger - INFO: Сформирован список трназакций за указанный период
2025-11-07 01:07:52,940 - utils_logger - INFO: Сформирован список трназакций за указанный период
2025-11-07 01:07:52,940 - utils_logger - INFO: Сформирован список трназакций за указанный период
2025-11-07 01:07:52,940 - utils_logger - INFO: Сформирован список трназакций за указанный период
2025-11-07 01:07:52,940 - utils_logger - INFO: Сформирован список трназакций за указанный период
2025-11-07 01:07:52,940 - utils_logger - INFO: Сформирован список трназакций за указанный период
2025-11-07 01:07:52,940 - utils_logger - INFO: Сформирован список трназакций за указанный период
2025-11-07 01:07:52,940 - utils_logger - INFO: Сформирован список трназакций за указанный период
2025-11-07 01:07:52,940 - utils_logger - INFO: Сформирован список трназакций за указанный период
2025-11-07 01:07:52,940 - utils_logger - INFO: Сформирован список трназакций за указанный период
2025-11-07 01:07:52,940 - utils_logger - INFO: Сформирован список трназакций за указанный период
2025-11-07 01:07:52,940 - utils_logger - INFO: Сформирован список трназакций за указанный период
2025-11-07 01:07:52,940 - utils_logger - INFO: Сформирован список трназакций за указанный период
2025-11-07 01:07:52,940 - utils_logger - INFO: Сформирован список трназакций за указанный период
2025-11-07 01:07:52,940 - utils_logger - INFO: Сформирован список трназакций за указанный период
2025-11-07 01:07:52,940 - utils_logger - INFO: Сформирован список трназакций за указанный период
2025-11-07 01:07:52,940 - utils_logger - INFO: Сформирован список трназакций за указанный период
2025-11-07 01:07:52,940 - utils_logger - INFO: Сформирован список трназакций за указанный период
2025-11-07 01:07:52,940 - utils_logger - INFO: Сформирован список трназакций за указанный период
2025-11-07 01:07:52,940 - utils_logger - INFO: Сформирован список трназакций за указанный период
2025-11-07 01:07:52,941 - utils_logger - INFO: Сформирован список трназакций за указанный период
2025-11-07 01:07:52,941 - utils_logger - INFO: Сформирован список трназакций за указанный период
2025-11-07 01:07:52,941 - utils_logger - INFO: Сформирован список трназакций за указанный период
2025-11-07 01:07:52,941 - utils_logger - INFO: Сформирован список трназакций за указанный период
2025-11-07 01:07:52,941 - utils_logger - INFO: Сформирован список трназакций за указанный период
2025-11-07 01:07:52,941 - utils_logger - INFO: Сформирован список трназакций за указанный период
2025-11-07 01:07:52,941 - utils_logger - INFO: Сформирован список трназакций за указанный период
2025-11-07 01:07:52,941 - utils_logger - INFO: Сформирован список трназакций за указанный период
2025-11-07 01:07:52,941 - utils_logger - INFO: Сформирован список трназакций за указанный период
2025-11-07 01:07:52,941 - utils_logger - INFO: Сформирован список трназакций за указанный период
2025-11-07 01:07:52,941 - utils_logger - INFO: Сформирован список трназакций за указанный период
2025-11-07 01:07:52,941 - utils_logger - INFO: Сформирован список трназакций за указанный период
2025-11-07 01:07:52,941 - utils_logger - INFO: Сформирован список трназакций за указанный период
2025-11-07 01:07:52,941 - utils_logger - INFO: Сформирован список трназакций за указанный период
2025-11-07 01:07:52,941 - utils_logger - INFO: Сформирован список трназакций за указанный период
2025-11-07 01:07:52,941 - utils_logger - INFO: Сформирован список трназакций за указанный период
2025-11-07 01:07:52,941 - utils_logger - INFO: Сформирован список трназакций за указанный период
2025-11-07 01:07:52,941 - utils_logger - INFO: Сформирован список трназакций за указанный период
2025-11-07 01:07:52,941 - utils_logger - INFO: Сформирован список трназакций за указанный период
2025-11-07 01:07:52,941 - utils_logger - INFO: Сформирован список трназакций за указанный период
2025-11-07 01:07:52,941 - utils_logger - INFO: Сформирован список трназакций за указанный период
2025-11-07 01:07:52,941 - utils_logger - INFO: Сформирован список трназакций за указанный период
2025-11-07 01:07:52,942 - utils_logger - INFO: Сформирован список трназакций за указанный период
2025-11-07 01:07:52,942 - utils_logger - INFO: Сформирован список трназакций за указанный период
2025-11-07 01:07:52,942 - utils_logger - INFO: Сформирован список трназакций за указанный период
2025-11-07 01:07:52,942 - utils_logger - INFO: Сформирован список трназакций за указанный период
2025-11-07 01:07:52,942 - utils_logger - INFO: Сформирован список трназакций за указанный период
2025-11-07 01:07:52,942 - utils_logger - INFO: Сформирован список трназакций за указанный период
2025-11-07 01:07:52,942 - utils_logger - INFO: Сформирован список трназакций за указанный период
2025-11-07 01:07:52,942 - utils_logger - INFO: Сформирован список трназакций за указанный период
2025-11-07 01:07:52,942 - utils_logger - INFO: Сформирован список трназакций за указанный период
2025-11-07 01:07:52,942 - utils_logger - INFO: Сформирован список трназакций за указанный период
2025-11-07 01:07:52,942 - utils_logger - INFO: Сформирован список трназакций за указанный период
2025-11-07 01:07:52,942 - utils_logger - INFO: Сформирован список трназакций за указанный период
2025-11-07 01:07:52,942 - utils_logger - INFO: Сформирован список трназакций за указанный период
2025-11-07 01:07:52,942 - utils_logger - INFO: Сформирован список трназакций за указанный период
2025-11-07 01:07:52,942 - utils_logger - INFO: Сформирован список трназакций за указанный период
2025-11-07 01:07:52,942 - utils_logger - INFO: Сформирован список трназакций за указанный период
2025-11-07 01:07:52,942 - utils_logger - INFO: Сформирован список трназакций за указанный период
2025-11-07 01:07:52,942 - utils_logger - INFO: Сформирован список трназакций за указанный период
2025-11-07 01:07:52,942 - utils_logger - INFO: Сформирован список трназакций за указанный период
2025-11-07 01:07:52,942 - utils_logger - INFO: Сформирован список трназакций за указанный период
2025-11-07 01:07:52,942 - utils_logger - INFO: Сформирован список трназакций за указанный период
2025-11-07 01:07:52,942 - utils_logger - INFO: Сформирован список трназакций за указанный период
2025-11-07 01:07:52,943 - utils_logger - INFO: Сформирован список трназакций за указанный период
2025-11-07 01:07:52,943 - utils_logger - INFO: Сформирован список трназакций за указанный период
2025-11-07 01:07:52,943 - utils_logger - INFO: Сформирован список трназакций за указанный период
2025-11-07 01:07:52,943 - utils_logger - INFO: Сформирован список трназакций за указанный период
2025-11-07 01:07:52,943 - utils_logger - INFO: Сформирован список трназакций за указанный период
2025-11-07 01:07:52,943 - utils_logger - INFO: Сформирован список трназакций за указанный период
2025-11-07 01:07:52,943 - utils_logger - INFO: Сформирован список трназакций за указанный период
2025-11-07 01:07:52,943 - utils_logger - INFO: Сформирован список трназакций за указанный период
2025-11-07 01:07:52,943 - utils_logger - INFO: Сформирован список трназакций за указанный период
2025-11-07 01:07:52,943 - utils_logger - INFO: Сформирован список трназакций за указанный период
2025-11-07 01:07:52,943 - utils_logger - INFO: Сформирован список трназакций за указанный период
2025-11-07 01:07:52,943 - utils_logger - INFO: Сформирован список трназакций за указанный период
2025-11-07 01:07:52,943 - utils_logger - INFO: Сформирован список трназакций за указанный период
2025-11-07 01:07:52,943 - utils_logger - INFO: Сформирован список трназакций за указанный период
2025-11-07 01:07:52,943 - utils_logger - INFO: Сформирован список трназакций за указанный период
2025-11-07 01:07:52,943 - utils_logger - INFO: Сформирован список трназакций за указанный период
2025-11-07 01:07:52,943 - utils_logger - INFO: Сформирован список трназакций за указанный период
2025-11-07 01:07:52,943 - utils_logger - INFO: Сформирован список трназакций за указанный период
2025-11-07 01:07:52,943 - utils_logger - INFO: Сформирован список трназакций за указанный период
2025-11-07 01:07:52,943 - utils_logger - INFO: Сформирован список трназакций за указанный период
2025-11-07 01:07:52,944 - utils_logger - INFO: Сформирован список трназакций за указанный период
2025-11-07 01:07:52,944 - utils_logger - INFO: Сформирован список трназакций за указанный период
2025-11-07 01:07:52,944 - utils_logger - INFO: Сформирован список трназакций за указанный период
2025-11-07 01:07:52,944 - utils_logger - INFO: Сформирован список трназакций за указанный период
2025-11-07 01:07:52,944 - utils_logger - INFO: Сформирован список трназакций за указанный период
2025-11-07 01:07:52,944 - utils_logger - INFO: Сформирован список трназакций за указанный период
2025-11-07 01:07:52,944 - utils_logger - INFO: Сформирован список трназакций за указанный период
2025-11-07 01:07:52,944 - utils_logger - INFO: Сформирован список трназакций за указанный период
2025-11-07 01:07:52,944 - utils_logger - INFO: Сформирован список трназакций за указанный период
2025-11-07 01:07:52,944 - utils_logger - INFO: Сформирован список трназакций за указанный период
2025-11-07 01:07:52,944 - utils_logger - INFO: Сформирован список трназакций за указанный период
2025-11-07 01:07:52,944 - utils_logger - INFO: Сформирован список трназакций за указанный период
2025-11-07 01:07:52,944 - utils_logger - INFO: Сформирован список трназакций за указанный период
2025-11-07 01:07:52,944 - utils_logger - INFO: Сформирован список трназакций за указанный период
2025-11-07 01:07:52,944 - utils_logger - INFO: Сформирован список трназакций за указанный период
2025-11-07 01:07:52,944 - utils_logger - INFO: Сформирован список трназакций за указанный период
2025-11-07 01:07:52,944 - utils_logger - INFO: Сформирован список трназакций за указанный период
2025-11-07 01:07:52,944 - utils_logger - INFO: Сформирован список трназакций за указанный период
2025-11-07 01:07:52,944 - utils_logger - INFO: Сформирован список трназакций за указанный период
2025-11-07 01:07:52,944 - utils_logger - INFO: Сформирован список трназакций за указанный период
2025-11-07 01:07:52,944 - utils_logger - INFO: Сформирован список трназакций за указанный период
2025-11-07 01:07:52,944 - utils_logger - INFO: Сформирован список трназакций за указанный период
2025-11-07 01:07:52,945 - utils_logger - INFO: Сформирован список трназакций за указанный период
2025-11-07 01:07:52,945 - utils_logger - INFO: Сформирован список трназакций за указанный период
2025-11-07 01:07:52,945 - utils_logger - INFO: Сформирован список трназакций за указанный период
2025-11-07 01:07:52,945 - utils_logger - INFO: Сформирован список трназакций за указанный период
2025-11-07 01:07:52,945 - utils_logger - INFO: Сформирован список трназакций за указанный период
2025-11-07 01:07:52,945 - utils_logger - INFO: Сформирован список трназакций за указанный период
2025-11-07 01:07:52,945 - utils_logger - INFO: Сформирован список трназакций за указанный период
2025-11-07 01:07:52,945 - utils_logger - INFO: Сформирован список трназакций за указанный период
2025-11-07 01:07:52,945 - utils_logger - INFO: Сформирован список трназакций за указанный период
2025-11-07 01:07:52,945 - utils_logger - INFO: Сформирован список трназакций за указанный период
2025-11-07 01:07:52,945 - utils_logger - INFO: Сформирован список трназакций за указанный период
2025-11-07 01:07:52,945 - utils_logger - INFO: Сформирован список трназакций за указанный период
2025-11-07 01:07:52,945 - utils_logger - INFO: Сформирован список трназакций за указанный период
2025-11-07 01:07:52,945 - utils_logger - INFO: Сформирован список трназакций за указанный период
2025-11-07 01:07:52,945 - utils_logger - INFO: Сформирован список трназакций за указанный период
2025-11-07 01:07:52,945 - utils_logger - INFO: Сформирован список трназакций за указанный период
2025-11-07 01:07:52,945 - utils_logger - INFO: Сформирован список трназакций за указанный период
2025-11-07 01:07:52,945 - utils_logger - INFO: Сформирован список трназакций за указанный период
2025-11-07 01:07:52,945 - utils_logger - INFO: Сформирован список трназакций за указанный период
2025-11-07 01:07:52,945 - utils_logger - INFO: Сформирован список трназакций за указанный период
2025-11-07 01:07:52,945 - utils_logger - INFO: Сформирован список трназакций за указанный период
2025-11-07 01:07:52,946 - utils_logger - INFO: Сформирован список трназакций за указанный период
2025-11-07 01:07:52,946 - utils_logger - INFO: Сформирован список трназакций за указанный период
2025-11-07 01:07:52,946 - utils_logger - INFO: Сформирован список трназакций за указанный период
2025-11-07 01:07:52,946 - utils_logger - INFO: Сформирован список трназакций за указанный период
2025-11-07 01:07:52,946 - utils_logger - INFO: Сформирован список трназакций за указанный период
2025-11-07 01:07:52,946 - utils_logger - INFO: Сформирован список трназакций за указанный период
2025-11-07 01:07:52,946 - utils_logger - INFO: Сформирован список трназакций за указанный период
2025-11-07 01:07:52,946 - utils_logger - INFO: Сформирован список трназакций за указанный период
2025-11-07 01:07:52,946 - utils_logger - INFO: Сформирован список трназакций за указанный период
2025-11-07 01:07:52,946 - utils_logger - INFO: Сформирован список трназакций за указанный период
2025-11-07 01:07:52,946 - utils_logger - INFO: Сформирован список трназакций за указанный период
2025-11-07 01:07:52,946 - utils_logger - INFO: Сформирован список трназакций за указанный период
2025-11-07 01:07:52,946 - utils_logger - INFO: Сформирован список трназакций за указанный период
2025-11-07 01:07:52,946 - utils_logger - INFO: Сформирован список трназакций за указанный период
2025-11-07 01:07:52,946 - utils_logger - INFO: Сформирован список трназакций за указанный период
2025-11-07 01:07:52,946 - utils_logger - INFO: Сформирован список трназакций за указанный период
2025-11-07 01:07:52,946 - utils_logger - INFO: Сформирован список трназакций за указанный период
2025-11-07 01:07:52,946 - utils_logger - INFO: Сформирован список трназакций за указанный период
2025-11-07 01:07:52,946 - utils_logger - INFO: Сформирован список трназакций за указанный период
2025-11-07 01:07:52,946 - utils_logger - INFO: Сформирован список трназакций за указанный период
2025-11-07 01:07:52,946 - utils_logger - INFO: Сформирован список трназакций за указанный период
2025-11-07 01:07:52,946 - utils_logger - INFO: Сформирован список трназакций за указанный период
2025-11-07 01:07:52,947 - utils_logger - INFO: Сформирован список трназакций за указанный период
2025-11-07 01:07:52,947 - utils_logger - INFO: Сформирован список трназакций за указанный период
2025-11-07 01:07:52,947 - utils_logger - INFO: Сформирован список трназакций за указанный период
2025-11-07 01:07:52,947 - utils_logger - INFO: Сформирован список трназакций за указанный период
2025-11-07 01:07:52,947 - utils_logger - INFO: Сформирован список трназакций за указанный период
2025-11-07 01:07:52,947 - utils_logger - INFO: Сформирован список трназакций за указанный период
2025-11-07 01:07:52,947 - utils_logger - INFO: Сформирован список трназакций за указанный период
2025-11-07 01:07:52,947 - utils_logger - INFO: Сформирован список трназакций за указанный период
2025-11-07 01:07:52,947 - utils_logger - INFO: Сформирован список трназакций за указанный период
2025-11-07 01:07:52,947 - utils_logger - INFO: Сформирован список трназакций за указанный период
2025-11-07 01:07:52,947 - utils_logger - INFO: Сформирован список трназакций за указанный период
2025-11-07 01:07:52,947 - utils_logger - INFO: Сформирован список трназакций за указанный период
2025-11-07 01:07:52,947 - utils_logger - INFO: Сформирован список трназакций за указанный период
2025-11-07 01:07:52,947 - utils_logger - INFO: Сформирован список трназакций за указанный период
2025-11-07 01:07:52,947 - utils_logger - INFO: Сформирован список трназакций за указанный период
2025-11-07 01:07:52,947 - utils_logger - INFO: Сформирован список трназакций за указанный период
2025-11-07 01:07:52,947 - utils_logger - INFO: Сформирован список трназакций за указанный период
2025-11-07 01:07:52,947 - utils_logger - INFO: Сформирован список трназакций за указанный период
2025-11-07 01:07:52,947 - utils_logger - INFO: Сформирован список трназакций за указанный период
2025-11-07 01:07:52,947 - utils_logger - INFO: Сформирован список трназакций за указанный период
2025-11-07 01:07:52,947 - utils_logger - INFO: Сформирован список трназакций за указанный период
2025-11-07 01:07:52,948 - utils_logger - INFO: Сформирован список трназакций за указанный период
2025-11-07 01:07:52,948 - utils_logger - INFO: Сформирован список трназакций за указанный период
2025-11-07 01:07:52,948 - utils_logger - INFO: Сформирован список трназакций за указанный период
2025-11-07 01:07:52,948 - utils_logger - INFO: Сформирован список трназакций за указанный период
2025-11-07 01:07:52,948 - utils_logger - INFO: Сформирован список трназакций за указанный период
2025-11-07 01:07:52,948 - utils_logger - INFO: Сформирован список трназакций за указанный период
2025-11-07 01:07:52,948 - utils_logger - INFO: Сформирован список трназакций за указанный период
2025-11-07 01:07:52,948 - utils_logger - INFO: Сформирован список трназакций за указанный период
2025-11-07 01:07:52,948 - utils_logger - INFO: Сформирован список трназакций за указанный период
2025-11-07 01:07:52,948 - utils_logger - INFO: Сформирован список трназакций за указанный период
2025-11-07 01:07:52,948 - utils_logger - INFO: Сформирован список трназакций за указанный период
2025-11-07 01:07:52,948 - utils_logger - INFO: Сформирован список трназакций за указанный период
2025-11-07 01:07:52,948 - utils_logger - INFO: Сформирован список трназакций за указанный период
2025-11-07 01:07:52,948 - utils_logger - INFO: Сформирован список трназакций за указанный период
2025-11-07 01:07:52,948 - utils_logger - INFO: Сформирован список трназакций за указанный период
2025-11-07 01:07:52,948 - utils_logger - INFO: Сформирован список трназакций за указанный период
2025-11-07 01:07:52,948 - utils_logger - INFO: Сформирован список трназакций за указанный период
2025-11-07 01:07:52,948 - utils_logger - INFO: Сформирован список трназакций за указанный период
2025-11-07 01:07:52,948 - utils_logger - INFO: Сформирован список трназакций за указанный период
2025-11-07 01:07:52,948 - utils_logger - INFO: Сформирован список трназакций за указанный период
2025-11-07 01:07:52,948 - utils_logger - INFO: Сформирован список трназакций за указанный период
2025-11-07 01:07:52,948 - utils_logger - INFO: Сформирован список трназакций за указанный период
2025-11-07 01:07:52,949 - utils_logger - INFO: Сформирован список трназакций за указанный период
2025-11-07 01:07:52,949 - utils_logger - INFO: Сформирован список трназакций за указанный период
2025-11-07 01:07:52,949 - utils_logger - INFO: Сформирован список трназакций за указанный период
2025-11-07 01:07:52,949 - utils_logger - INFO: Сформирован список трназакций за указанный период
2025-11-07 01:07:52,949 - utils_logger - INFO: Сформирован список трназакций за указанный период
2025-11-07 01:07:52,949 - utils_logger - INFO: Сформирован список трназакций за указанный период
2025-11-07 01:07:52,949 - utils_logger - INFO: Сформирован список трназакций за указанный период
2025-11-07 01:07:52,949 - utils_logger - INFO: Сформирован список трназакций за указанный период
2025-11-07 01:07:52,949 - utils_logger - INFO: Сформирован список трназакций за указанный период
2025-11-07 01:07:52,949 - utils_logger - INFO: Сформирован список трназакций за указанный период
2025-11-07 01:07:52,949 - utils_logger - INFO: Сформирован список трназакций за указанный период
2025-11-07 01:07:52,949 - utils_logger - INFO: Сформирован список трназакций за указанный период
2025-11-07 01:07:52,949 - utils_logger - INFO: Сформирован список трназакций за указанный период
2025-11-07 01:07:52,949 - utils_logger - INFO: Сформирован список трназакций за указанный период
2025-11-07 01:07:52,949 - utils_logger - INFO: Сформирован список трназакций за указанный период
2025-11-07 01:07:52,949 - utils_logger - INFO: Сформирован список трназакций за указанный период
2025-11-07 01:07:52,949 - utils_logger - INFO: Сформирован список трназакций за указанный период
2025-11-07 01:07:52,949 - utils_logger - INFO: Сформирован список трназакций за указанный период
2025-11-07 01:07:52,949 - utils_logger - INFO: Сформирован список трназакций за указанный период
2025-11-07 01:07:52,949 - utils_logger - INFO: Сформирован список трназакций за указанный период
2025-11-07 01:07:52,949 - utils_logger - INFO: Сформирован список трназакций за указанный период
2025-11-07 01:07:52,949 - utils_logger - INFO: Сформирован список трназакций за указанный период
2025-11-07 01:07:52,950 - utils_logger - INFO: Сформирован список трназакций за указанный период
2025-11-07 01:07:52,950 - utils_logger - INFO: Сформирован список трназакций за указанный период
2025-11-07 01:07:52,950 - utils_logger - INFO: Сформирован список трназакций за указанный период
2025-11-07 01:07:52,950 - utils_logger - INFO: Сформирован список трназакций за указанный период
2025-11-07 01:07:52,950 - utils_logger - INFO: Сформирован список трназакций за указанный период
2025-11-07 01:07:52,950 - utils_logger - INFO: Сформирован список трназакций за указанный период
2025-11-07 01:07:52,950 - utils_logger - INFO: Сформирован список трназакций за указанный период
2025-11-07 01:07:52,950 - utils_logger - INFO: Сформирован список трназакций за указанный период
2025-11-07 01:07:52,950 - utils_logger - INFO: Сформирован список трназакций за указанный период
2025-11-07 01:07:52,950 - utils_logger - INFO: Сформирован список трназакций за указанный период
2025-11-07 01:07:52,950 - utils_logger - INFO: Сформирован список трназакций за указанный период
2025-11-07 01:07:52,950 - utils_logger - INFO: Сформирован список трназакций за указанный период
2025-11-07 01:07:52,950 - utils_logger - INFO: Сформирован список трназакций за указанный период
2025-11-07 01:07:52,950 - utils_logger - INFO: Сформирован список трназакций за указанный период
2025-11-07 01:07:52,950 - utils_logger - INFO: Сформирован список трназакций за указанный период
2025-11-07 01:07:52,950 - utils_logger - INFO: Сформирован список трназакций за указанный период
2025-11-07 01:07:52,950 - utils_logger - INFO: Сформирован список трназакций за указанный период
2025-11-07 01:07:52,950 - utils_logger - INFO: Сформирован список трназакций за указанный период
2025-11-07 01:07:52,950 - utils_logger - INFO: Сформирован список трназакций за указанный период
2025-11-07 01:07:52,950 - utils_logger - INFO: Сформирован список трназакций за указанный период
2025-11-07 01:07:52,951 - utils_logger - INFO: Сформирован список трназакций за указанный период
2025-11-07 01:07:52,951 - utils_logger - INFO: Сформирован список трназакций за указанный период
2025-11-07 01:07:52,951 - utils_logger - INFO: Сформирован список трназакций за указанный период
2025-11-07 01:07:52,951 - utils_logger - INFO: Сформирован список трназакций за указанный период
2025-11-07 01:07:52,951 - utils_logger - INFO: Сформирован список трназакций за указанный период
2025-11-07 01:07:52,951 - utils_logger - INFO: Сформирован список трназакций за указанный период
2025-11-07 01:07:52,951 - utils_logger - INFO: Сформирован список трназакций за указанный период
2025-11-07 01:07:52,951 - utils_logger - INFO: Сформирован список трназакций за указанный период
2025-11-07 01:07:52,951 - utils_logger - INFO: Сформирован список трназакций за указанный период
2025-11-07 01:07:52,951 - utils_logger - INFO: Сформирован список трназакций за указанный период
2025-11-07 01:07:52,951 - utils_logger - INFO: Сформирован список трназакций за указанный период
2025-11-07 01:07:52,951 - utils_logger - INFO: Сформирован список трназакций за указанный период
2025-11-07 01:07:52,951 - utils_logger - INFO: Сформирован список трназакций за указанный период
2025-11-07 01:07:52,951 - utils_logger - INFO: Сформирован список трназакций за указанный период
2025-11-07 01:07:52,951 - utils_logger - INFO: Сформирован список трназакций за указанный период
2025-11-07 01:07:52,951 - utils_logger - INFO: Сформирован список трназакций за указанный период
2025-11-07 01:07:52,951 - utils_logger - INFO: Сформирован список трназакций за указанный период
2025-11-07 01:07:52,951 - utils_logger - INFO: Сформирован список трназакций за указанный период
2025-11-07 01:07:52,951 - utils_logger - INFO: Сформирован список трназакций за указанный период
2025-11-07 01:07:52,951 - utils_logger - INFO: Сформирован список трназакций за указанный период
2025-11-07 01:07:52,951 - utils_logger - INFO: Сформирован список трназакций за указанный период
2025-11-07 01:07:52,952 - utils_logger - INFO: Сформирован список трназакций за указанный период
2025-11-07 01:07:52,952 - utils_logger - INFO: Сформирован список трназакций за указанный период
2025-11-07 01:07:52,952 - utils_logger - INFO: Сформирован список трназакций за указанный период
2025-11-07 01:07:52,952 - utils_logger - INFO: Сформирован список трназакций за указанный период
2025-11-07 01:07:52,952 - utils_logger - INFO: Сформирован список трназакций за указанный период
2025-11-07 01:07:52,952 - utils_logger - INFO: Сформирован список трназакций за указанный период
2025-11-07 01:07:52,952 - utils_logger - INFO: Сформирован список трназакций за указанный период
2025-11-07 01:07:52,952 - utils_logger - INFO: Сформирован список трназакций за указанный период
2025-11-07 01:07:52,952 - utils_logger - INFO: Сформирован список трназакций за указанный период
2025-11-07 01:07:52,952 - utils_logger - INFO: Сформирован список трназакций за указанный период
2025-11-07 01:07:52,952 - utils_logger - INFO: Сформирован список трназакций за указанный период
2025-11-07 01:07:52,952 - utils_logger - INFO: Сформирован список трназакций за указанный период
2025-11-07 01:07:52,952 - utils_logger - INFO: Сформирован список трназакций за указанный период
2025-11-07 01:07:52,952 - utils_logger - INFO: Сформирован список трназакций за указанный период
2025-11-07 01:07:52,952 - utils_logger - INFO: Сформирован список трназакций за указанный период
2025-11-07 01:07:52,953 - utils_logger - INFO: Сформирован список трназакций за указанный период
2025-11-07 01:07:52,953 - utils_logger - INFO: Сформирован список трназакций за указанный период
2025-11-07 01:07:52,953 - utils_logger - INFO: Сформирован список трназакций за указанный период
2025-11-07 01:07:52,953 - utils_logger - INFO: Сформирован список трназакций за указанный период
2025-11-07 01:07:52,953 - utils_logger - INFO: Сформирован список трназакций за указанный период
2025-11-07 01:07:52,953 - utils_logger - INFO: Сформирован список трназакций за указанный период
2025-11-07 01:07:52,953 - utils_logger - INFO: Сформирован список трназакций за указанный период
2025-11-07 01:07:52,953 - utils_logger - INFO: Сформирован список трназакций за указанный период
2025-11-07 01:07:52,953 - utils_logger - INFO: Сформирован список трназакций за указанный период
2025-11-07 01:07:52,953 - utils_logger - INFO: Сформирован список трназакций за указанный период
2025-11-07 01:07:52,953 - utils_logger - INFO: Сформирован список трназакций за указанный период
2025-11-07 01:07:52,953 - utils_logger - INFO: Сформирован список трназакций за указанный период
2025-11-07 01:07:52,953 - utils_logger - INFO: Сформирован список трназакций за указанный период
2025-11-07 01:07:52,953 - utils_logger - INFO: Сформирован список трназакций за указанный период
2025-11-07 01:07:52,953 - utils_logger - INFO: Сформирован список трназакций за указанный период
2025-11-07 01:07:52,953 - utils_logger - INFO: Сформирован список трназакций за указанный период
2025-11-07 01:07:52,953 - utils_logger - INFO: Сформирован список трназакций за указанный период
2025-11-07 01:07:52,953 - utils_logger - INFO: Сформирован список трназакций за указанный период
2025-11-07 01:07:52,953 - utils_logger - INFO: Сформирован список трназакций за указанный период
2025-11-07 01:07:52,954 - utils_logger - INFO: Сформирован список трназакций за указанный период
2025-11-07 01:07:52,954 - utils_logger - INFO: Сформирован список трназакций за указанный период
2025-11-07 01:07:52,954 - utils_logger - INFO: Сформирован список трназакций за указанный период
2025-11-07 01:07:52,954 - utils_logger - INFO: Сформирован список трназакций за указанный период
2025-11-07 01:07:52,954 - utils_logger - INFO: Сформирован список трназакций за указанный период
2025-11-07 01:07:52,954 - utils_logger - INFO: Сформирован список трназакций за указанный период
2025-11-07 01:07:52,954 - utils_logger - INFO: Сформирован список трназакций за указанный период
2025-11-07 01:07:52,954 - utils_logger - INFO: Сформирован список трназакций за указанный период
2025-11-07 01:07:52,954 - utils_logger - INFO: Сформирован список трназакций за указанный период
2025-11-07 01:07:52,954 - utils_logger - INFO: Сформирован список трназакций за указанный период
2025-11-07 01:07:52,954 - utils_logger - INFO: Сформирован список трназакций за указанный период
2025-11-07 01:07:52,954 - utils_logger - INFO: Сформирован список трназакций за указанный период
2025-11-07 01:07:52,954 - utils_logger - INFO: Сформирован список трназакций за указанный период
2025-11-07 01:07:52,954 - utils_logger - INFO: Сформирован список трназакций за указанный период
2025-11-07 01:07:52,954 - utils_logger - INFO: Сформирован список трназакций за указанный период
2025-11-07 01:07:52,954 - utils_logger - INFO: Сформирован список трназакций за указанный период
2025-11-07 01:07:52,954 - utils_logger - INFO: Сформирован список трназакций за указанный период
2025-11-07 01:07:52,954 - utils_logger - INFO: Сформирован список трназакций за указанный период
2025-11-07 01:07:52,954 - utils_logger - INFO: Сформирован список трназакций за указанный период
2025-11-07 01:07:52,954 - utils_logger - INFO: Сформирован список трназакций за указанный период
2025-11-07 01:07:52,954 - utils_logger - INFO: Сформирован список трназакций за указанный период
2025-11-07 01:07:52,955 - utils_logger - INFO: Сформирован список трназакций за указанный период
2025-11-07 01:07:52,955 - utils_logger - INFO: Сформирован список трназакций за указанный период
2025-11-07 01:07:52,955 - utils_logger - INFO: Сформирован список трназакций за указанный период
2025-11-07 01:07:52,955 - utils_logger - INFO: Сформирован список трназакций за указанный период
2025-11-07 01:07:52,955 - utils_logger - INFO: Сформирован список трназакций за указанный период
2025-11-07 01:07:52,955 - utils_logger - INFO: Сформирован список трназакций за указанный период
2025-11-07 01:07:52,955 - utils_logger - INFO: Сформирован список трназакций за указанный период
2025-11-07 01:07:52,955 - utils_logger - INFO: Сформирован список трназакций за указанный период
2025-11-07 01:07:52,955 - utils_logger - INFO: Сформирован список трназакций за указанный период
2025-11-07 01:07:52,955 - utils_logger - INFO: Сформирован список трназакций за указанный период
2025-11-07 01:07:52,955 - utils_logger - INFO: Сформирован список трназакций за указанный период
2025-11-07 01:07:52,955 - utils_logger - INFO: Сформирован список трназакций за указанный период
2025-11-07 01:07:52,955 - utils_logger - INFO: Сформирован список трназакций за указанный период
2025-11-07 01:07:52,955 - utils_logger - INFO: Сформирован список трназакций за указанный период
2025-11-07 01:07:52,955 - utils_logger - INFO: Сформирован список трназакций за указанный период
2025-11-07 01:07:52,955 - utils_logger - INFO: Сформирован список трназакций за указанный период
2025-11-07 01:07:52,955 - utils_logger - INFO: Сформирован список трназакций за указанный период
2025-11-07 01:07:52,955 - utils_logger - INFO: Сформирован список трназакций за указанный период
2025-11-07 01:07:52,955 - utils_logger - INFO: Сформирован список трназакций за указанный период
2025-11-07 01:07:52,955 - utils_logger - INFO: Сформирован список трназакций за указанный период
2025-11-07 01:07:52,956 - utils_logger - INFO: Сформирован список трназакций за указанный период
2025-11-07 01:07:52,956 - utils_logger - INFO: Сформирован список трназакций за указанный период
2025-11-07 01:07:52,956 - utils_logger - INFO: Сформирован список трназакций за указанный период
2025-11-07 01:07:52,956 - utils_logger - INFO: Сформирован список трназакций за указанный период
2025-11-07 01:07:52,956 - utils_logger - INFO: Сформирован список трназакций за указанный период
2025-11-07 01:07:52,956 - utils_logger - INFO: Сформирован список трназакций за указанный период
2025-11-07 01:07:52,956 - utils_logger - INFO: Сформирован список трназакций за указанный период
2025-11-07 01:07:52,956 - utils_logger - INFO: Сформирован список трназакций за указанный период
2025-11-07 01:07:52,956 - utils_logger - INFO: Сформирован список трназакций за указанный период
2025-11-07 01:07:52,956 - utils_logger - INFO: Сформирован список трназакций за указанный период
2025-11-07 01:07:52,956 - utils_logger - INFO: Сформирован список трназакций за указанный период
2025-11-07 01:07:52,956 - utils_logger - INFO: Сформирован список трназакций за указанный период
2025-11-07 01:07:52,956 - utils_logger - INFO: Сформирован список трназакций за указанный период
2025-11-07 01:07:52,956 - utils_logger - INFO: Сформирован список трназакций за указанный период
2025-11-07 01:07:52,956 - utils_logger - INFO: Сформирован список трназакций за указанный период
2025-11-07 01:07:52,956 - utils_logger - INFO: Сформирован список трназакций за указанный период
2025-11-07 01:07:52,956 - utils_logger - INFO: Сформирован список трназакций за указанный период
2025-11-07 01:07:52,956 - utils_logger - INFO: Сформирован список трназакций за указанный период
2025-11-07 01:07:52,956 - utils_logger - INFO: Сформирован список трназакций за указанный период
2025-11-07 01:07:52,956 - utils_logger - INFO: Сформирован список трназакций за указанный период
2025-11-07 01:07:52,956 - utils_logger - INFO: Сформирован список трназакций за указанный период
2025-11-07 01:07:52,957 - utils_logger - INFO: Сформирован список трназакций за указанный период
2025-11-07 01:07:52,957 - utils_logger - INFO: Сформирован список трназакций за указанный период
2025-11-07 01:07:52,957 - utils_logger - INFO: Сформирован список трназакций за указанный период
2025-11-07 01:07:52,957 - utils_logger - INFO: Сформирован список трназакций за указанный период
2025-11-07 01:07:52,957 - utils_logger - INFO: Сформирован список трназакций за указанный период
2025-11-07 01:07:52,957 - utils_logger - INFO: Сформирован список трназакций за указанный период
2025-11-07 01:07:52,957 - utils_logger - INFO: Сформирован список трназакций за указанный период
2025-11-07 01:07:52,957 - utils_logger - INFO: Сформирован список трназакций за указанный период
2025-11-07 01:07:52,957 - utils_logger - INFO: Сформирован список трназакций за указанный период
2025-11-07 01:07:52,957 - utils_logger - INFO: Сформирован список трназакций за указанный период
2025-11-07 01:07:52,957 - utils_logger - INFO: Сформирован список трназакций за указанный период
2025-11-07 01:07:52,957 - utils_logger - INFO: Сформирован список трназакций за указанный период
2025-11-07 01:07:52,957 - utils_logger - INFO: Сформирован список трназакций за указанный период
2025-11-07 01:07:52,957 - utils_logger - INFO: Сформирован список трназакций за указанный период
2025-11-07 01:07:52,957 - utils_logger - INFO: Сформирован список трназакций за указанный период
2025-11-07 01:07:52,957 - utils_logger - INFO: Сформирован список трназакций за указанный период
2025-11-07 01:07:52,957 - utils_logger - INFO: Сформирован список трназакций за указанный период
2025-11-07 01:07:52,957 - utils_logger - INFO: Сформирован список трназакций за указанный период
2025-11-07 01:07:52,957 - utils_logger - INFO: Сформирован список трназакций за указанный период
2025-11-07 01:07:52,957 - utils_logger - INFO: Сформирован список трназакций за указанный период
2025-11-07 01:07:52,957 - utils_logger - INFO: Сформирован список трназакций за указанный период
2025-11-07 01:07:52,957 - utils_logger - INFO: Сформирован список трназакций за указанный период
2025-11-07 01:07:52,958 - utils_logger - INFO: Сформирован список трназакций за указанный период
2025-11-07 01:07:52,958 - utils_logger - INFO: Сформирован список трназакций за указанный период
2025-11-07 01:07:52,958 - utils_logger - INFO: Сформирован список трназакций за указанный период
2025-11-07 01:07:52,958 - utils_logger - INFO: Сформирован список трназакций за указанный период
2025-11-07 01:07:52,958 - utils_logger - INFO: Сформирован список трназакций за указанный период
2025-11-07 01:07:52,958 - utils_logger - INFO: Сформирован список трназакций за указанный период
2025-11-07 01:07:52,958 - utils_logger - INFO: Сформирован список трназакций за указанный период
2025-11-07 01:07:52,958 - utils_logger - INFO: Сформирован список трназакций за указанный период
2025-11-07 01:07:52,958 - utils_logger - INFO: Сформирован список трназакций за указанный период
2025-11-07 01:07:52,958 - utils_logger - INFO: Сформирован список трназакций за указанный период
2025-11-07 01:07:52,958 - utils_logger - INFO: Сформирован список трназакций за указанный период
2025-11-07 01:07:52,958 - utils_logger - INFO: Сформирован список трназакций за указанный период
2025-11-07 01:07:52,958 - utils_logger - INFO: Сформирован список трназакций за указанный период
2025-11-07 01:07:52,958 - utils_logger - INFO: Сформирован список трназакций за указанный период
2025-11-07 01:07:52,958 - utils_logger - INFO: Сформирован список трназакций за указанный период
2025-11-07 01:07:52,958 - utils_logger - INFO: Сформирован список трназакций за указанный период
2025-11-07 01:07:52,958 - utils_logger - INFO: Сформирован список трназакций за указанный период
2025-11-07 01:07:52,958 - utils_logger - INFO: Сформирован список трназакций за указанный период
2025-11-07 01:07:52,958 - utils_logger - INFO: Сформирован список трназакций за указанный период
2025-11-07 01:07:52,958 - utils_logger - INFO: Сформирован список трназакций за указанный период
2025-11-07 01:07:52,958 - utils_logger - INFO: Сформирован список трназакций за указанный период
2025-11-07 01:07:52,958 - utils_logger - INFO: Сформирован список трназакций за указанный период
2025-11-07 01:07:52,959 - utils_logger - INFO: Сформирован список трназакций за указанный период
2025-11-07 01:07:52,959 - utils_logger - INFO: Сформирован список трназакций за указанный период
2025-11-07 01:07:52,959 - utils_logger - INFO: Сформирован список трназакций за указанный период
2025-11-07 01:07:52,959 - utils_logger - INFO: Сформирован список трназакций за указанный период
2025-11-07 01:07:52,959 - utils_logger - INFO: Сформирован список трназакций за указанный период
2025-11-07 01:07:52,959 - utils_logger - INFO: Сформирован список трназакций за указанный период
2025-11-07 01:07:52,959 - utils_logger - INFO: Сформирован список трназакций за указанный период
2025-11-07 01:07:52,959 - utils_logger - INFO: Сформирован список трназакций за указанный период
2025-11-07 01:07:52,959 - utils_logger - INFO: Сформирован список трназакций за указанный период
2025-11-07 01:07:52,959 - utils_logger - INFO: Сформирован список трназакций за указанный период
2025-11-07 01:07:52,959 - utils_logger - INFO: Сформирован список трназакций за указанный период
2025-11-07 01:07:52,959 - utils_logger - INFO: Сформирован список трназакций за указанный период
2025-11-07 01:07:52,959 - utils_logger - INFO: Сформирован список трназакций за указанный период
2025-11-07 01:07:52,959 - utils_logger - INFO: Сформирован список трназакций за указанный период
2025-11-07 01:07:52,959 - utils_logger - INFO: Сформирован список трназакций за указанный период
2025-11-07 01:07:52,959 - utils_logger - INFO: Сформирован список трназакций за указанный период
2025-11-07 01:07:52,960 - utils_logger - INFO: Сформирован список трназакций за указанный период
2025-11-07 01:07:52,960 - utils_logger - INFO: Сформирован список трназакций за указанный период
2025-11-07 01:07:52,960 - utils_logger - INFO: Сформирован список трназакций за указанный период
2025-11-07 01:07:52,960 - utils_logger - INFO: Сформирован список трназакций за указанный период
2025-11-07 01:07:52,960 - utils_logger - INFO: Сформирован список трназакций за указанный период
2025-11-07 01:07:52,960 - utils_logger - INFO: Сформирован список трназакций за указанный период
2025-11-07 01:07:52,960 - utils_logger - INFO: Сформирован список трназакций за указанный период
2025-11-07 01:07:52,960 - utils_logger - INFO: Сформирован список трназакций за указанный период
2025-11-07 01:07:52,960 - utils_logger - INFO: Сформирован список трназакций за указанный период
2025-11-07 01:07:52,960 - utils_logger - INFO: Сформирован список трназакций за указанный период
2025-11-07 01:07:52,960 - utils_logger - INFO: Сформирован список трназакций за указанный период
2025-11-07 01:07:52,960 - utils_logger - INFO: Сформирован список трназакций за указанный период
2025-11-07 01:07:52,960 - utils_logger - INFO: Сформирован список трназакций за указанный период
2025-11-07 01:07:52,960 - utils_logger - INFO: Сформирован список трназакций за указанный период
2025-11-07 01:07:52,960 - utils_logger - INFO: Сформирован список трназакций за указанный период
2025-11-07 01:07:52,960 - utils_logger - INFO: Сформирован список трназакций за указанный период
2025-11-07 01:07:52,960 - utils_logger - INFO: Сформирован список трназакций за указанный период
2025-11-07 01:07:52,960 - utils_logger - INFO: Сформирован список трназакций за указанный период
2025-11-07 01:07:52,960 - utils_logger - INFO: Сформирован список трназакций за указанный период
2025-11-07 01:07:52,961 - utils_logger - INFO: Сформирован список трназакций за указанный период
2025-11-07 01:07:52,961 - utils_logger - INFO: Сформирован список трназакций за указанный период
2025-11-07 01:07:52,961 - utils_logger - INFO: Сформирован список трназакций за указанный период
2025-11-07 01:07:52,961 - utils_logger - INFO: Сформирован список трназакций за указанный период
2025-11-07 01:07:52,961 - utils_logger - INFO: Сформирован список трназакций за указанный период
2025-11-07 01:07:52,961 - utils_logger - INFO: Сформирован список трназакций за указанный период
2025-11-07 01:07:52,961 - utils_logger - INFO: Сформирован список трназакций за указанный период
2025-11-07 01:07:52,961 - utils_logger - INFO: Сформирован список трназакций за указанный период
2025-11-07 01:07:52,961 - utils_logger - INFO: Сформирован список трназакций за указанный период
2025-11-07 01:07:52,961 - utils_logger - INFO: Сформирован список трназакций за указанный период
2025-11-07 01:07:52,961 - utils_logger - INFO: Сформирован список трназакций за указанный период
2025-11-07 01:07:52,961 - utils_logger - INFO: Сформирован список трназакций за указанный период
2025-11-07 01:07:52,961 - utils_logger - INFO: Сформирован список трназакций за указанный период
2025-11-07 01:07:52,961 - utils_logger - INFO: Сформирован список трназакций за указанный период
2025-11-07 01:07:52,961 - utils_logger - INFO: Сформирован список трназакций за указанный период
2025-11-07 01:07:52,961 - utils_logger - INFO: Сформирован список трназакций за указанный период
2025-11-07 01:07:52,961 - utils_logger - INFO: Сформирован список трназакций за указанный период
2025-11-07 01:07:52,961 - utils_logger - INFO: Сформирован список трназакций за указанный период
2025-11-07 01:07:52,961 - utils_logger - INFO: Сформирован список трназакций за указанный период
2025-11-07 01:07:52,961 - utils_logger - INFO: Сформирован список трназакций за указанный период
2025-11-07 01:07:52,961 - utils_logger - INFO: Сформирован список трназакций за указанный период
2025-11-07 01:07:52,961 - utils_logger - INFO: Сформирован список трназакций за указанный период
2025-11-07 01:07:52,962 - utils_logger - INFO: Сформирован список трназакций за указанный период
2025-11-07 01:07:52,962 - utils_logger - INFO: Сформирован список трназакций за указанный период
2025-11-07 01:07:52,962 - utils_logger - INFO: Сформирован список трназакций за указанный период
2025-11-07 01:07:52,962 - utils_logger - INFO: Сформирован список трназакций за указанный период
2025-11-07 01:07:52,962 - utils_logger - INFO: Сформирован список трназакций за указанный период
2025-11-07 01:07:52,962 - utils_logger - INFO: Сформирован список трназакций за указанный период
2025-11-07 01:07:52,962 - utils_logger - INFO: Сформирован список трназакций за указанный период
2025-11-07 01:07:52,962 - utils_logger - INFO: Сформирован список трназакций за указанный период
2025-11-07 01:07:52,962 - utils_logger - INFO: Сформирован список трназакций за указанный период
2025-11-07 01:07:52,962 - utils_logger - INFO: Сформирован список трназакций за указанный период
2025-11-07 01:07:52,962 - utils_logger - INFO: Сформирован список трназакций за указанный период
2025-11-07 01:07:52,962 - utils_logger - INFO: Сформирован список трназакций за указанный период
2025-11-07 01:07:52,962 - utils_logger - INFO: Сформирован список трназакций за указанный период
2025-11-07 01:07:52,962 - utils_logger - INFO: Сформирован список трназакций за указанный период
2025-11-07 01:07:52,962 - utils_logger - INFO: Сформирован список трназакций за указанный период
2025-11-07 01:07:52,962 - utils_logger - INFO: Сформирован список трназакций за указанный период
2025-11-07 01:07:52,962 - utils_logger - INFO: Сформирован список трназакций за указанный период
2025-11-07 01:07:52,962 - utils_logger - INFO: Сформирован список трназакций за указанный период
2025-11-07 01:07:52,962 - utils_logger - INFO: Сформирован список трназакций за указанный период
2025-11-07 01:07:52,962 - utils_logger - INFO: Сформирован список трназакций за указанный период
2025-11-07 01:07:52,962 - utils_logger - INFO: Сформирован список трназакций за указанный период
2025-11-07 01:07:52,963 - utils_logger - INFO: Сформирован список трназакций за указанный период
2025-11-07 01:07:52,963 - utils_logger - INFO: Сформирован список трназакций за указанный период
2025-11-07 01:07:52,963 - utils_logger - INFO: Сформирован список трназакций за указанный период
2025-11-07 01:07:52,963 - utils_logger - INFO: Сформирован список трназакций за указанный период
2025-11-07 01:07:52,963 - utils_logger - INFO: Сформирован список трназакций за указанный период
2025-11-07 01:07:52,963 - utils_logger - INFO: Сформирован список трназакций за указанный период
2025-11-07 01:07:52,963 - utils_logger - INFO: Сформирован список трназакций за указанный период
2025-11-07 01:07:52,963 - utils_logger - INFO: Сформирован список трназакций за указанный период
2025-11-07 01:07:52,963 - utils_logger - INFO: Сформирован список трназакций за указанный период
2025-11-07 01:07:52,963 - utils_logger - INFO: Сформирован список трназакций за указанный период
2025-11-07 01:07:52,963 - utils_logger - INFO: Сформирован список трназакций за указанный период
2025-11-07 01:07:52,963 - utils_logger - INFO: Сформирован список трназакций за указанный период
2025-11-07 01:07:52,963 - utils_logger - INFO: Сформирован список трназакций за указанный период
2025-11-07 01:07:52,963 - utils_logger - INFO: Сформирован список трназакций за указанный период
2025-11-07 01:07:52,963 - utils_logger - INFO: Сформирован список трназакций за указанный период
2025-11-07 01:07:52,963 - utils_logger - INFO: Сформирован список трназакций за указанный период
2025-11-07 01:07:52,963 - utils_logger - INFO: Сформирован список трназакций за указанный период
2025-11-07 01:07:52,963 - utils_logger - INFO: Сформирован список трназакций за указанный период
2025-11-07 01:07:52,963 - utils_logger - INFO: Сформирован список трназакций за указанный период
2025-11-07 01:07:52,963 - utils_logger - INFO: Сформирован список трназакций за указанный период
2025-11-07 01:07:52,964 - utils_logger - INFO: Сформирован список трназакций за указанный период
2025-11-07 01:07:52,964 - utils_logger - INFO: Сформирован список трназакций за указанный период
2025-11-07 01:07:52,964 - utils_logger - INFO: Сформирован список трназакций за указанный период
2025-11-07 01:07:52,964 - utils_logger - INFO: Сформирован список трназакций за указанный период
2025-11-07 01:07:52,964 - utils_logger - INFO: Сформирован список трназакций за указанный период
2025-11-07 01:07:52,964 - utils_logger - INFO: Сформирован список трназакций за указанный период
2025-11-07 01:07:52,964 - utils_logger - INFO: Сформирован список трназакций за указанный период
2025-11-07 01:07:52,964 - utils_logger - INFO: Сформирован список трназакций за указанный период
2025-11-07 01:07:52,964 - utils_logger - INFO: Сформирован список трназакций за указанный период
2025-11-07 01:07:52,964 - utils_logger - INFO: Сформирован список трназакций за указанный период
2025-11-07 01:07:52,964 - utils_logger - INFO: Сформирован список трназакций за указанный период
2025-11-07 01:07:52,964 - utils_logger - INFO: Сформирован список трназакций за указанный период
2025-11-07 01:07:52,964 - utils_logger - INFO: Сформирован список трназакций за указанный период
2025-11-07 01:07:52,964 - utils_logger - INFO: Сформирован список трназакций за указанный период
2025-11-07 01:07:52,964 - utils_logger - INFO: Сформирован список трназакций за указанный период
2025-11-07 01:07:52,964 - utils_logger - INFO: Сформирован список трназакций за указанный период
2025-11-07 01:07:52,964 - utils_logger - INFO: Сформирован список трназакций за указанный период
2025-11-07 01:07:52,964 - utils_logger - INFO: Сформирован список трназакций за указанный период
2025-11-07 01:07:52,964 - utils_logger - INFO: Сформирован список трназакций за указанный период
2025-11-07 01:07:52,964 - utils_logger - INFO: Сформирован список трназакций за указанный период
2025-11-07 01:07:52,964 - utils_logger - INFO: Сформирован список трназакций за указанный период
2025-11-07 01:07:52,965 - utils_logger - INFO: Сформирован список трназакций за указанный период
2025-11-07 01:07:52,965 - utils_logger - INFO: Сформирован список трназакций за указанный период
2025-11-07 01:07:52,965 - utils_logger - INFO: Сформирован список трназакций за указанный период
2025-11-07 01:07:52,965 - utils_logger - INFO: Сформирован список трназакций за указанный период
2025-11-07 01:07:52,965 - utils_logger - INFO: Сформирован список трназакций за указанный период
2025-11-07 01:07:52,965 - utils_logger - INFO: Сформирован список трназакций за указанный период
2025-11-07 01:07:52,965 - utils_logger - INFO: Сформирован список трназакций за указанный период
2025-11-07 01:07:52,965 - utils_logger - INFO: Сформирован список трназакций за указанный период
2025-11-07 01:07:52,965 - utils_logger - INFO: Сформирован список трназакций за указанный период
2025-11-07 01:07:52,965 - utils_logger - INFO: Сформирован список трназакций за указанный период
2025-11-07 01:07:52,965 - utils_logger - INFO: Сформирован список трназакций за указанный период
2025-11-07 01:07:52,965 - utils_logger - INFO: Сформирован список трназакций за указанный период
2025-11-07 01:07:52,965 - utils_logger - INFO: Сформирован список трназакций за указанный период
2025-11-07 01:07:52,965 - utils_logger - INFO: Сформирован список трназакций за указанный период
2025-11-07 01:07:52,965 - utils_logger - INFO: Сформирован список трназакций за указанный период
2025-11-07 01:07:52,965 - utils_logger - INFO: Сформирован список трназакций за указанный период
2025-11-07 01:07:52,965 - utils_logger - INFO: Сформирован список трназакций за указанный период
2025-11-07 01:07:52,965 - utils_logger - INFO: Сформирован список трназакций за указанный период
2025-11-07 01:07:52,965 - utils_logger - INFO: Сформирован список трназакций за указанный период
2025-11-07 01:07:52,965 - utils_logger - INFO: Сформирован список трназакций за указанный период
2025-11-07 01:07:52,965 - utils_logger - INFO: Сформирован список трназакций за указанный период
2025-11-07 01:07:52,966 - utils_logger - INFO: Сформирован список трназакций за указанный период
2025-11-07 01:07:52,966 - utils_logger - INFO: Сформирован список трназакций за указанный период
2025-11-07 01:07:52,966 - utils_logger - INFO: Сформирован список трназакций за указанный период
2025-11-07 01:07:52,966 - utils_logger - INFO: Сформирован список трназакций за указанный период
2025-11-07 01:07:52,966 - utils_logger - INFO: Сформирован список трназакций за указанный период
2025-11-07 01:07:52,966 - utils_logger - INFO: Сформирован список трназакций за указанный период
2025-11-07 01:07:52,966 - utils_logger - INFO: Сформирован список трназакций за указанный период
2025-11-07 01:07:52,966 - utils_logger - INFO: Сформирован список трназакций за указанный период
2025-11-07 01:07:52,966 - utils_logger - INFO: Сформирован список трназакций за указанный период
2025-11-07 01:07:52,966 - utils_logger - INFO: Сформирован список трназакций за указанный период
2025-11-07 01:07:52,966 - utils_logger - INFO: Сформирован список трназакций за указанный период
2025-11-07 01:07:52,966 - utils_logger - INFO: Сформирован список трназакций за указанный период
2025-11-07 01:07:52,966 - utils_logger - INFO: Сформирован список трназакций за указанный период
2025-11-07 01:07:52,966 - utils_logger - INFO: Сформирован список трназакций за указанный период
2025-11-07 01:07:52,966 - utils_logger - INFO: Сформирован список трназакций за указанный период
2025-11-07 01:07:52,966 - utils_logger - INFO: Сформирован список трназакций за указанный период
2025-11-07 01:07:52,966 - utils_logger - INFO: Сформирован список трназакций за указанный период
2025-11-07 01:07:52,966 - utils_logger - INFO: Сформирован список трназакций за указанный период
2025-11-07 01:07:52,966 - utils_logger - INFO: Сформирован список трназакций за указанный период
2025-11-07 01:07:52,966 - utils_logger - INFO: Сформирован список трназакций за указанный период
2025-11-07 01:07:52,966 - utils_logger - INFO: Сформирован список трназакций за указанный период
2025-11-07 01:07:52,966 - utils_logger - INFO: Сформирован список трназакций за указанный период
2025-11-07 01:07:52,966 - utils_logger - INFO: Сформирован список трназакций за указанный период
2025-11-07 01:07:52,967 - utils_logger - INFO: Сформирован список трназакций за указанный период
2025-11-07 01:07:52,967 - utils_logger - INFO: Сформирован список трназакций за указанный период
2025-11-07 01:07:52,967 - utils_logger - INFO: Сформирован список трназакций за указанный период
2025-11-07 01:07:52,967 - utils_logger - INFO: Сформирован список трназакций за указанный период
2025-11-07 01:07:52,967 - utils_logger - INFO: Сформирован список трназакций за указанный период
2025-11-07 01:07:52,967 - utils_logger - INFO: Сформирован список трназакций за указанный период
2025-11-07 01:07:52,967 - utils_logger - INFO: Сформирован список трназакций за указанный период
2025-11-07 01:07:52,967 - utils_logger - INFO: Сформирован список трназакций за указанный период
2025-11-07 01:07:52,967 - utils_logger - INFO: Сформирован список трназакций за указанный период
2025-11-07 01:07:52,967 - utils_logger - INFO: Сформирован список трназакций за указанный период
2025-11-07 01:07:52,967 - utils_logger - INFO: Сформирован список трназакций за указанный период
2025-11-07 01:07:52,967 - utils_logger - INFO: Сформирован список трназакций за указанный период
2025-11-07 01:07:52,967 - utils_logger - INFO: Сформирован список трназакций за указанный период
2025-11-07 01:07:52,967 - utils_logger - INFO: Сформирован список трназакций за указанный период
2025-11-07 01:07:52,967 - utils_logger - INFO: Сформирован список трназакций за указанный период
2025-11-07 01:07:52,967 - utils_logger - INFO: Сформирован список трназакций за указанный период
2025-11-07 01:07:52,967 - utils_logger - INFO: Сформирован список трназакций за указанный период
2025-11-07 01:07:52,967 - utils_logger - INFO: Сформирован список трназакций за указанный период
2025-11-07 01:07:52,967 - utils_logger - INFO: Сформирован список трназакций за указанный период
2025-11-07 01:07:52,967 - utils_logger - INFO: Сформирован список трназакций за указанный период
2025-11-07 01:07:52,967 - utils_logger - INFO: Сформирован список трназакций за указанный период
2025-11-07 01:07:52,967 - utils_logger - INFO: Сформирован список трназакций за указанный период
2025-11-07 01:07:52,968 - utils_logger - INFO: Сформирован список трназакций за указанный период
2025-11-07 01:07:52,968 - utils_logger - INFO: Сформирован список трназакций за указанный период
2025-11-07 01:07:52,968 - utils_logger - INFO: Сформирован список трназакций за указанный период
2025-11-07 01:07:52,968 - utils_logger - INFO: Сформирован список трназакций за указанный период
2025-11-07 01:07:52,968 - utils_logger - INFO: Сформирован список трназакций за указанный период
2025-11-07 01:07:52,968 - utils_logger - INFO: Сформирован список трназакций за указанный период
2025-11-07 01:07:52,968 - utils_logger - INFO: Сформирован список трназакций за указанный период
2025-11-07 01:07:52,968 - utils_logger - INFO: Сформирован список трназакций за указанный период
2025-11-07 01:07:52,968 - utils_logger - INFO: Сформирован список трназакций за указанный период
2025-11-07 01:07:52,968 - utils_logger - INFO: Сформирован список трназакций за указанный период
2025-11-07 01:07:52,968 - utils_logger - INFO: Сформирован список трназакций за указанный период
2025-11-07 01:07:52,968 - utils_logger - INFO: Сформирован список трназакций за указанный период
2025-11-07 01:07:52,968 - utils_logger - INFO: Сформирован список трназакций за указанный период
2025-11-07 01:07:52,968 - utils_logger - INFO: Сформирован список трназакций за указанный период
2025-11-07 01:07:52,968 - utils_logger - INFO: Сформирован список трназакций за указанный период
2025-11-07 01:07:52,968 - utils_logger - INFO: Сформирован список трназакций за указанный период
2025-11-07 01:07:52,968 - utils_logger - INFO: Сформирован список трназакций за указанный период
2025-11-07 01:07:52,968 - utils_logger - INFO: Сформирован список трназакций за указанный период
2025-11-07 01:07:52,968 - utils_logger - INFO: Сформирован список трназакций за указанный период
2025-11-07 01:07:52,968 - utils_logger - INFO: Сформирован список трназакций за указанный период
2025-11-07 01:07:52,968 - utils_logger - INFO: Сформирован список трназакций за указанный период
2025-11-07 01:07:52,968 - utils_logger - INFO: Сформирован список трназакций за указанный период
2025-11-07 01:07:52,969 - utils_logger - INFO: Сформирован список трназакций за указанный период
2025-11-07 01:07:52,969 - utils_logger - INFO: Сформирован список трназакций за указанный период
2025-11-07 01:07:52,969 - utils_logger - INFO: Сформирован список трназакций за указанный период
2025-11-07 01:07:52,969 - utils_logger - INFO: Сформирован список трназакций за указанный период
2025-11-07 01:07:52,969 - utils_logger - INFO: Сформирован список трназакций за указанный период
2025-11-07 01:07:52,969 - utils_logger - INFO: Сформирован список трназакций за указанный период
2025-11-07 01:07:52,969 - utils_logger - INFO: Сформирован список трназакций за указанный период
2025-11-07 01:07:52,969 - utils_logger - INFO: Сформирован список трназакций за указанный период
2025-11-07 01:07:52,969 - utils_logger - INFO: Сформирован список трназакций за указанный период
2025-11-07 01:07:52,969 - utils_logger - INFO: Сформирован список трназакций за указанный период
2025-11-07 01:07:52,969 - utils_logger - INFO: Сформирован список трназакций за указанный период
2025-11-07 01:07:52,969 - utils_logger - INFO: Сформирован список трназакций за указанный период
2025-11-07 01:07:52,969 - utils_logger - INFO: Сформирован список трназакций за указанный период
2025-11-07 01:07:52,969 - utils_logger - INFO: Сформирован список трназакций за указанный период
2025-11-07 01:07:52,969 - utils_logger - INFO: Сформирован список трназакций за указанный период
2025-11-07 01:07:52,969 - utils_logger - INFO: Сформирован список трназакций за указанный период
2025-11-07 01:07:52,969 - utils_logger - INFO: Сформирован список трназакций за указанный период
2025-11-07 01:07:52,969 - utils_logger - INFO: Сформирован список трназакций за указанный период
2025-11-07 01:07:52,969 - utils_logger - INFO: Сформирован список трназакций за указанный период
2025-11-07 01:07:52,969 - utils_logger - INFO: Сформирован список трназакций за указанный период
2025-11-07 01:07:52,969 - utils_logger - INFO: Сформирован список трназакций за указанный период
2025-11-07 01:07:52,969 - utils_logger - INFO: Сформирован список трназакций за указанный период
2025-11-07 01:07:52,970 - utils_logger - INFO: Сформирован список трназакций за указанный период
2025-11-07 01:07:52,970 - utils_logger - INFO: Сформирован список трназакций за указанный период
2025-11-07 01:07:52,970 - utils_logger - INFO: Сформирован список трназакций за указанный период
2025-11-07 01:07:52,970 - utils_logger - INFO: Сформирован список трназакций за указанный период
2025-11-07 01:07:52,970 - utils_logger - INFO: Сформирован список трназакций за указанный период
2025-11-07 01:07:52,970 - utils_logger - INFO: Сформирован список трназакций за указанный период
2025-11-07 01:07:52,970 - utils_logger - INFO: Сформирован список трназакций за указанный период
2025-11-07 01:07:52,970 - utils_logger - INFO: Сформирован список трназакций за указанный период
2025-11-07 01:07:52,970 - utils_logger - INFO: Сформирован список трназакций за указанный период
2025-11-07 01:07:52,970 - utils_logger - INFO: Сформирован список трназакций за указанный период
2025-11-07 01:07:52,970 - utils_logger - INFO: Сформирован список трназакций за указанный период
2025-11-07 01:07:52,970 - utils_logger - INFO: Сформирован список трназакций за указанный период
2025-11-07 01:07:52,970 - utils_logger - INFO: Сформирован список трназакций за указанный период
2025-11-07 01:07:52,970 - utils_logger - INFO: Сформирован список трназакций за указанный период
2025-11-07 01:07:52,970 - utils_logger - INFO: Сформирован список трназакций за указанный период
2025-11-07 01:07:52,970 - utils_logger - INFO: Сформирован список трназакций за указанный период
2025-11-07 01:07:52,970 - utils_logger - INFO: Сформирован список трназакций за указанный период
2025-11-07 01:07:52,970 - utils_logger - INFO: Сформирован список трназакций за указанный период
2025-11-07 01:07:52,970 - utils_logger - INFO: Сформирован список трназакций за указанный период
2025-11-07 01:07:52,970 - utils_logger - INFO: Сформирован список трназакций за указанный период
2025-11-07 01:07:52,970 - utils_logger - INFO: Сформирован список трназакций за указанный период
2025-11-07 01:07:52,970 - utils_logger - INFO: Сформирован список трназакций за указанный период
2025-11-07 01:07:52,971 - utils_logger - INFO: Сформирован список трназакций за указанный период
2025-11-07 01:07:52,971 - utils_logger - INFO: Сформирован список трназакций за указанный период
2025-11-07 01:07:52,971 - utils_logger - INFO: Сформирован список трназакций за указанный период
2025-11-07 01:07:52,971 - utils_logger - INFO: Сформирован список трназакций за указанный период
2025-11-07 01:07:52,971 - utils_logger - INFO: Сформирован список трназакций за указанный период
2025-11-07 01:07:52,971 - utils_logger - INFO: Сформирован список трназакций за указанный период
2025-11-07 01:07:52,971 - utils_logger - INFO: Сформирован список трназакций за указанный период
2025-11-07 01:07:52,971 - utils_logger - INFO: Сформирован список трназакций за указанный период
2025-11-07 01:07:52,971 - utils_logger - INFO: Сформирован список трназакций за указанный период
2025-11-07 01:07:52,971 - utils_logger - INFO: Сформирован список трназакций за указанный период
2025-11-07 01:07:52,971 - utils_logger - INFO: Сформирован список трназакций за указанный период
2025-11-07 01:07:52,971 - utils_logger - INFO: Сформирован список трназакций за указанный период
2025-11-07 01:07:52,971 - utils_logger - INFO: Сформирован список трназакций за указанный период
2025-11-07 01:07:52,971 - utils_logger - INFO: Сформирован список трназакций за указанный период
2025-11-07 01:07:52,971 - utils_logger - INFO: Сформирован список трназакций за указанный период
2025-11-07 01:07:52,971 - utils_logger - INFO: Сформирован список трназакций за указанный период
2025-11-07 01:07:52,971 - utils_logger - INFO: Сформирован список трназакций за указанный период
2025-11-07 01:07:52,971 - utils_logger - INFO: Сформирован список трназакций за указанный период
2025-11-07 01:07:52,971 - utils_logger - INFO: Сформирован список трназакций за указанный период
2025-11-07 01:07:52,971 - utils_logger - INFO: Сформирован список трназакций за указанный период
2025-11-07 01:07:52,971 - utils_logger - INFO: Сформирован список трназакций за указанный период
2025-11-07 01:07:52,972 - utils_logger - INFO: Сформирован список трназакций за указанный период
2025-11-07 01:07:52,972 - utils_logger - INFO: Сформирован список трназакций за указанный период
2025-11-07 01:07:52,972 - utils_logger - INFO: Сформирован список трназакций за указанный период
2025-11-07 01:07:52,972 - utils_logger - INFO: Сформирован список трназакций за указанный период
2025-11-07 01:07:52,972 - utils_logger - INFO: Сформирован список трназакций за указанный период
2025-11-07 01:07:52,972 - utils_logger - INFO: Сформирован список трназакций за указанный период
2025-11-07 01:07:52,972 - utils_logger - INFO: Сформирован список трназакций за указанный период
2025-11-07 01:07:52,972 - utils_logger - INFO: Сформирован список трназакций за указанный период
2025-11-07 01:07:52,972 - utils_logger - INFO: Сформирован список трназакций за указанный период
2025-11-07 01:07:52,972 - utils_logger - INFO: Сформирован список трназакций за указанный период
2025-11-07 01:07:52,972 - utils_logger - INFO: Сформирован список трназакций за указанный период
2025-11-07 01:07:52,972 - utils_logger - INFO: Сформирован список трназакций за указанный период
2025-11-07 01:07:52,972 - utils_logger - INFO: Сформирован список трназакций за указанный период
2025-11-07 01:07:52,972 - utils_logger - INFO: Сформирован список трназакций за указанный период
2025-11-07 01:07:52,972 - utils_logger - INFO: Сформирован список трназакций за указанный период
2025-11-07 01:07:52,972 - utils_logger - INFO: Сформирован список трназакций за указанный период
2025-11-07 01:07:52,972 - utils_logger - INFO: Сформирован список трназакций за указанный период
2025-11-07 01:07:52,972 - utils_logger - INFO: Сформирован список трназакций за указанный период
2025-11-07 01:07:52,972 - utils_logger - INFO: Сформирован список трназакций за указанный период
2025-11-07 01:07:52,972 - utils_logger - INFO: Сформирован список трназакций за указанный период
2025-11-07 01:07:52,972 - utils_logger - INFO: Сформирован список трназакций за указанный период
2025-11-07 01:07:52,972 - utils_logger - INFO: Сформирован список трназакций за указанный период
2025-11-07 01:07:52,973 - utils_logger - INFO: Сформирован список трназакций за указанный период
2025-11-07 01:07:52,973 - utils_logger - INFO: Сформирован список трназакций за указанный период
2025-11-07 01:07:52,973 - utils_logger - INFO: Сформирован список трназакций за указанный период
2025-11-07 01:07:52,973 - utils_logger - INFO: Сформирован список трназакций за указанный период
2025-11-07 01:07:52,973 - utils_logger - INFO: Сформирован список трназакций за указанный период
2025-11-07 01:07:52,973 - utils_logger - INFO: Сформирован список трназакций за указанный период
2025-11-07 01:07:52,973 - utils_logger - INFO: Сформирован список трназакций за указанный период
2025-11-07 01:07:52,973 - utils_logger - INFO: Сформирован список трназакций за указанный период
2025-11-07 01:07:52,973 - utils_logger - INFO: Сформирован список трназакций за указанный период
2025-11-07 01:07:52,973 - utils_logger - INFO: Сформирован список трназакций за указанный период
2025-11-07 01:07:52,973 - utils_logger - INFO: Сформирован список трназакций за указанный период
2025-11-07 01:07:52,973 - utils_logger - INFO: Сформирован список трназакций за указанный период
2025-11-07 01:07:52,973 - utils_logger - INFO: Сформирован список трназакций за указанный период
2025-11-07 01:07:52,973 - utils_logger - INFO: Сформирован список трназакций за указанный период
2025-11-07 01:07:52,973 - utils_logger - INFO: Сформирован список трназакций за указанный период
2025-11-07 01:07:52,973 - utils_logger - INFO: Сформирован список трназакций за указанный период
2025-11-07 01:07:52,973 - utils_logger - INFO: Сформирован список трназакций за указанный период
2025-11-07 01:07:52,973 - utils_logger - INFO: Сформирован список трназакций за указанный период
2025-11-07 01:07:52,973 - utils_logger - INFO: Сформирован список трназакций за указанный период
2025-11-07 01:07:52,973 - utils_logger - INFO: Сформирован список трназакций за указанный период
2025-11-07 01:07:52,973 - utils_logger - INFO: Сформирован список трназакций за указанный период
2025-11-07 01:07:52,973 - utils_logger - INFO: Сформирован список трназакций за указанный период
2025-11-07 01:07:52,974 - utils_logger - INFO: Сформирован список трназакций за указанный период
2025-11-07 01:07:52,974 - utils_logger - INFO: Сформирован список трназакций за указанный период
2025-11-07 01:07:52,974 - utils_logger - INFO: Сформирован список трназакций за указанный период
2025-11-07 01:07:52,974 - utils_logger - INFO: Сформирован список трназакций за указанный период
2025-11-07 01:07:52,974 - utils_logger - INFO: Сформирован список трназакций за указанный период
2025-11-07 01:07:52,974 - utils_logger - INFO: Сформирован список трназакций за указанный период
2025-11-07 01:07:52,974 - utils_logger - INFO: Сформирован список трназакций за указанный период
2025-11-07 01:07:52,974 - utils_logger - INFO: Сформирован список трназакций за указанный период
2025-11-07 01:07:52,974 - utils_logger - INFO: Сформирован список трназакций за указанный период
2025-11-07 01:07:52,974 - utils_logger - INFO: Сформирован список трназакций за указанный период
2025-11-07 01:07:52,974 - utils_logger - INFO: Сформирован список трназакций за указанный период
2025-11-07 01:07:52,974 - utils_logger - INFO: Сформирован список трназакций за указанный период
2025-11-07 01:07:52,974 - utils_logger - INFO: Сформирован список трназакций за указанный период
2025-11-07 01:07:52,974 - utils_logger - INFO: Сформирован список трназакций за указанный период
2025-11-07 01:07:52,974 - utils_logger - INFO: Сформирован список трназакций за указанный период
2025-11-07 01:07:52,974 - utils_logger - INFO: Сформирован список трназакций за указанный период
2025-11-07 01:07:52,974 - utils_logger - INFO: Сформирован список трназакций за указанный период
2025-11-07 01:07:52,974 - utils_logger - INFO: Сформирован список трназакций за указанный период
2025-11-07 01:07:52,974 - utils_logger - INFO: Сформирован список трназакций за указанный период
2025-11-07 01:07:52,974 - utils_logger - INFO: Сформирован список трназакций за указанный период
2025-11-07 01:07:52,974 - utils_logger - INFO: Сформирован список трназакций за указанный период
2025-11-07 01:07:52,974 - utils_logger - INFO: Сформирован список трназакций за указанный период
2025-11-07 01:07:52,975 - utils_logger - INFO: Сформирован список трназакций за указанный период
2025-11-07 01:07:52,975 - utils_logger - INFO: Сформирован список трназакций за указанный период
2025-11-07 01:07:52,975 - utils_logger - INFO: Сформирован список трназакций за указанный период
2025-11-07 01:07:52,975 - utils_logger - INFO: Сформирован список трназакций за указанный период
2025-11-07 01:07:52,975 - utils_logger - INFO: Сформирован список трназакций за указанный период
2025-11-07 01:07:52,975 - utils_logger - INFO: Сформирован список трназакций за указанный период
2025-11-07 01:07:52,975 - utils_logger - INFO: Сформирован список трназакций за указанный период
2025-11-07 01:07:52,975 - utils_logger - INFO: Сформирован список трназакций за указанный период
2025-11-07 01:07:52,975 - utils_logger - INFO: Сформирован список трназакций за указанный период
2025-11-07 01:07:52,975 - utils_logger - INFO: Сформирован список трназакций за указанный период
2025-11-07 01:07:52,975 - utils_logger - INFO: Сформирован список трназакций за указанный период
2025-11-07 01:07:52,975 - utils_logger - INFO: Сформирован список трназакций за указанный период
2025-11-07 01:07:52,975 - utils_logger - INFO: Сформирован список трназакций за указанный период
2025-11-07 01:07:52,975 - utils_logger - INFO: Сформирован список трназакций за указанный период
2025-11-07 01:07:52,975 - utils_logger - INFO: Сформирован список трназакций за указанный период
2025-11-07 01:07:52,975 - utils_logger - INFO: Сформирован список трназакций за указанный период
2025-11-07 01:07:52,975 - utils_logger - INFO: Сформирован список трназакций за указанный период
2025-11-07 01:07:52,975 - utils_logger - INFO: Сформирован список трназакций за указанный период
2025-11-07 01:07:52,975 - utils_logger - INFO: Сформирован список трназакций за указанный период
2025-11-07 01:07:52,975 - utils_logger - INFO: Сформирован список трназакций за указанный период
2025-11-07 01:07:52,975 - utils_logger - INFO: Сформирован список трназакций за указанный период
2025-11-07 01:07:52,975 - utils_logger - INFO: Сформирован список трназакций за указанный период
2025-11-07 01:07:52,975 - utils_logger - INFO: Сформирован список трназакций за указанный период
2025-11-07 01:07:52,976 - utils_logger - INFO: Сформирован список трназакций за указанный период
2025-11-07 01:07:52,976 - utils_logger - INFO: Сформирован список трназакций за указанный период
2025-11-07 01:07:52,976 - utils_logger - INFO: Сформирован список трназакций за указанный период
2025-11-07 01:07:52,976 - utils_logger - INFO: Сформирован список трназакций за указанный период
2025-11-07 01:07:52,976 - utils_logger - INFO: Сформирован список трназакций за указанный период
2025-11-07 01:07:52,976 - utils_logger - INFO: Сформирован список трназакций за указанный период
2025-11-07 01:07:52,976 - utils_logger - INFO: Сформирован список трназакций за указанный период
2025-11-07 01:07:52,976 - utils_logger - INFO: Сформирован список трназакций за указанный период
2025-11-07 01:07:52,976 - utils_logger - INFO: Сформирован список трназакций за указанный период
2025-11-07 01:07:52,976 - utils_logger - INFO: Сформирован список трназакций за указанный период
2025-11-07 01:07:52,976 - utils_logger - INFO: Сформирован список трназакций за указанный период
2025-11-07 01:07:52,976 - utils_logger - INFO: Сформирован список трназакций за указанный период
2025-11-07 01:07:52,976 - utils_logger - INFO: Сформирован список трназакций за указанный период
2025-11-07 01:07:52,976 - utils_logger - INFO: Сформирован список трназакций за указанный период
2025-11-07 01:07:52,976 - utils_logger - INFO: Сформирован список трназакций за указанный период
2025-11-07 01:07:52,976 - utils_logger - INFO: Сформирован список трназакций за указанный период
2025-11-07 01:07:52,976 - utils_logger - INFO: Сформирован список трназакций за указанный период
2025-11-07 01:07:52,976 - utils_logger - INFO: Сформирован список трназакций за указанный период
2025-11-07 01:07:52,976 - utils_logger - INFO: Сформирован список трназакций за указанный период
2025-11-07 01:07:52,976 - utils_logger - INFO: Сформирован список трназакций за указанный период
2025-11-07 01:07:52,976 - utils_logger - INFO: Сформирован список трназакций за указанный период
2025-11-07 01:07:52,976 - utils_logger - INFO: Сформирован список трназакций за указанный период
2025-11-07 01:07:52,977 - utils_logger - INFO: Сформирован список трназакций за указанный период
2025-11-07 01:07:52,977 - utils_logger - INFO: Сформирован список трназакций за указанный период
2025-11-07 01:07:52,977 - utils_logger - INFO: Сформирован список трназакций за указанный период
2025-11-07 01:07:52,977 - utils_logger - INFO: Сформирован список трназакций за указанный период
2025-11-07 01:07:52,977 - utils_logger - INFO: Сформирован список трназакций за указанный период
2025-11-07 01:07:52,977 - utils_logger - INFO: Сформирован список трназакций за указанный период
2025-11-07 01:07:52,977 - utils_logger - INFO: Сформирован список трназакций за указанный период
2025-11-07 01:07:52,977 - utils_logger - INFO: Сформирован список трназакций за указанный период
2025-11-07 01:07:52,977 - utils_logger - INFO: Сформирован список трназакций за указанный период
2025-11-07 01:07:52,977 - utils_logger - INFO: Сформирован список трназакций за указанный период
2025-11-07 01:07:52,977 - utils_logger - INFO: Сформирован список трназакций за указанный период
2025-11-07 01:07:52,977 - utils_logger - INFO: Сформирован список трназакций за указанный период
2025-11-07 01:07:52,977 - utils_logger - INFO: Сформирован список трназакций за указанный период
2025-11-07 01:07:52,977 - utils_logger - INFO: Сформирован список трназакций за указанный период
2025-11-07 01:07:52,977 - utils_logger - INFO: Сформирован список трназакций за указанный период
2025-11-07 01:07:52,977 - utils_logger - INFO: Сформирован список трназакций за указанный период
2025-11-07 01:07:52,977 - utils_logger - INFO: Сформирован список трназакций за указанный период
2025-11-07 01:07:52,977 - utils_logger - INFO: Сформирован список трназакций за указанный период
2025-11-07 01:07:52,977 - utils_logger - INFO: Сформирован список трназакций за указанный период
2025-11-07 01:07:52,977 - utils_logger - INFO: Сформирован список трназакций за указанный период
2025-11-07 01:07:52,977 - utils_logger - INFO: Сформирован список трназакций за указанный период
2025-11-07 01:07:52,978 - utils_logger - INFO: Сформирован список трназакций за указанный период
2025-11-07 01:07:52,978 - utils_logger - INFO: Сформирован список трназакций за указанный период
2025-11-07 01:07:52,978 - utils_logger - INFO: Сформирован список трназакций за указанный период
2025-11-07 01:07:52,978 - utils_logger - INFO: Сформирован список трназакций за указанный период
2025-11-07 01:07:52,978 - utils_logger - INFO: Сформирован список трназакций за указанный период
2025-11-07 01:07:52,978 - utils_logger - INFO: Сформирован список трназакций за указанный период
2025-11-07 01:07:52,978 - utils_logger - INFO: Сформирован список трназакций за указанный период
2025-11-07 01:07:52,978 - utils_logger - INFO: Сформирован список трназакций за указанный период
2025-11-07 01:07:52,978 - utils_logger - INFO: Сформирован список трназакций за указанный период
2025-11-07 01:07:52,978 - utils_logger - INFO: Сформирован список трназакций за указанный период
2025-11-07 01:07:52,978 - utils_logger - INFO: Сформирован список трназакций за указанный период
2025-11-07 01:07:52,978 - utils_logger - INFO: Сформирован список трназакций за указанный период
2025-11-07 01:07:52,978 - utils_logger - INFO: Сформирован список трназакций за указанный период
2025-11-07 01:07:52,978 - utils_logger - INFO: Сформирован список трназакций за указанный период
2025-11-07 01:07:52,978 - utils_logger - INFO: Сформирован список трназакций за указанный период
2025-11-07 01:07:52,978 - utils_logger - INFO: Сформирован список трназакций за указанный период
2025-11-07 01:07:52,978 - utils_logger - INFO: Сформирован список трназакций за указанный период
2025-11-07 01:07:52,978 - utils_logger - INFO: Сформирован список трназакций за указанный период
2025-11-07 01:07:52,978 - utils_logger - INFO: Сформирован список трназакций за указанный период
2025-11-07 01:07:52,978 - utils_logger - INFO: Сформирован список трназакций за указанный период
2025-11-07 01:07:52,978 - utils_logger - INFO: Сформирован список трназакций за указанный период
2025-11-07 01:07:52,978 - utils_logger - INFO: Сформирован список трназакций за указанный период
2025-11-07 01:07:52,978 - utils_logger - INFO: Сформирован список трназакций за указанный период
2025-11-07 01:07:52,979 - utils_logger - INFO: Сформирован список трназакций за указанный период
2025-11-07 01:07:52,979 - utils_logger - INFO: Сформирован список трназакций за указанный период
2025-11-07 01:07:52,979 - utils_logger - INFO: Сформирован список трназакций за указанный период
2025-11-07 01:07:52,979 - utils_logger - INFO: Сформирован список трназакций за указанный период
2025-11-07 01:07:52,979 - utils_logger - INFO: Сформирован список трназакций за указанный период
2025-11-07 01:07:52,979 - utils_logger - INFO: Сформирован список трназакций за указанный период
2025-11-07 01:07:52,979 - utils_logger - INFO: Сформирован список трназакций за указанный период
2025-11-07 01:07:52,979 - utils_logger - INFO: Сформирован список трназакций за указанный период
2025-11-07 01:07:52,979 - utils_logger - INFO: Сформирован список трназакций за указанный период
2025-11-07 01:07:52,979 - utils_logger - INFO: Сформирован список трназакций за указанный период
2025-11-07 01:07:52,979 - utils_logger - INFO: Сформирован список трназакций за указанный период
2025-11-07 01:07:52,979 - utils_logger - INFO: Сформирован список трназакций за указанный период
2025-11-07 01:07:52,979 - utils_logger - INFO: Сформирован список трназакций за указанный период
2025-11-07 01:07:52,979 - utils_logger - INFO: Сформирован список трназакций за указанный период
2025-11-07 01:07:52,979 - utils_logger - INFO: Сформирован список трназакций за указанный период
2025-11-07 01:07:52,979 - utils_logger - INFO: Сформирован список трназакций за указанный период
2025-11-07 01:07:52,979 - utils_logger - INFO: Сформирован список трназакций за указанный период
2025-11-07 01:07:52,979 - utils_logger - INFO: Сформирован список трназакций за указанный период
2025-11-07 01:07:52,979 - utils_logger - INFO: Сформирован список трназакций за указанный период
2025-11-07 01:07:52,979 - utils_logger - INFO: Сформирован список трназакций за указанный период
2025-11-07 01:07:52,979 - utils_logger - INFO: Сформирован список трназакций за указанный период
2025-11-07 01:07:52,979 - utils_logger - INFO: Сформирован список трназакций за указанный период
2025-11-07 01:07:52,980 - utils_logger - INFO: Сформирован список трназакций за указанный период
2025-11-07 01:07:52,980 - utils_logger - INFO: Сформирован список трназакций за указанный период
2025-11-07 01:07:52,980 - utils_logger - INFO: Сформирован список трназакций за указанный период
2025-11-07 01:07:52,980 - utils_logger - INFO: Сформирован список трназакций за указанный период
2025-11-07 01:07:52,980 - utils_logger - INFO: Сформирован список трназакций за указанный период
2025-11-07 01:07:52,980 - utils_logger - INFO: Сформирован список трназакций за указанный период
2025-11-07 01:07:52,980 - utils_logger - INFO: Сформирован список трназакций за указанный период
2025-11-07 01:07:52,980 - utils_logger - INFO: Сформирован список трназакций за указанный период
2025-11-07 01:07:52,980 - utils_logger - INFO: Сформирован список трназакций за указанный период
2025-11-07 01:07:52,980 - utils_logger - INFO: Сформирован список трназакций за указанный период
2025-11-07 01:07:52,980 - utils_logger - INFO: Сформирован список трназакций за указанный период
2025-11-07 01:07:52,980 - utils_logger - INFO: Сформирован список трназакций за указанный период
2025-11-07 01:07:52,980 - utils_logger - INFO: Сформирован список трназакций за указанный период
2025-11-07 01:07:52,980 - utils_logger - INFO: Сформирован список трназакций за указанный период
2025-11-07 01:07:52,980 - utils_logger - INFO: Сформирован список трназакций за указанный период
2025-11-07 01:07:52,980 - utils_logger - INFO: Сформирован список трназакций за указанный период
2025-11-07 01:07:52,980 - utils_logger - INFO: Сформирован список трназакций за указанный период
2025-11-07 01:07:52,980 - utils_logger - INFO: Сформирован список трназакций за указанный период
2025-11-07 01:07:52,980 - utils_logger - INFO: Сформирован список трназакций за указанный период
2025-11-07 01:07:52,980 - utils_logger - INFO: Сформирован список трназакций за указанный период
2025-11-07 01:07:52,980 - utils_logger - INFO: Сформирован список трназакций за указанный период
2025-11-07 01:07:52,981 - utils_logger - INFO: Сформирован список трназакций за указанный период
2025-11-07 01:07:52,981 - utils_logger - INFO: Сформирован список трназакций за указанный период
2025-11-07 01:07:52,981 - utils_logger - INFO: Сформирован список трназакций за указанный период
2025-11-07 01:07:52,981 - utils_logger - INFO: Сформирован список трназакций за указанный период
2025-11-07 01:07:52,981 - utils_logger - INFO: Сформирован список трназакций за указанный период
2025-11-07 01:07:52,981 - utils_logger - INFO: Сформирован список трназакций за указанный период
2025-11-07 01:07:52,981 - utils_logger - INFO: Сформирован список трназакций за указанный период
2025-11-07 01:07:52,981 - utils_logger - INFO: Сформирован список трназакций за указанный период
2025-11-07 01:07:52,981 - utils_logger - INFO: Сформирован список трназакций за указанный период
2025-11-07 01:07:52,981 - utils_logger - INFO: Сформирован список трназакций за указанный период
2025-11-07 01:07:52,981 - utils_logger - INFO: Сформирован список трназакций за указанный период
2025-11-07 01:07:52,981 - utils_logger - INFO: Сформирован список трназакций за указанный период
2025-11-07 01:07:52,981 - utils_logger - INFO: Сформирован список трназакций за указанный период
2025-11-07 01:07:52,981 - utils_logger - INFO: Сформирован список трназакций за указанный период
2025-11-07 01:07:52,981 - utils_logger - INFO: Сформирован список трназакций за указанный период
2025-11-07 01:07:52,981 - utils_logger - INFO: Сформирован список трназакций за указанный период
2025-11-07 01:07:52,981 - utils_logger - INFO: Сформирован список трназакций за указанный период
2025-11-07 01:07:52,981 - utils_logger - INFO: Сформирован список трназакций за указанный период
2025-11-07 01:07:52,981 - utils_logger - INFO: Сформирован список трназакций за указанный период
2025-11-07 01:07:52,981 - utils_logger - INFO: Сформирован список трназакций за указанный период
2025-11-07 01:07:52,981 - utils_logger - INFO: Сформирован список трназакций за указанный период
2025-11-07 01:07:52,982 - utils_logger - INFO: Сформирован список трназакций за указанный период
2025-11-07 01:07:52,982 - utils_logger - INFO: Сформирован список трназакций за указанный период
2025-11-07 01:07:52,982 - utils_logger - INFO: Сформирован список трназакций за указанный период
2025-11-07 01:07:52,982 - utils_logger - INFO: Сформирован список трназакций за указанный период
2025-11-07 01:07:52,982 - utils_logger - INFO: Сформирован список трназакций за указанный период
2025-11-07 01:07:52,982 - utils_logger - INFO: Сформирован список трназакций за указанный период
2025-11-07 01:07:52,982 - utils_logger - INFO: Сформирован список трназакций за указанный период
2025-11-07 01:07:52,982 - utils_logger - INFO: Сформирован список трназакций за указанный период
2025-11-07 01:07:52,982 - utils_logger - INFO: Сформирован список трназакций за указанный период
2025-11-07 01:07:52,982 - utils_logger - INFO: Сформирован список трназакций за указанный период
2025-11-07 01:07:52,982 - utils_logger - INFO: Сформирован список трназакций за указанный период
2025-11-07 01:07:52,982 - utils_logger - INFO: Сформирован список трназакций за указанный период
2025-11-07 01:07:52,982 - utils_logger - INFO: Сформирован список трназакций за указанный период
2025-11-07 01:07:52,982 - utils_logger - INFO: Сформирован список трназакций за указанный период
2025-11-07 01:07:52,982 - utils_logger - INFO: Сформирован список трназакций за указанный период
2025-11-07 01:07:52,982 - utils_logger - INFO: Сформирован список трназакций за указанный период
2025-11-07 01:07:52,982 - utils_logger - INFO: Сформирован список трназакций за указанный период
2025-11-07 01:07:52,982 - utils_logger - INFO: Сформирован список трназакций за указанный период
2025-11-07 01:07:52,982 - utils_logger - INFO: Сформирован список трназакций за указанный период
2025-11-07 01:07:52,982 - utils_logger - INFO: Сформирован список трназакций за указанный период
2025-11-07 01:07:52,982 - utils_logger - INFO: Сформирован список трназакций за указанный период
2025-11-07 01:07:52,982 - utils_logger - INFO: Сформирован список трназакций за указанный период
2025-11-07 01:07:52,983 - utils_logger - INFO: Сформирован список трназакций за указанный период
2025-11-07 01:07:52,983 - utils_logger - INFO: Сформирован список трназакций за указанный период
2025-11-07 01:07:52,983 - utils_logger - INFO: Сформирован список трназакций за указанный период
2025-11-07 01:07:52,983 - utils_logger - INFO: Сформирован список трназакций за указанный период
2025-11-07 01:07:52,983 - utils_logger - INFO: Сформирован список трназакций за указанный период
2025-11-07 01:07:52,983 - utils_logger - INFO: Сформирован список трназакций за указанный период
2025-11-07 01:07:52,983 - utils_logger - INFO: Сформирован список трназакций за указанный период
2025-11-07 01:07:52,983 - utils_logger - INFO: Сформирован список трназакций за указанный период
2025-11-07 01:07:52,983 - utils_logger - INFO: Сформирован список трназакций за указанный период
2025-11-07 01:07:52,983 - utils_logger - INFO: Сформирован список трназакций за указанный период
2025-11-07 01:07:52,983 - utils_logger - INFO: Сформирован список трназакций за указанный период
2025-11-07 01:07:52,983 - utils_logger - INFO: Сформирован список трназакций за указанный период
2025-11-07 01:07:52,983 - utils_logger - INFO: Сформирован список трназакций за указанный период
2025-11-07 01:07:52,983 - utils_logger - INFO: Сформирован список трназакций за указанный период
2025-11-07 01:07:52,983 - utils_logger - INFO: Сформирован список трназакций за указанный период
2025-11-07 01:07:52,983 - utils_logger - INFO: Сформирован список трназакций за указанный период
2025-11-07 01:07:52,983 - utils_logger - INFO: Сформирован список трназакций за указанный период
2025-11-07 01:07:52,983 - utils_logger - INFO: Сформирован список трназакций за указанный период
2025-11-07 01:07:52,983 - utils_logger - INFO: Сформирован список трназакций за указанный период
2025-11-07 01:07:52,983 - utils_logger - INFO: Сформирован список трназакций за указанный период
2025-11-07 01:07:52,983 - utils_logger - INFO: Сформирован список трназакций за указанный период
2025-11-07 01:07:52,983 - utils_logger - INFO: Сформирован список трназакций за указанный период
2025-11-07 01:07:52,984 - utils_logger - INFO: Сформирован список трназакций за указанный период
2025-11-07 01:07:52,984 - utils_logger - INFO: Сформирован список трназакций за указанный период
2025-11-07 01:07:52,984 - utils_logger - INFO: Сформирован список трназакций за указанный период
2025-11-07 01:07:52,984 - utils_logger - INFO: Сформирован список трназакций за указанный период
2025-11-07 01:07:52,984 - utils_logger - INFO: Сформирован список трназакций за указанный период
2025-11-07 01:07:52,984 - utils_logger - INFO: Сформирован список трназакций за указанный период
2025-11-07 01:07:52,984 - utils_logger - INFO: Сформирован список трназакций за указанный период
2025-11-07 01:07:52,984 - utils_logger - INFO: Сформирован список трназакций за указанный период
2025-11-07 01:07:52,984 - utils_logger - INFO: Сформирован список трназакций за указанный период
2025-11-07 01:07:52,984 - utils_logger - INFO: Сформирован список трназакций за указанный период
2025-11-07 01:07:52,984 - utils_logger - INFO: Сформирован список трназакций за указанный период
2025-11-07 01:07:52,984 - utils_logger - INFO: Сформирован список трназакций за указанный период
2025-11-07 01:07:52,984 - utils_logger - INFO: Сформирован список трназакций за указанный период
2025-11-07 01:07:52,984 - utils_logger - INFO: Сформирован список трназакций за указанный период
2025-11-07 01:07:52,984 - utils_logger - INFO: Сформирован список трназакций за указанный период
2025-11-07 01:07:52,984 - utils_logger - INFO: Сформирован список трназакций за указанный период
2025-11-07 01:07:52,984 - utils_logger - INFO: Сформирован список трназакций за указанный период
2025-11-07 01:07:52,984 - utils_logger - INFO: Сформирован список трназакций за указанный период
2025-11-07 01:07:52,984 - utils_logger - INFO: Сформирован список трназакций за указанный период
2025-11-07 01:07:52,984 - utils_logger - INFO: Сформирован список трназакций за указанный период
2025-11-07 01:07:52,984 - utils_logger - INFO: Сформирован список трназакций за указанный период
2025-11-07 01:07:52,984 - utils_logger - INFO: Сформирован список трназакций за указанный период
2025-11-07 01:07:52,984 - utils_logger - INFO: Сформирован список трназакций за указанный период
2025-11-07 01:07:52,985 - utils_logger - INFO: Сформирован список трназакций за указанный период
2025-11-07 01:07:52,985 - utils_logger - INFO: Сформирован список трназакций за указанный период
2025-11-07 01:07:52,985 - utils_logger - INFO: Сформирован список трназакций за указанный период
2025-11-07 01:07:52,985 - utils_logger - INFO: Сформирован список трназакций за указанный период
2025-11-07 01:07:52,985 - utils_logger - INFO: Сформирован список трназакций за указанный период
2025-11-07 01:07:52,985 - utils_logger - INFO: Сформирован список трназакций за указанный период
2025-11-07 01:07:52,985 - utils_logger - INFO: Сформирован список трназакций за указанный период
2025-11-07 01:07:52,985 - utils_logger - INFO: Сформирован список трназакций за указанный период
2025-11-07 01:07:52,985 - utils_logger - INFO: Сформирован список трназакций за указанный период
2025-11-07 01:07:52,985 - utils_logger - INFO: Сформирован список трназакций за указанный период
2025-11-07 01:07:52,985 - utils_logger - INFO: Сформирован список трназакций за указанный период
2025-11-07 01:07:52,985 - utils_logger - INFO: Сформирован список трназакций за указанный период
2025-11-07 01:07:52,985 - utils_logger - INFO: Сформирован список трназакций за указанный период
2025-11-07 01:07:52,985 - utils_logger - INFO: Сформирован список трназакций за указанный период
2025-11-07 01:07:52,985 - utils_logger - INFO: Сформирован список трназакций за указанный период
2025-11-07 01:07:52,985 - utils_logger - INFO: Сформирован список трназакций за указанный период
2025-11-07 01:07:52,985 - utils_logger - INFO: Сформирован список трназакций за указанный период
2025-11-07 01:07:52,985 - utils_logger - INFO: Сформирован список трназакций за указанный период
2025-11-07 01:07:52,985 - utils_logger - INFO: Сформирован список трназакций за указанный период
2025-11-07 01:07:52,985 - utils_logger - INFO: Сформирован список трназакций за указанный период
2025-11-07 01:07:52,985 - utils_logger - INFO: Сформирован список трназакций за указанный период
2025-11-07 01:07:52,985 - utils_logger - INFO: Сформирован список трназакций за указанный период
2025-11-07 01:07:52,986 - utils_logger - INFO: Сформирован список трназакций за указанный период
2025-11-07 01:07:52,986 - utils_logger - INFO: Сформирован список трназакций за указанный период
2025-11-07 01:07:52,986 - utils_logger - INFO: Сформирован список трназакций за указанный период
2025-11-07 01:07:52,986 - utils_logger - INFO: Сформирован список трназакций за указанный период
2025-11-07 01:07:52,986 - utils_logger - INFO: Сформирован список трназакций за указанный период
2025-11-07 01:07:52,986 - utils_logger - INFO: Сформирован список трназакций за указанный период
2025-11-07 01:07:52,986 - utils_logger - INFO: Сформирован список трназакций за указанный период
2025-11-07 01:07:52,986 - utils_logger - INFO: Сформирован список трназакций за указанный период
2025-11-07 01:07:52,986 - utils_logger - INFO: Сформирован список трназакций за указанный период
2025-11-07 01:07:52,986 - utils_logger - INFO: Сформирован список трназакций за указанный период
2025-11-07 01:07:52,986 - utils_logger - INFO: Сформирован список трназакций за указанный период
2025-11-07 01:07:52,986 - utils_logger - INFO: Сформирован список трназакций за указанный период
2025-11-07 01:07:52,986 - utils_logger - INFO: Сформирован список трназакций за указанный период
2025-11-07 01:07:52,986 - utils_logger - INFO: Сформирован список трназакций за указанный период
2025-11-07 01:07:52,986 - utils_logger - INFO: Сформирован список трназакций за указанный период
2025-11-07 01:07:52,986 - utils_logger - INFO: Сформирован список трназакций за указанный период
2025-11-07 01:07:52,986 - utils_logger - INFO: Сформирован список трназакций за указанный период
2025-11-07 01:07:52,986 - utils_logger - INFO: Сформирован список трназакций за указанный период
2025-11-07 01:07:52,986 - utils_logger - INFO: Сформирован список трназакций за указанный период
2025-11-07 01:07:52,986 - utils_logger - INFO: Сформирован список трназакций за указанный период
2025-11-07 01:07:52,986 - utils_logger - INFO: Сформирован список трназакций за указанный период
2025-11-07 01:07:52,986 - utils_logger - INFO: Сформирован список трназакций за указанный период
2025-11-07 01:07:52,986 - utils_logger - INFO: Сформирован список трназакций за указанный период
2025-11-07 01:07:52,987 - utils_logger - INFO: Сформирован список трназакций за указанный период
2025-11-07 01:07:52,987 - utils_logger - INFO: Сформирован список трназакций за указанный период
2025-11-07 01:07:52,987 - utils_logger - INFO: Сформирован список трназакций за указанный период
2025-11-07 01:07:52,987 - utils_logger - INFO: Сформирован список трназакций за указанный период
2025-11-07 01:07:52,987 - utils_logger - INFO: Сформирован список трназакций за указанный период
2025-11-07 01:07:52,987 - utils_logger - INFO: Сформирован список трназакций за указанный период
2025-11-07 01:07:52,987 - utils_logger - INFO: Сформирован список трназакций за указанный период
2025-11-07 01:07:52,987 - utils_logger - INFO: Сформирован список трназакций за указанный период
2025-11-07 01:07:52,987 - utils_logger - INFO: Сформирован список трназакций за указанный период
2025-11-07 01:07:52,987 - utils_logger - INFO: Сформирован список трназакций за указанный период
2025-11-07 01:07:52,987 - utils_logger - INFO: Сформирован список трназакций за указанный период
2025-11-07 01:07:52,987 - utils_logger - INFO: Сформирован список трназакций за указанный период
2025-11-07 01:07:52,987 - utils_logger - INFO: Сформирован список трназакций за указанный период
2025-11-07 01:07:52,987 - utils_logger - INFO: Сформирован список трназакций за указанный период
2025-11-07 01:07:52,987 - utils_logger - INFO: Сформирован список трназакций за указанный период
2025-11-07 01:07:52,987 - utils_logger - INFO: Сформирован список трназакций за указанный период
2025-11-07 01:07:52,987 - utils_logger - INFO: Сформирован список трназакций за указанный период
2025-11-07 01:07:52,987 - utils_logger - INFO: Сформирован список трназакций за указанный период
2025-11-07 01:07:52,987 - utils_logger - INFO: Сформирован список трназакций за указанный период
2025-11-07 01:07:52,988 - utils_logger - INFO: Сформирован список трназакций за указанный период
2025-11-07 01:07:52,988 - utils_logger - INFO: Сформирован список трназакций за указанный период
2025-11-07 01:07:52,988 - utils_logger - INFO: Сформирован список трназакций за указанный период
2025-11-07 01:07:52,988 - utils_logger - INFO: Сформирован список трназакций за указанный период
2025-11-07 01:07:52,988 - utils_logger - INFO: Сформирован список трназакций за указанный период
2025-11-07 01:07:52,988 - utils_logger - INFO: Сформирован список трназакций за указанный период
2025-11-07 01:07:52,988 - utils_logger - INFO: Сформирован список трназакций за указанный период
2025-11-07 01:07:52,988 - utils_logger - INFO: Сформирован список трназакций за указанный период
2025-11-07 01:07:52,988 - utils_logger - INFO: Сформирован список трназакций за указанный период
2025-11-07 01:07:52,988 - utils_logger - INFO: Сформирован список трназакций за указанный период
2025-11-07 01:07:52,988 - utils_logger - INFO: Сформирован список трназакций за указанный период
2025-11-07 01:07:52,988 - utils_logger - INFO: Сформирован список трназакций за указанный период
2025-11-07 01:07:52,988 - utils_logger - INFO: Сформирован список трназакций за указанный период
2025-11-07 01:07:52,988 - utils_logger - INFO: Сформирован список трназакций за указанный период
2025-11-07 01:07:52,988 - utils_logger - INFO: Сформирован список трназакций за указанный период
2025-11-07 01:07:52,988 - utils_logger - INFO: Сформирован список трназакций за указанный период
2025-11-07 01:07:52,988 - utils_logger - INFO: Сформирован список трназакций за указанный период
2025-11-07 01:07:52,988 - utils_logger - INFO: Сформирован список трназакций за указанный период
2025-11-07 01:07:52,988 - utils_logger - INFO: Сформирован список трназакций за указанный период
2025-11-07 01:07:52,988 - utils_logger - INFO: Сформирован список трназакций за указанный период
2025-11-07 01:07:52,988 - utils_logger - INFO: Сформирован список трназакций за указанный период
2025-11-07 01:07:52,988 - utils_logger - INFO: Сформирован список трназакций за указанный период
2025-11-07 01:07:52,988 - utils_logger - INFO: Сформирован список трназакций за указанный период
2025-11-07 01:07:52,989 - utils_logger - INFO: Сформирован список трназакций за указанный период
2025-11-07 01:07:52,989 - utils_logger - INFO: Сформирован список трназакций за указанный период
2025-11-07 01:07:52,989 - utils_logger - INFO: Сформирован список трназакций за указанный период
2025-11-07 01:07:52,989 - utils_logger - INFO: Сформирован список трназакций за указанный период
2025-11-07 01:07:52,989 - utils_logger - INFO: Сформирован список трназакций за указанный период
2025-11-07 01:07:52,989 - utils_logger - INFO: Сформирован список трназакций за указанный период
2025-11-07 01:07:52,989 - utils_logger - INFO: Сформирован список трназакций за указанный период
2025-11-07 01:07:52,989 - utils_logger - INFO: Сформирован список трназакций за указанный период
2025-11-07 01:07:52,989 - utils_logger - INFO: Сформирован список трназакций за указанный период
2025-11-07 01:07:52,989 - utils_logger - INFO: Сформирован список трназакций за указанный период
2025-11-07 01:07:52,989 - utils_logger - INFO: Сформирован список трназакций за указанный период
2025-11-07 01:07:52,989 - utils_logger - INFO: Сформирован список трназакций за указанный период
2025-11-07 01:07:52,989 - utils_logger - INFO: Сформирован список трназакций за указанный период
2025-11-07 01:07:52,989 - utils_logger - INFO: Сформирован список трназакций за указанный период
2025-11-07 01:07:52,989 - utils_logger - INFO: Сформирован список трназакций за указанный период
2025-11-07 01:07:52,989 - utils_logger - INFO: Сформирован список трназакций за указанный период
2025-11-07 01:07:52,989 - utils_logger - INFO: Сформирован список трназакций за указанный период
2025-11-07 01:07:52,989 - utils_logger - INFO: Сформирован список трназакций за указанный период
2025-11-07 01:07:52,989 - utils_logger - INFO: Сформирован список трназакций за указанный период
2025-11-07 01:07:52,989 - utils_logger - INFO: Сформирован список трназакций за указанный период
2025-11-07 01:07:52,989 - utils_logger - INFO: Сформирован список трназакций за указанный период
2025-11-07 01:07:52,989 - utils_logger - INFO: Сформирован список трназакций за указанный период
2025-11-07 01:07:52,990 - utils_logger - INFO: Сформирован список трназакций за указанный период
2025-11-07 01:07:52,990 - utils_logger - INFO: Сформирован список трназакций за указанный период
2025-11-07 01:07:52,990 - utils_logger - INFO: Сформирован список трназакций за указанный период
2025-11-07 01:07:52,990 - utils_logger - INFO: Сформирован список трназакций за указанный период
2025-11-07 01:07:52,990 - utils_logger - INFO: Сформирован список трназакций за указанный период
2025-11-07 01:07:52,990 - utils_logger - INFO: Сформирован список трназакций за указанный период
2025-11-07 01:07:52,990 - utils_logger - INFO: Сформирован список трназакций за указанный период
2025-11-07 01:07:52,990 - utils_logger - INFO: Сформирован список трназакций за указанный период
2025-11-07 01:07:52,990 - utils_logger - INFO: Сформирован список трназакций за указанный период
2025-11-07 01:07:52,990 - utils_logger - INFO: Сформирован список трназакций за указанный период
2025-11-07 01:07:52,990 - utils_logger - INFO: Сформирован список трназакций за указанный период
2025-11-07 01:07:52,990 - utils_logger - INFO: Сформирован список трназакций за указанный период
2025-11-07 01:07:52,990 - utils_logger - INFO: Сформирован список трназакций за указанный период
2025-11-07 01:07:52,990 - utils_logger - INFO: Сформирован список трназакций за указанный период
2025-11-07 01:07:52,990 - utils_logger - INFO: Сформирован список трназакций за указанный период
2025-11-07 01:07:52,990 - utils_logger - INFO: Сформирован список трназакций за указанный период
2025-11-07 01:07:52,990 - utils_logger - INFO: Сформирован список трназакций за указанный период
2025-11-07 01:07:52,990 - utils_logger - INFO: Сформирован список трназакций за указанный период
2025-11-07 01:07:52,990 - utils_logger - INFO: Сформирован список трназакций за указанный период
2025-11-07 01:07:52,990 - utils_logger - INFO: Сформирован список трназакций за указанный период
2025-11-07 01:07:52,990 - utils_logger - INFO: Сформирован список трназакций за указанный период
2025-11-07 01:07:52,990 - utils_logger - INFO: Сформирован список трназакций за указанный период
2025-11-07 01:07:52,991 - utils_logger - INFO: Сформирован список трназакций за указанный период
2025-11-07 01:07:52,991 - utils_logger - INFO: Сформирован список трназакций за указанный период
2025-11-07 01:07:52,991 - utils_logger - INFO: Сформирован список трназакций за указанный период
2025-11-07 01:07:52,991 - utils_logger - INFO: Сформирован список трназакций за указанный период
2025-11-07 01:07:52,991 - utils_logger - INFO: Сформирован список трназакций за указанный период
2025-11-07 01:07:52,991 - utils_logger - INFO: Сформирован список трназакций за указанный период
2025-11-07 01:07:52,991 - utils_logger - INFO: Сформирован список трназакций за указанный период
2025-11-07 01:07:52,991 - utils_logger - INFO: Сформирован список трназакций за указанный период
2025-11-07 01:07:52,991 - utils_logger - INFO: Сформирован список трназакций за указанный период
2025-11-07 01:07:52,991 - utils_logger - INFO: Сформирован список трназакций за указанный период
2025-11-07 01:07:52,991 - utils_logger - INFO: Сформирован список трназакций за указанный период
2025-11-07 01:07:52,991 - utils_logger - INFO: Сформирован список трназакций за указанный период
2025-11-07 01:07:52,991 - utils_logger - INFO: Сформирован список трназакций за указанный период
2025-11-07 01:07:52,991 - utils_logger - INFO: Сформирован список трназакций за указанный период
2025-11-07 01:07:52,991 - utils_logger - INFO: Сформирован список трназакций за указанный период
2025-11-07 01:07:52,991 - utils_logger - INFO: Сформирован список трназакций за указанный период
2025-11-07 01:07:52,991 - utils_logger - INFO: Сформирован список трназакций за указанный период
2025-11-07 01:07:52,991 - utils_logger - INFO: Сформирован список трназакций за указанный период
2025-11-07 01:07:52,991 - utils_logger - INFO: Сформирован список трназакций за указанный период
2025-11-07 01:07:52,991 - utils_logger - INFO: Сформирован список трназакций за указанный период
2025-11-07 01:07:52,991 - utils_logger - INFO: Сформирован список трназакций за указанный период
2025-11-07 01:07:52,991 - utils_logger - INFO: Сформирован список трназакций за указанный период
2025-11-07 01:07:52,991 - utils_logger - INFO: Сформирован список трназакций за указанный период
2025-11-07 01:07:52,992 - utils_logger - INFO: Сформирован список трназакций за указанный период
2025-11-07 01:07:52,992 - utils_logger - INFO: Сформирован список трназакций за указанный период
2025-11-07 01:07:52,992 - utils_logger - INFO: Сформирован список трназакций за указанный период
2025-11-07 01:07:52,992 - utils_logger - INFO: Сформирован список трназакций за указанный период
2025-11-07 01:07:52,992 - utils_logger - INFO: Сформирован список трназакций за указанный период
2025-11-07 01:07:52,992 - utils_logger - INFO: Сформирован список трназакций за указанный период
2025-11-07 01:07:52,992 - utils_logger - INFO: Сформирован список трназакций за указанный период
2025-11-07 01:07:52,992 - utils_logger - INFO: Сформирован список трназакций за указанный период
2025-11-07 01:07:52,992 - utils_logger - INFO: Сформирован список трназакций за указанный период
2025-11-07 01:07:52,992 - utils_logger - INFO: Сформирован список трназакций за указанный период
2025-11-07 01:07:52,992 - utils_logger - INFO: Сформирован список трназакций за указанный период
2025-11-07 01:07:52,992 - utils_logger - INFO: Сформирован список трназакций за указанный период
2025-11-07 01:07:52,992 - utils_logger - INFO: Сформирован список трназакций за указанный период
2025-11-07 01:07:52,992 - utils_logger - INFO: Сформирован список трназакций за указанный период
2025-11-07 01:07:52,992 - utils_logger - INFO: Сформирован список трназакций за указанный период
2025-11-07 01:07:52,992 - utils_logger - INFO: Сформирован список трназакций за указанный период
2025-11-07 01:07:52,992 - utils_logger - INFO: Сформирован список трназакций за указанный период
2025-11-07 01:07:52,992 - utils_logger - INFO: Сформирован список трназакций за указанный период
2025-11-07 01:07:52,992 - utils_logger - INFO: Сформирован список трназакций за указанный период
2025-11-07 01:07:52,992 - utils_logger - INFO: Сформирован список трназакций за указанный период
2025-11-07 01:07:52,992 - utils_logger - INFO: Сформирован список трназакций за указанный период
2025-11-07 01:07:52,992 - utils_logger - INFO: Сформирован список трназакций за указанный период
2025-11-07 01:07:52,993 - utils_logger - INFO: Сформирован список трназакций за указанный период
2025-11-07 01:07:52,993 - utils_logger - INFO: Сформирован список трназакций за указанный период
2025-11-07 01:07:52,993 - utils_logger - INFO: Сформирован список трназакций за указанный период
2025-11-07 01:07:52,993 - utils_logger - INFO: Сформирован список трназакций за указанный период
2025-11-07 01:07:52,993 - utils_logger - INFO: Сформирован список трназакций за указанный период
2025-11-07 01:07:52,993 - utils_logger - INFO: Сформирован список трназакций за указанный период
2025-11-07 01:07:52,993 - utils_logger - INFO: Сформирован список трназакций за указанный период
2025-11-07 01:07:52,993 - utils_logger - INFO: Сформирован список трназакций за указанный период
2025-11-07 01:07:52,993 - utils_logger - INFO: Сформирован список трназакций за указанный период
2025-11-07 01:07:52,993 - utils_logger - INFO: Сформирован список трназакций за указанный период
2025-11-07 01:07:52,993 - utils_logger - INFO: Сформирован список трназакций за указанный период
2025-11-07 01:07:52,993 - utils_logger - INFO: Сформирован список трназакций за указанный период
2025-11-07 01:07:52,993 - utils_logger - INFO: Сформирован список трназакций за указанный период
2025-11-07 01:07:52,993 - utils_logger - INFO: Сформирован список трназакций за указанный период
2025-11-07 01:07:52,993 - utils_logger - INFO: Сформирован список трназакций за указанный период
2025-11-07 01:07:52,993 - utils_logger - INFO: Сформирован список трназакций за указанный период
2025-11-07 01:07:52,993 - utils_logger - INFO: Сформирован список трназакций за указанный период
2025-11-07 01:07:52,993 - utils_logger - INFO: Сформирован список трназакций за указанный период
2025-11-07 01:07:52,993 - utils_logger - INFO: Сформирован список трназакций за указанный период
2025-11-07 01:07:52,993 - utils_logger - INFO: Сформирован список трназакций за указанный период
2025-11-07 01:07:52,993 - utils_logger - INFO: Сформирован список трназакций за указанный период
2025-11-07 01:07:52,994 - utils_logger - INFO: Сформирован список трназакций за указанный период
2025-11-07 01:07:52,994 - utils_logger - INFO: Сформирован список трназакций за указанный период
2025-11-07 01:07:52,994 - utils_logger - INFO: Сформирован список трназакций за указанный период
2025-11-07 01:07:52,994 - utils_logger - INFO: Сформирован список трназакций за указанный период
2025-11-07 01:07:52,994 - utils_logger - INFO: Сформирован список трназакций за указанный период
2025-11-07 01:07:52,994 - utils_logger - INFO: Сформирован список трназакций за указанный период
2025-11-07 01:07:52,994 - utils_logger - INFO: Сформирован список трназакций за указанный период
2025-11-07 01:07:52,994 - utils_logger - INFO: Сформирован список трназакций за указанный период
2025-11-07 01:07:52,994 - utils_logger - INFO: Сформирован список трназакций за указанный период
2025-11-07 01:07:52,994 - utils_logger - INFO: Сформирован список трназакций за указанный период
2025-11-07 01:07:52,994 - utils_logger - INFO: Сформирован список трназакций за указанный период
2025-11-07 01:07:52,994 - utils_logger - INFO: Сформирован список трназакций за указанный период
2025-11-07 01:07:52,994 - utils_logger - INFO: Сформирован список трназакций за указанный период
2025-11-07 01:07:52,994 - utils_logger - INFO: Сформирован список трназакций за указанный период
2025-11-07 01:07:52,994 - utils_logger - INFO: Сформирован список трназакций за указанный период
2025-11-07 01:07:52,994 - utils_logger - INFO: Сформирован список трназакций за указанный период
2025-11-07 01:07:52,994 - utils_logger - INFO: Сформирован список трназакций за указанный период
2025-11-07 01:07:52,994 - utils_logger - INFO: Сформирован список трназакций за указанный период
2025-11-07 01:07:52,994 - utils_logger - INFO: Сформирован список трназакций за указанный период
2025-11-07 01:07:52,994 - utils_logger - INFO: Сформирован список трназакций за указанный период
2025-11-07 01:07:52,994 - utils_logger - INFO: Сформирован список трназакций за указанный период
2025-11-07 01:07:52,994 - utils_logger - INFO: Сформирован список трназакций за указанный период
2025-11-07 01:07:52,994 - utils_logger - INFO: Сформирован список трназакций за указанный период
2025-11-07 01:07:52,995 - utils_logger - INFO: Сформирован список трназакций за указанный период
2025-11-07 01:07:52,995 - utils_logger - INFO: Сформирован список трназакций за указанный период
2025-11-07 01:07:52,995 - utils_logger - INFO: Сформирован список трназакций за указанный период
2025-11-07 01:07:52,995 - utils_logger - INFO: Сформирован список трназакций за указанный период
2025-11-07 01:07:52,995 - utils_logger - INFO: Сформирован список трназакций за указанный период
2025-11-07 01:07:52,995 - utils_logger - INFO: Сформирован список трназакций за указанный период
2025-11-07 01:07:52,995 - utils_logger - INFO: Сформирован список трназакций за указанный период
2025-11-07 01:07:52,995 - utils_logger - INFO: Сформирован список трназакций за указанный период
2025-11-07 01:07:52,995 - utils_logger - INFO: Сформирован список трназакций за указанный период
2025-11-07 01:07:52,995 - utils_logger - INFO: Сформирован список трназакций за указанный период
2025-11-07 01:07:52,995 - utils_logger - INFO: Сформирован список трназакций за указанный период
2025-11-07 01:07:52,995 - utils_logger - INFO: Сформирован список трназакций за указанный период
2025-11-07 01:07:52,995 - utils_logger - INFO: Сформирован список трназакций за указанный период
2025-11-07 01:07:52,995 - utils_logger - INFO: Сформирован список трназакций за указанный период
2025-11-07 01:07:52,995 - utils_logger - INFO: Сформирован список трназакций за указанный период
2025-11-07 01:07:52,995 - utils_logger - INFO: Сформирован список трназакций за указанный период
2025-11-07 01:07:52,995 - utils_logger - INFO: Сформирован список трназакций за указанный период
2025-11-07 01:07:52,995 - utils_logger - INFO: Сформирован список трназакций за указанный период
2025-11-07 01:07:52,995 - utils_logger - INFO: Сформирован список трназакций за указанный период
2025-11-07 01:07:52,995 - utils_logger - INFO: Сформирован список трназакций за указанный период
2025-11-07 01:07:52,996 - utils_logger - INFO: Сформирован список трназакций за указанный период
2025-11-07 01:07:52,996 - utils_logger - INFO: Сформирован список трназакций за указанный период
2025-11-07 01:07:52,996 - utils_logger - INFO: Сформирован список трназакций за указанный период
2025-11-07 01:07:52,996 - utils_logger - INFO: Сформирован список трназакций за указанный период
2025-11-07 01:07:52,996 - utils_logger - INFO: Сформирован список трназакций за указанный период
2025-11-07 01:07:52,996 - utils_logger - INFO: Сформирован список трназакций за указанный период
2025-11-07 01:07:52,996 - utils_logger - INFO: Сформирован список трназакций за указанный период
2025-11-07 01:07:52,996 - utils_logger - INFO: Сформирован список трназакций за указанный период
2025-11-07 01:07:52,996 - utils_logger - INFO: Сформирован список трназакций за указанный период
2025-11-07 01:07:52,996 - utils_logger - INFO: Сформирован список трназакций за указанный период
2025-11-07 01:07:52,996 - utils_logger - INFO: Сформирован список трназакций за указанный период
2025-11-07 01:07:52,996 - utils_logger - INFO: Сформирован список трназакций за указанный период
2025-11-07 01:07:52,996 - utils_logger - INFO: Сформирован список трназакций за указанный период
2025-11-07 01:07:52,996 - utils_logger - INFO: Сформирован список трназакций за указанный период
2025-11-07 01:07:52,996 - utils_logger - INFO: Сформирован список трназакций за указанный период
2025-11-07 01:07:52,996 - utils_logger - INFO: Сформирован список трназакций за указанный период
2025-11-07 01:07:52,996 - utils_logger - INFO: Сформирован список трназакций за указанный период
2025-11-07 01:07:52,996 - utils_logger - INFO: Сформирован список трназакций за указанный период
2025-11-07 01:07:52,996 - utils_logger - INFO: Сформирован список трназакций за указанный период
2025-11-07 01:07:52,996 - utils_logger - INFO: Сформирован список трназакций за указанный период
2025-11-07 01:07:52,996 - utils_logger - INFO: Сформирован список трназакций за указанный период
2025-11-07 01:07:52,996 - utils_logger - INFO: Сформирован список трназакций за указанный период
2025-11-07 01:07:52,996 - utils_logger - INFO: Сформирован список трназакций за указанный период
2025-11-07 01:07:52,997 - utils_logger - INFO: Сформирован список трназакций за указанный период
2025-11-07 01:07:52,997 - utils_logger - INFO: Сформирован список трназакций за указанный период
2025-11-07 01:07:52,997 - utils_logger - INFO: Сформирован список трназакций за указанный период
2025-11-07 01:07:52,997 - utils_logger - INFO: Сформирован список трназакций за указанный период
2025-11-07 01:07:52,997 - utils_logger - INFO: Сформирован список трназакций за указанный период
2025-11-07 01:07:52,997 - utils_logger - INFO: Сформирован список трназакций за указанный период
2025-11-07 01:07:52,997 - utils_logger - INFO: Сформирован список трназакций за указанный период
2025-11-07 01:07:52,997 - utils_logger - INFO: Сформирован список трназакций за указанный период
2025-11-07 01:07:52,997 - utils_logger - INFO: Сформирован список трназакций за указанный период
2025-11-07 01:07:52,997 - utils_logger - INFO: Сформирован список трназакций за указанный период
2025-11-07 01:07:52,997 - utils_logger - INFO: Сформирован список трназакций за указанный период
2025-11-07 01:07:52,997 - utils_logger - INFO: Сформирован список трназакций за указанный период
2025-11-07 01:07:52,997 - utils_logger - INFO: Сформирован список трназакций за указанный период
2025-11-07 01:07:52,997 - utils_logger - INFO: Сформирован список трназакций за указанный период
2025-11-07 01:07:52,997 - utils_logger - INFO: Сформирован список трназакций за указанный период
2025-11-07 01:07:52,997 - utils_logger - INFO: Сформирован список трназакций за указанный период
2025-11-07 01:07:52,997 - utils_logger - INFO: Сформирован список трназакций за указанный период
2025-11-07 01:07:52,997 - utils_logger - INFO: Сформирован список трназакций за указанный период
2025-11-07 01:07:52,997 - utils_logger - INFO: Сформирован список трназакций за указанный период
2025-11-07 01:07:52,997 - utils_logger - INFO: Сформирован список трназакций за указанный период
2025-11-07 01:07:52,997 - utils_logger - INFO: Сформирован список трназакций за указанный период
2025-11-07 01:07:52,997 - utils_logger - INFO: Сформирован список трназакций за указанный период
2025-11-07 01:07:52,998 - utils_logger - INFO: Сформирован список трназакций за указанный период
2025-11-07 01:07:52,998 - utils_logger - INFO: Сформирован список трназакций за указанный период
2025-11-07 01:07:52,998 - utils_logger - INFO: Сформирован список трназакций за указанный период
2025-11-07 01:07:52,998 - utils_logger - INFO: Сформирован список трназакций за указанный период
2025-11-07 01:07:52,998 - utils_logger - INFO: Сформирован список трназакций за указанный период
2025-11-07 01:07:52,998 - utils_logger - INFO: Сформирован список трназакций за указанный период
2025-11-07 01:07:52,998 - utils_logger - INFO: Сформирован список трназакций за указанный период
2025-11-07 01:07:52,998 - utils_logger - INFO: Сформирован список трназакций за указанный период
2025-11-07 01:07:52,998 - utils_logger - INFO: Сформирован список трназакций за указанный период
2025-11-07 01:07:52,998 - utils_logger - INFO: Сформирован список трназакций за указанный период
2025-11-07 01:07:52,998 - utils_logger - INFO: Сформирован список трназакций за указанный период
2025-11-07 01:07:52,998 - utils_logger - INFO: Сформирован список трназакций за указанный период
2025-11-07 01:07:52,998 - utils_logger - INFO: Сформирован список трназакций за указанный период
2025-11-07 01:07:52,998 - utils_logger - INFO: Сформирован список трназакций за указанный период
2025-11-07 01:07:52,998 - utils_logger - INFO: Сформирован список трназакций за указанный период
2025-11-07 01:07:52,998 - utils_logger - INFO: Сформирован список трназакций за указанный период
2025-11-07 01:07:52,998 - utils_logger - INFO: Сформирован список трназакций за указанный период
2025-11-07 01:07:52,998 - utils_logger - INFO: Сформирован список трназакций за указанный период
2025-11-07 01:07:52,998 - utils_logger - INFO: Сформирован список трназакций за указанный период
2025-11-07 01:07:52,998 - utils_logger - INFO: Сформирован список трназакций за указанный период
2025-11-07 01:07:52,998 - utils_logger - INFO: Сформирован список трназакций за указанный период
2025-11-07 01:07:52,998 - utils_logger - INFO: Сформирован список трназакций за указанный период
2025-11-07 01:07:52,998 - utils_logger - INFO: Сформирован список трназакций за указанный период
2025-11-07 01:07:52,999 - utils_logger - INFO: Сформирован список трназакций за указанный период
2025-11-07 01:07:52,999 - utils_logger - INFO: Сформирован список трназакций за указанный период
2025-11-07 01:07:52,999 - utils_logger - INFO: Сформирован список трназакций за указанный период
2025-11-07 01:07:52,999 - utils_logger - INFO: Сформирован список трназакций за указанный период
2025-11-07 01:07:52,999 - utils_logger - INFO: Сформирован список трназакций за указанный период
2025-11-07 01:07:52,999 - utils_logger - INFO: Сформирован список трназакций за указанный период
2025-11-07 01:07:52,999 - utils_logger - INFO: Сформирован список трназакций за указанный период
2025-11-07 01:07:52,999 - utils_logger - INFO: Сформирован список трназакций за указанный период
2025-11-07 01:07:52,999 - utils_logger - INFO: Сформирован список трназакций за указанный период
2025-11-07 01:07:52,999 - utils_logger - INFO: Сформирован список трназакций за указанный период
2025-11-07 01:07:52,999 - utils_logger - INFO: Сформирован список трназакций за указанный период
2025-11-07 01:07:52,999 - utils_logger - INFO: Сформирован список трназакций за указанный период
2025-11-07 01:07:52,999 - utils_logger - INFO: Сформирован список трназакций за указанный период
2025-11-07 01:07:52,999 - utils_logger - INFO: Сформирован список трназакций за указанный период
2025-11-07 01:07:52,999 - utils_logger - INFO: Сформирован список трназакций за указанный период
2025-11-07 01:07:52,999 - utils_logger - INFO: Сформирован список трназакций за указанный период
2025-11-07 01:07:52,999 - utils_logger - INFO: Сформирован список трназакций за указанный период
2025-11-07 01:07:52,999 - utils_logger - INFO: Сформирован список трназакций за указанный период
2025-11-07 01:07:52,999 - utils_logger - INFO: Сформирован список трназакций за указанный период
2025-11-07 01:07:52,999 - utils_logger - INFO: Сформирован список трназакций за указанный период
2025-11-07 01:07:52,999 - utils_logger - INFO: Сформирован список трназакций за указанный период
2025-11-07 01:07:52,999 - utils_logger - INFO: Сформирован список трназакций за указанный период
2025-11-07 01:07:53,000 - utils_logger - INFO: Сформирован список трназакций за указанный период
2025-11-07 01:07:53,000 - utils_logger - INFO: Сформирован список трназакций за указанный период
2025-11-07 01:07:53,000 - utils_logger - INFO: Сформирован список трназакций за указанный период
2025-11-07 01:07:53,000 - utils_logger - INFO: Сформирован список трназакций за указанный период
2025-11-07 01:07:53,000 - utils_logger - INFO: Сформирован список трназакций за указанный период
2025-11-07 01:07:53,000 - utils_logger - INFO: Сформирован список трназакций за указанный период
2025-11-07 01:07:53,000 - utils_logger - INFO: Сформирован список трназакций за указанный период
2025-11-07 01:07:53,000 - utils_logger - INFO: Сформирован список трназакций за указанный период
2025-11-07 01:07:53,000 - utils_logger - INFO: Сформирован список трназакций за указанный период
2025-11-07 01:07:53,000 - utils_logger - INFO: Сформирован список трназакций за указанный период
2025-11-07 01:07:53,000 - utils_logger - INFO: Сформирован список трназакций за указанный период
2025-11-07 01:07:53,000 - utils_logger - INFO: Сформирован список трназакций за указанный период
2025-11-07 01:07:53,000 - utils_logger - INFO: Сформирован список трназакций за указанный период
2025-11-07 01:07:53,000 - utils_logger - INFO: Сформирован список трназакций за указанный период
2025-11-07 01:07:53,000 - utils_logger - INFO: Сформирован список трназакций за указанный период
2025-11-07 01:07:53,000 - utils_logger - INFO: Сформирован список трназакций за указанный период
2025-11-07 01:07:53,000 - utils_logger - INFO: Сформирован список трназакций за указанный период
2025-11-07 01:07:53,000 - utils_logger - INFO: Сформирован список трназакций за указанный период
2025-11-07 01:07:53,000 - utils_logger - INFO: Сформирован список трназакций за указанный период
2025-11-07 01:07:53,000 - utils_logger - INFO: Сформирован список трназакций за указанный период
2025-11-07 01:07:53,000 - utils_logger - INFO: Сформирован список трназакций за указанный период
2025-11-07 01:07:53,000 - utils_logger - INFO: Сформирован список трназакций за указанный период
2025-11-07 01:07:53,001 - utils_logger - INFO: Сформирован список трназакций за указанный период
2025-11-07 01:07:53,001 - utils_logger - INFO: Сформирован список трназакций за указанный период
2025-11-07 01:07:53,001 - utils_logger - INFO: Сформирован список трназакций за указанный период
2025-11-07 01:07:53,001 - utils_logger - INFO: Сформирован список трназакций за указанный период
2025-11-07 01:07:53,001 - utils_logger - INFO: Сформирован список трназакций за указанный период
2025-11-07 01:07:53,001 - utils_logger - INFO: Сформирован список трназакций за указанный период
2025-11-07 01:07:53,001 - utils_logger - INFO: Сформирован список трназакций за указанный период
2025-11-07 01:07:53,001 - utils_logger - INFO: Сформирован список трназакций за указанный период
2025-11-07 01:07:53,001 - utils_logger - INFO: Сформирован список трназакций за указанный период
2025-11-07 01:07:53,001 - utils_logger - INFO: Сформирован список трназакций за указанный период
2025-11-07 01:07:53,001 - utils_logger - INFO: Сформирован список трназакций за указанный период
2025-11-07 01:07:53,001 - utils_logger - INFO: Сформирован список трназакций за указанный период
2025-11-07 01:07:53,001 - utils_logger - INFO: Сформирован список трназакций за указанный период
2025-11-07 01:07:53,001 - utils_logger - INFO: Сформирован список трназакций за указанный период
2025-11-07 01:07:53,001 - utils_logger - INFO: Сформирован список трназакций за указанный период
2025-11-07 01:07:53,001 - utils_logger - INFO: Сформирован список трназакций за указанный период
2025-11-07 01:07:53,001 - utils_logger - INFO: Сформирован список трназакций за указанный период
2025-11-07 01:07:53,001 - utils_logger - INFO: Сформирован список трназакций за указанный период
2025-11-07 01:07:53,001 - utils_logger - INFO: Сформирован список трназакций за указанный период
2025-11-07 01:07:53,001 - utils_logger - INFO: Сформирован список трназакций за указанный период
2025-11-07 01:07:53,001 - utils_logger - INFO: Сформирован список трназакций за указанный период
2025-11-07 01:07:53,001 - utils_logger - INFO: Сформирован список трназакций за указанный период
2025-11-07 01:07:53,001 - utils_logger - INFO: Сформирован список трназакций за указанный период
2025-11-07 01:07:53,002 - utils_logger - INFO: Сформирован список трназакций за указанный период
2025-11-07 01:07:53,002 - utils_logger - INFO: Сформирован список трназакций за указанный период
2025-11-07 01:07:53,002 - utils_logger - INFO: Сформирован список трназакций за указанный период
2025-11-07 01:07:53,002 - utils_logger - INFO: Сформирован список трназакций за указанный период
2025-11-07 01:07:53,002 - utils_logger - INFO: Сформирован список трназакций за указанный период
2025-11-07 01:07:53,002 - utils_logger - INFO: Сформирован список трназакций за указанный период
2025-11-07 01:07:53,002 - utils_logger - INFO: Сформирован список трназакций за указанный период
2025-11-07 01:07:53,002 - utils_logger - INFO: Сформирован список трназакций за указанный период
2025-11-07 01:07:53,002 - utils_logger - INFO: Сформирован список трназакций за указанный период
2025-11-07 01:07:53,002 - utils_logger - INFO: Сформирован список трназакций за указанный период
2025-11-07 01:07:53,002 - utils_logger - INFO: Сформирован список трназакций за указанный период
2025-11-07 01:07:53,002 - utils_logger - INFO: Сформирован список трназакций за указанный период
2025-11-07 01:07:53,002 - utils_logger - INFO: Сформирован список трназакций за указанный период
2025-11-07 01:07:53,002 - utils_logger - INFO: Сформирован список трназакций за указанный период
2025-11-07 01:07:53,002 - utils_logger - INFO: Сформирован список трназакций за указанный период
2025-11-07 01:07:53,002 - utils_logger - INFO: Сформирован список трназакций за указанный период
2025-11-07 01:07:53,002 - utils_logger - INFO: Сформирован список трназакций за указанный период
2025-11-07 01:07:53,002 - utils_logger - INFO: Сформирован список трназакций за указанный период
2025-11-07 01:07:53,002 - utils_logger - INFO: Сформирован список трназакций за указанный период
2025-11-07 01:07:53,002 - utils_logger - INFO: Сформирован список трназакций за указанный период
2025-11-07 01:07:53,003 - utils_logger - INFO: Сформирован список трназакций за указанный период
2025-11-07 01:07:53,003 - utils_logger - INFO: Сформирован список трназакций за указанный период
2025-11-07 01:07:53,003 - utils_logger - INFO: Сформирован список трназакций за указанный период
2025-11-07 01:07:53,003 - utils_logger - INFO: Сформирован список трназакций за указанный период
2025-11-07 01:07:53,003 - utils_logger - INFO: Сформирован список трназакций за указанный период
2025-11-07 01:07:53,003 - utils_logger - INFO: Сформирован список трназакций за указанный период
2025-11-07 01:07:53,003 - utils_logger - INFO: Сформирован список трназакций за указанный период
2025-11-07 01:07:53,003 - utils_logger - INFO: Сформирован список трназакций за указанный период
2025-11-07 01:07:53,003 - utils_logger - INFO: Сформирован список трназакций за указанный период
2025-11-07 01:07:53,003 - utils_logger - INFO: Сформирован список трназакций за указанный период
2025-11-07 01:07:53,003 - utils_logger - INFO: Сформирован список трназакций за указанный период
2025-11-07 01:07:53,003 - utils_logger - INFO: Сформирован список трназакций за указанный период
2025-11-07 01:07:53,003 - utils_logger - INFO: Сформирован список трназакций за указанный период
2025-11-07 01:07:53,003 - utils_logger - INFO: Сформирован список трназакций за указанный период
2025-11-07 01:07:53,003 - utils_logger - INFO: Сформирован список трназакций за указанный период
2025-11-07 01:07:53,003 - utils_logger - INFO: Сформирован список трназакций за указанный период
2025-11-07 01:07:53,003 - utils_logger - INFO: Сформирован список трназакций за указанный период
2025-11-07 01:07:53,003 - utils_logger - INFO: Сформирован список трназакций за указанный период
2025-11-07 01:07:53,003 - utils_logger - INFO: Сформирован список трназакций за указанный период
2025-11-07 01:07:53,004 - utils_logger - INFO: Сформирован список трназакций за указанный период
2025-11-07 01:07:53,004 - utils_logger - INFO: Сформирован список трназакций за указанный период
2025-11-07 01:07:53,004 - utils_logger - INFO: Сформирован список трназакций за указанный период
2025-11-07 01:07:53,004 - utils_logger - INFO: Сформирован список трназакций за указанный период
2025-11-07 01:07:53,004 - utils_logger - INFO: Сформирован список трназакций за указанный период
2025-11-07 01:07:53,004 - utils_logger - INFO: Сформирован список трназакций за указанный период
2025-11-07 01:07:53,004 - utils_logger - INFO: Сформирован список трназакций за указанный период
2025-11-07 01:07:53,004 - utils_logger - INFO: Сформирован список трназакций за указанный период
2025-11-07 01:07:53,004 - utils_logger - INFO: Сформирован список трназакций за указанный период
2025-11-07 01:07:53,004 - utils_logger - INFO: Сформирован список трназакций за указанный период
2025-11-07 01:07:53,004 - utils_logger - INFO: Сформирован список трназакций за указанный период
2025-11-07 01:07:53,004 - utils_logger - INFO: Сформирован список трназакций за указанный период
2025-11-07 01:07:53,004 - utils_logger - INFO: Сформирован список трназакций за указанный период
2025-11-07 01:07:53,004 - utils_logger - INFO: Сформирован список трназакций за указанный период
2025-11-07 01:07:53,004 - utils_logger - INFO: Сформирован список трназакций за указанный период
2025-11-07 01:07:53,004 - utils_logger - INFO: Сформирован список трназакций за указанный период
2025-11-07 01:07:53,004 - utils_logger - INFO: Сформирован список трназакций за указанный период
2025-11-07 01:07:53,004 - utils_logger - INFO: Сформирован список трназакций за указанный период
2025-11-07 01:07:53,004 - utils_logger - INFO: Сформирован список трназакций за указанный период
2025-11-07 01:07:53,004 - utils_logger - INFO: Сформирован список трназакций за указанный период
2025-11-07 01:07:53,004 - utils_logger - INFO: Сформирован список трназакций за указанный период
2025-11-07 01:07:53,004 - utils_logger - INFO: Сформирован список трназакций за указанный период
2025-11-07 01:07:53,005 - utils_logger - INFO: Сформирован список трназакций за указанный период
2025-11-07 01:07:53,005 - utils_logger - INFO: Сформирован список трназакций за указанный период
2025-11-07 01:07:53,005 - utils_logger - INFO: Сформирован список трназакций за указанный период
2025-11-07 01:07:53,005 - utils_logger - INFO: Сформирован список трназакций за указанный период
2025-11-07 01:07:53,005 - utils_logger - INFO: Сформирован список трназакций за указанный период
2025-11-07 01:07:53,005 - utils_logger - INFO: Сформирован список трназакций за указанный период
2025-11-07 01:07:53,005 - utils_logger - INFO: Сформирован список трназакций за указанный период
2025-11-07 01:07:53,005 - utils_logger - INFO: Сформирован список трназакций за указанный период
2025-11-07 01:07:53,005 - utils_logger - INFO: Сформирован список трназакций за указанный период
2025-11-07 01:07:53,005 - utils_logger - INFO: Сформирован список трназакций за указанный период
2025-11-07 01:07:53,005 - utils_logger - INFO: Сформирован список трназакций за указанный период
2025-11-07 01:07:53,005 - utils_logger - INFO: Сформирован список трназакций за указанный период
2025-11-07 01:07:53,005 - utils_logger - INFO: Сформирован список трназакций за указанный период
2025-11-07 01:07:53,005 - utils_logger - INFO: Сформирован список трназакций за указанный период
2025-11-07 01:07:53,005 - utils_logger - INFO: Сформирован список трназакций за указанный период
2025-11-07 01:07:53,005 - utils_logger - INFO: Сформирован список трназакций за указанный период
2025-11-07 01:07:53,005 - utils_logger - INFO: Сформирован список трназакций за указанный период
2025-11-07 01:07:53,005 - utils_logger - INFO: Сформирован список трназакций за указанный период
2025-11-07 01:07:53,005 - utils_logger - INFO: Сформирован список трназакций за указанный период
2025-11-07 01:07:53,005 - utils_logger - INFO: Сформирован список трназакций за указанный период
2025-11-07 01:07:53,005 - utils_logger - INFO: Сформирован список трназакций за указанный период
2025-11-07 01:07:53,005 - utils_logger - INFO: Сформирован список трназакций за указанный период
2025-11-07 01:07:53,006 - utils_logger - INFO: Сформирован список трназакций за указанный период
2025-11-07 01:07:53,006 - utils_logger - INFO: Сформирован список трназакций за указанный период
2025-11-07 01:07:53,006 - utils_logger - INFO: Сформирован список трназакций за указанный период
2025-11-07 01:07:53,006 - utils_logger - INFO: Сформирован список трназакций за указанный период
2025-11-07 01:07:53,006 - utils_logger - INFO: Сформирован список трназакций за указанный период
2025-11-07 01:07:53,006 - utils_logger - INFO: Сформирован список трназакций за указанный период
2025-11-07 01:07:53,006 - utils_logger - INFO: Сформирован список трназакций за указанный период
2025-11-07 01:07:53,006 - utils_logger - INFO: Сформирован список трназакций за указанный период
2025-11-07 01:07:53,006 - utils_logger - INFO: Сформирован список трназакций за указанный период
2025-11-07 01:07:53,006 - utils_logger - INFO: Сформирован список трназакций за указанный период
2025-11-07 01:07:53,006 - utils_logger - INFO: Сформирован список трназакций за указанный период
2025-11-07 01:07:53,006 - utils_logger - INFO: Сформирован список трназакций за указанный период
2025-11-07 01:07:53,006 - utils_logger - INFO: Сформирован список трназакций за указанный период
2025-11-07 01:07:53,006 - utils_logger - INFO: Сформирован список трназакций за указанный период
2025-11-07 01:07:53,006 - utils_logger - INFO: Сформирован список трназакций за указанный период
2025-11-07 01:07:53,006 - utils_logger - INFO: Сформирован список трназакций за указанный период
2025-11-07 01:07:53,006 - utils_logger - INFO: Сформирован список трназакций за указанный период
2025-11-07 01:07:53,006 - utils_logger - INFO: Сформирован список трназакций за указанный период
2025-11-07 01:07:53,006 - utils_logger - INFO: Сформирован список трназакций за указанный период
2025-11-07 01:07:53,006 - utils_logger - INFO: Сформирован список трназакций за указанный период
2025-11-07 01:07:53,006 - utils_logger - INFO: Сформирован список трназакций за указанный период
2025-11-07 01:07:53,006 - utils_logger - INFO: Сформирован список трназакций за указанный период
2025-11-07 01:07:53,007 - utils_logger - INFO: Сформирован список трназакций за указанный период
2025-11-07 01:07:53,007 - utils_logger - INFO: Сформирован список трназакций за указанный период
2025-11-07 01:07:53,007 - utils_logger - INFO: Сформирован список трназакций за указанный период
2025-11-07 01:07:53,007 - utils_logger - INFO: Сформирован список трназакций за указанный период
2025-11-07 01:07:53,007 - utils_logger - INFO: Сформирован список трназакций за указанный период
2025-11-07 01:07:53,007 - utils_logger - INFO: Сформирован список трназакций за указанный период
2025-11-07 01:07:53,007 - utils_logger - INFO: Сформирован список трназакций за указанный период
2025-11-07 01:07:53,007 - utils_logger - INFO: Сформирован список трназакций за указанный период
2025-11-07 01:07:53,007 - utils_logger - INFO: Сформирован список трназакций за указанный период
2025-11-07 01:07:53,007 - utils_logger - INFO: Сформирован список трназакций за указанный период
2025-11-07 01:07:53,007 - utils_logger - INFO: Сформирован список трназакций за указанный период
2025-11-07 01:07:53,007 - utils_logger - INFO: Сформирован список трназакций за указанный период
2025-11-07 01:07:53,007 - utils_logger - INFO: Сформирован список трназакций за указанный период
2025-11-07 01:07:53,007 - utils_logger - INFO: Сформирован список трназакций за указанный период
2025-11-07 01:07:53,007 - utils_logger - INFO: Сформирован список трназакций за указанный период
2025-11-07 01:07:53,007 - utils_logger - INFO: Сформирован список трназакций за указанный период
2025-11-07 01:07:53,007 - utils_logger - INFO: Сформирован список трназакций за указанный период
2025-11-07 01:07:53,007 - utils_logger - INFO: Сформирован список трназакций за указанный период
2025-11-07 01:07:53,007 - utils_logger - INFO: Сформирован список трназакций за указанный период
2025-11-07 01:07:53,007 - utils_logger - INFO: Сформирован список трназакций за указанный период
2025-11-07 01:07:53,007 - utils_logger - INFO: Сформирован список трназакций за указанный период
2025-11-07 01:07:53,007 - utils_logger - INFO: Сформирован список трназакций за указанный период
2025-11-07 01:07:53,007 - utils_logger - INFO: Сформирован список трназакций за указанный период
2025-11-07 01:07:53,008 - utils_logger - INFO: Сформирован список трназакций за указанный период
2025-11-07 01:07:53,008 - utils_logger - INFO: Сформирован список трназакций за указанный период
2025-11-07 01:07:53,008 - utils_logger - INFO: Сформирован список трназакций за указанный период
2025-11-07 01:07:53,008 - utils_logger - INFO: Сформирован список трназакций за указанный период
2025-11-07 01:07:53,008 - utils_logger - INFO: Сформирован список трназакций за указанный период
2025-11-07 01:07:53,008 - utils_logger - INFO: Сформирован список трназакций за указанный период
2025-11-07 01:07:53,008 - utils_logger - INFO: Сформирован список трназакций за указанный период
2025-11-07 01:07:53,008 - utils_logger - INFO: Сформирован список трназакций за указанный период
2025-11-07 01:07:53,008 - utils_logger - INFO: Сформирован список трназакций за указанный период
2025-11-07 01:07:53,008 - utils_logger - INFO: Сформирован список трназакций за указанный период
2025-11-07 01:07:53,008 - utils_logger - INFO: Сформирован список трназакций за указанный период
2025-11-07 01:07:53,008 - utils_logger - INFO: Сформирован список трназакций за указанный период
2025-11-07 01:07:53,008 - utils_logger - INFO: Сформирован список трназакций за указанный период
2025-11-07 01:07:53,008 - utils_logger - INFO: Сформирован список трназакций за указанный период
2025-11-07 01:07:53,008 - utils_logger - INFO: Сформирован список трназакций за указанный период
2025-11-07 01:07:53,008 - utils_logger - INFO: Сформирован список трназакций за указанный период
2025-11-07 01:07:53,008 - utils_logger - INFO: Сформирован список трназакций за указанный период
2025-11-07 01:07:53,008 - utils_logger - INFO: Сформирован список трназакций за указанный период
2025-11-07 01:07:53,008 - utils_logger - INFO: Сформирован список трназакций за указанный период
2025-11-07 01:07:53,008 - utils_logger - INFO: Сформирован список трназакций за указанный период
2025-11-07 01:07:53,008 - utils_logger - INFO: Сформирован список трназакций за указанный период
2025-11-07 01:07:53,009 - utils_logger - INFO: Сформирован список трназакций за указанный период
2025-11-07 01:07:53,009 - utils_logger - INFO: Сформирован список трназакций за указанный период
2025-11-07 01:07:53,009 - utils_logger - INFO: Сформирован список трназакций за указанный период
2025-11-07 01:07:53,009 - utils_logger - INFO: Сформирован список трназакций за указанный период
2025-11-07 01:07:53,009 - utils_logger - INFO: Сформирован список трназакций за указанный период
2025-11-07 01:07:53,009 - utils_logger - INFO: Сформирован список трназакций за указанный период
2025-11-07 01:07:53,009 - utils_logger - INFO: Сформирован список трназакций за указанный период
2025-11-07 01:07:53,009 - utils_logger - INFO: Сформирован список трназакций за указанный период
2025-11-07 01:07:53,009 - utils_logger - INFO: Сформирован список трназакций за указанный период
2025-11-07 01:07:53,009 - utils_logger - INFO: Сформирован список трназакций за указанный период
2025-11-07 01:07:53,009 - utils_logger - INFO: Сформирован список трназакций за указанный период
2025-11-07 01:07:53,009 - utils_logger - INFO: Сформирован список трназакций за указанный период
2025-11-07 01:07:53,009 - utils_logger - INFO: Сформирован список трназакций за указанный период
2025-11-07 01:07:53,009 - utils_logger - INFO: Сформирован список трназакций за указанный период
2025-11-07 01:07:53,009 - utils_logger - INFO: Сформирован список трназакций за указанный период
2025-11-07 01:07:53,009 - utils_logger - INFO: Сформирован список трназакций за указанный период
2025-11-07 01:07:53,009 - utils_logger - INFO: Сформирован список трназакций за указанный период
2025-11-07 01:07:53,009 - utils_logger - INFO: Сформирован список трназакций за указанный период
2025-11-07 01:07:53,009 - utils_logger - INFO: Сформирован список трназакций за указанный период
2025-11-07 01:07:53,009 - utils_logger - INFO: Сформирован список трназакций за указанный период
2025-11-07 01:07:53,009 - utils_logger - INFO: Сформирован список трназакций за указанный период
2025-11-07 01:07:53,009 - utils_logger - INFO: Сформирован список трназакций за указанный период
2025-11-07 01:07:53,010 - utils_logger - INFO: Сформирован список трназакций за указанный период
2025-11-07 01:07:53,010 - utils_logger - INFO: Сформирован список трназакций за указанный период
2025-11-07 01:07:53,010 - utils_logger - INFO: Сформирован список трназакций за указанный период
2025-11-07 01:07:53,010 - utils_logger - INFO: Сформирован список трназакций за указанный период
2025-11-07 01:07:53,010 - utils_logger - INFO: Сформирован список трназакций за указанный период
2025-11-07 01:07:53,010 - utils_logger - INFO: Сформирован список трназакций за указанный период
2025-11-07 01:07:53,010 - utils_logger - INFO: Сформирован список трназакций за указанный период
2025-11-07 01:07:53,010 - utils_logger - INFO: Сформирован список трназакций за указанный период
2025-11-07 01:07:53,010 - utils_logger - INFO: Сформирован список трназакций за указанный период
2025-11-07 01:07:53,010 - utils_logger - INFO: Сформирован список трназакций за указанный период
2025-11-07 01:07:53,010 - utils_logger - INFO: Сформирован список трназакций за указанный период
2025-11-07 01:07:53,010 - utils_logger - INFO: Сформирован список трназакций за указанный период
2025-11-07 01:07:53,010 - utils_logger - INFO: Сформирован список трназакций за указанный период
2025-11-07 01:07:53,010 - utils_logger - INFO: Сформирован список трназакций за указанный период
2025-11-07 01:07:53,010 - utils_logger - INFO: Сформирован список трназакций за указанный период
2025-11-07 01:07:53,010 - utils_logger - INFO: Сформирован список трназакций за указанный период
2025-11-07 01:07:53,010 - utils_logger - INFO: Сформирован список трназакций за указанный период
2025-11-07 01:07:53,010 - utils_logger - INFO: Сформирован список трназакций за указанный период
2025-11-07 01:07:53,010 - utils_logger - INFO: Сформирован список трназакций за указанный период
2025-11-07 01:07:53,010 - utils_logger - INFO: Сформирован список трназакций за указанный период
2025-11-07 01:07:53,010 - utils_logger - INFO: Сформирован список трназакций за указанный период
2025-11-07 01:07:53,010 - utils_logger - INFO: Сформирован список трназакций за указанный период
2025-11-07 01:07:53,010 - utils_logger - INFO: Сформирован список трназакций за указанный период
2025-11-07 01:07:53,011 - utils_logger - INFO: Сформирован список трназакций за указанный период
2025-11-07 01:07:53,011 - utils_logger - INFO: Сформирован список трназакций за указанный период
2025-11-07 01:07:53,011 - utils_logger - INFO: Сформирован список трназакций за указанный период
2025-11-07 01:07:53,011 - utils_logger - INFO: Сформирован список трназакций за указанный период
2025-11-07 01:07:53,011 - utils_logger - INFO: Сформирован список трназакций за указанный период
2025-11-07 01:07:53,011 - utils_logger - INFO: Сформирован список трназакций за указанный период
2025-11-07 01:07:53,011 - utils_logger - INFO: Сформирован список трназакций за указанный период
2025-11-07 01:07:53,011 - utils_logger - INFO: Сформирован список трназакций за указанный период
2025-11-07 01:07:53,011 - utils_logger - INFO: Сформирован список трназакций за указанный период
2025-11-07 01:07:53,011 - utils_logger - INFO: Сформирован список трназакций за указанный период
2025-11-07 01:07:53,011 - utils_logger - INFO: Сформирован список трназакций за указанный период
2025-11-07 01:07:53,011 - utils_logger - INFO: Сформирован список трназакций за указанный период
2025-11-07 01:07:53,011 - utils_logger - INFO: Сформирован список трназакций за указанный период
2025-11-07 01:07:53,011 - utils_logger - INFO: Сформирован список трназакций за указанный период
2025-11-07 01:07:53,011 - utils_logger - INFO: Сформирован список трназакций за указанный период
2025-11-07 01:07:53,011 - utils_logger - INFO: Сформирован список трназакций за указанный период
2025-11-07 01:07:53,011 - utils_logger - INFO: Сформирован список трназакций за указанный период
2025-11-07 01:07:53,011 - utils_logger - INFO: Сформирован список трназакций за указанный период
2025-11-07 01:07:53,011 - utils_logger - INFO: Сформирован список трназакций за указанный период
2025-11-07 01:07:53,011 - utils_logger - INFO: Сформирован список трназакций за указанный период
2025-11-07 01:07:53,011 - utils_logger - INFO: Сформирован список трназакций за указанный период
2025-11-07 01:07:53,011 - utils_logger - INFO: Сформирован список трназакций за указанный период
2025-11-07 01:07:53,011 - utils_logger - INFO: Сформирован список трназакций за указанный период
2025-11-07 01:07:53,012 - utils_logger - INFO: Сформирован список трназакций за указанный период
2025-11-07 01:07:53,012 - utils_logger - INFO: Сформирован список трназакций за указанный период
2025-11-07 01:07:53,012 - utils_logger - INFO: Сформирован список трназакций за указанный период
2025-11-07 01:07:53,012 - utils_logger - INFO: Сформирован список трназакций за указанный период
2025-11-07 01:07:53,012 - utils_logger - INFO: Сформирован список трназакций за указанный период
2025-11-07 01:07:53,012 - utils_logger - INFO: Сформирован список трназакций за указанный период
2025-11-07 01:07:53,012 - utils_logger - INFO: Сформирован список трназакций за указанный период
2025-11-07 01:07:53,012 - utils_logger - INFO: Сформирован список трназакций за указанный период
2025-11-07 01:07:53,012 - utils_logger - INFO: Сформирован список трназакций за указанный период
2025-11-07 01:07:53,012 - utils_logger - INFO: Сформирован список трназакций за указанный период
2025-11-07 01:07:53,012 - utils_logger - INFO: Сформирован список трназакций за указанный период
2025-11-07 01:07:53,012 - utils_logger - INFO: Сформирован список трназакций за указанный период
2025-11-07 01:07:53,012 - utils_logger - INFO: Сформирован список трназакций за указанный период
2025-11-07 01:07:53,012 - utils_logger - INFO: Сформирован список трназакций за указанный период
2025-11-07 01:07:53,012 - utils_logger - INFO: Сформирован список трназакций за указанный период
2025-11-07 01:07:53,012 - utils_logger - INFO: Сформирован список трназакций за указанный период
2025-11-07 01:07:53,012 - utils_logger - INFO: Сформирован список трназакций за указанный период
2025-11-07 01:07:53,012 - utils_logger - INFO: Сформирован список трназакций за указанный период
2025-11-07 01:07:53,012 - utils_logger - INFO: Сформирован список трназакций за указанный период
2025-11-07 01:07:53,012 - utils_logger - INFO: Сформирован список трназакций за указанный период
2025-11-07 01:07:53,012 - utils_logger - INFO: Сформирован список трназакций за указанный период
2025-11-07 01:07:53,012 - utils_logger - INFO: Сформирован список трназакций за указанный период
2025-11-07 01:07:53,013 - utils_logger - INFO: Сформирован список трназакций за указанный период
2025-11-07 01:07:53,013 - utils_logger - INFO: Сформирован список трназакций за указанный период
2025-11-07 01:07:53,013 - utils_logger - INFO: Сформирован список трназакций за указанный период
2025-11-07 01:07:53,013 - utils_logger - INFO: Сформирован список трназакций за указанный период
2025-11-07 01:07:53,013 - utils_logger - INFO: Сформирован список трназакций за указанный период
2025-11-07 01:07:53,013 - utils_logger - INFO: Сформирован список трназакций за указанный период
2025-11-07 01:07:53,013 - utils_logger - INFO: Сформирован список трназакций за указанный период
2025-11-07 01:07:53,013 - utils_logger - INFO: Сформирован список трназакций за указанный период
2025-11-07 01:07:53,013 - utils_logger - INFO: Сформирован список трназакций за указанный период
2025-11-07 01:07:53,013 - utils_logger - INFO: Сформирован список трназакций за указанный период
2025-11-07 01:07:53,013 - utils_logger - INFO: Сформирован список трназакций за указанный период
2025-11-07 01:07:53,013 - utils_logger - INFO: Сформирован список трназакций за указанный период
2025-11-07 01:07:53,013 - utils_logger - INFO: Сформирован список трназакций за указанный период
2025-11-07 01:07:53,013 - utils_logger - INFO: Сформирован список трназакций за указанный период
2025-11-07 01:07:53,013 - utils_logger - INFO: Сформирован список трназакций за указанный период
2025-11-07 01:07:53,013 - utils_logger - INFO: Сформирован список трназакций за указанный период
2025-11-07 01:07:53,013 - utils_logger - INFO: Сформирован список трназакций за указанный период
2025-11-07 01:07:53,013 - utils_logger - INFO: Сформирован список трназакций за указанный период
2025-11-07 01:07:53,013 - utils_logger - INFO: Сформирован список трназакций за указанный период
2025-11-07 01:07:53,013 - utils_logger - INFO: Сформирован список трназакций за указанный период
2025-11-07 01:07:53,013 - utils_logger - INFO: Сформирован список трназакций за указанный период
2025-11-07 01:07:53,013 - utils_logger - INFO: Сформирован список трназакций за указанный период
2025-11-07 01:07:53,013 - utils_logger - INFO: Сформирован список трназакций за указанный период
2025-11-07 01:07:53,014 - utils_logger - INFO: Сформирован список трназакций за указанный период
2025-11-07 01:07:53,014 - utils_logger - INFO: Сформирован список трназакций за указанный период
2025-11-07 01:07:53,014 - utils_logger - INFO: Сформирован список трназакций за указанный период
2025-11-07 01:07:53,014 - utils_logger - INFO: Сформирован список трназакций за указанный период
2025-11-07 01:07:53,014 - utils_logger - INFO: Сформирован список трназакций за указанный период
2025-11-07 01:07:53,014 - utils_logger - INFO: Сформирован список трназакций за указанный период
2025-11-07 01:07:53,014 - utils_logger - INFO: Сформирован список трназакций за указанный период
2025-11-07 01:07:53,014 - utils_logger - INFO: Сформирован список трназакций за указанный период
2025-11-07 01:07:53,014 - utils_logger - INFO: Сформирован список трназакций за указанный период
2025-11-07 01:07:53,014 - utils_logger - INFO: Сформирован список трназакций за указанный период
2025-11-07 01:07:53,014 - utils_logger - INFO: Сформирован список трназакций за указанный период
2025-11-07 01:07:53,014 - utils_logger - INFO: Сформирован список трназакций за указанный период
2025-11-07 01:07:53,014 - utils_logger - INFO: Сформирован список трназакций за указанный период
2025-11-07 01:07:53,014 - utils_logger - INFO: Сформирован список трназакций за указанный период
2025-11-07 01:07:53,014 - utils_logger - INFO: Сформирован список трназакций за указанный период
2025-11-07 01:07:53,014 - utils_logger - INFO: Сформирован список трназакций за указанный период
2025-11-07 01:07:53,014 - utils_logger - INFO: Сформирован список трназакций за указанный период
2025-11-07 01:07:53,014 - utils_logger - INFO: Сформирован список трназакций за указанный период
2025-11-07 01:07:53,014 - utils_logger - INFO: Сформирован список трназакций за указанный период
2025-11-07 01:07:53,015 - utils_logger - INFO: Сформирован список трназакций за указанный период
2025-11-07 01:07:53,015 - utils_logger - INFO: Сформирован список трназакций за указанный период
2025-11-07 01:07:53,015 - utils_logger - INFO: Сформирован список трназакций за указанный период
2025-11-07 01:07:53,015 - utils_logger - INFO: Сформирован список трназакций за указанный период
2025-11-07 01:07:53,015 - utils_logger - INFO: Сформирован список трназакций за указанный период
2025-11-07 01:07:53,015 - utils_logger - INFO: Сформирован список трназакций за указанный период
2025-11-07 01:07:53,015 - utils_logger - INFO: Сформирован список трназакций за указанный период
2025-11-07 01:07:53,015 - utils_logger - INFO: Сформирован список трназакций за указанный период
2025-11-07 01:07:53,015 - utils_logger - INFO: Сформирован список трназакций за указанный период
2025-11-07 01:07:53,015 - utils_logger - INFO: Сформирован список трназакций за указанный период
2025-11-07 01:07:53,015 - utils_logger - INFO: Сформирован список трназакций за указанный период
2025-11-07 01:07:53,015 - utils_logger - INFO: Сформирован список трназакций за указанный период
2025-11-07 01:07:53,015 - utils_logger - INFO: Сформирован список трназакций за указанный период
2025-11-07 01:07:53,015 - utils_logger - INFO: Сформирован список трназакций за указанный период
2025-11-07 01:07:53,015 - utils_logger - INFO: Сформирован список трназакций за указанный период
2025-11-07 01:07:53,015 - utils_logger - INFO: Сформирован список трназакций за указанный период
2025-11-07 01:07:53,015 - utils_logger - INFO: Сформирован список трназакций за указанный период
2025-11-07 01:07:53,015 - utils_logger - INFO: Сформирован список трназакций за указанный период
2025-11-07 01:07:53,015 - utils_logger - INFO: Сформирован список трназакций за указанный период
2025-11-07 01:07:53,015 - utils_logger - INFO: Сформирован список трназакций за указанный период
2025-11-07 01:07:53,015 - utils_logger - INFO: Сформирован список трназакций за указанный период
2025-11-07 01:07:53,015 - utils_logger - INFO: Сформирован список трназакций за указанный период
2025-11-07 01:07:53,016 - utils_logger - INFO: Сформирован список трназакций за указанный период
2025-11-07 01:07:53,016 - utils_logger - INFO: Сформирован список трназакций за указанный период
2025-11-07 01:07:53,016 - utils_logger - INFO: Сформирован список трназакций за указанный период
2025-11-07 01:07:53,016 - utils_logger - INFO: Сформирован список трназакций за указанный период
2025-11-07 01:07:53,016 - utils_logger - INFO: Сформирован список трназакций за указанный период
2025-11-07 01:07:53,016 - utils_logger - INFO: Сформирован список трназакций за указанный период
2025-11-07 01:07:53,016 - utils_logger - INFO: Сформирован список трназакций за указанный период
2025-11-07 01:07:53,016 - utils_logger - INFO: Сформирован список трназакций за указанный период
2025-11-07 01:07:53,016 - utils_logger - INFO: Сформирован список трназакций за указанный период
2025-11-07 01:07:53,016 - utils_logger - INFO: Сформирован список трназакций за указанный период
2025-11-07 01:07:53,016 - utils_logger - INFO: Сформирован список трназакций за указанный период
2025-11-07 01:07:53,016 - utils_logger - INFO: Сформирован список трназакций за указанный период
2025-11-07 01:07:53,016 - utils_logger - INFO: Сформирован список трназакций за указанный период
2025-11-07 01:07:53,016 - utils_logger - INFO: Сформирован список трназакций за указанный период
2025-11-07 01:07:53,016 - utils_logger - INFO: Сформирован список трназакций за указанный период
2025-11-07 01:07:53,016 - utils_logger - INFO: Сформирован список трназакций за указанный период
2025-11-07 01:07:53,016 - utils_logger - INFO: Сформирован список трназакций за указанный период
2025-11-07 01:07:53,016 - utils_logger - INFO: Сформирован список трназакций за указанный период
2025-11-07 01:07:53,016 - utils_logger - INFO: Сформирован список трназакций за указанный период
2025-11-07 01:07:53,016 - utils_logger - INFO: Сформирован список трназакций за указанный период
2025-11-07 01:07:53,016 - utils_logger - INFO: Сформирован список трназакций за указанный период
2025-11-07 01:07:53,016 - utils_logger - INFO: Сформирован список трназакций за указанный период
2025-11-07 01:07:53,016 - utils_logger - INFO: Сформирован список трназакций за указанный период
2025-11-07 01:07:53,017 - utils_logger - INFO: Сформирован список трназакций за указанный период
2025-11-07 01:07:53,017 - utils_logger - INFO: Сформирован список трназакций за указанный период
2025-11-07 01:07:53,017 - utils_logger - INFO: Сформирован список трназакций за указанный период
2025-11-07 01:07:53,017 - utils_logger - INFO: Сформирован список трназакций за указанный период
2025-11-07 01:07:53,017 - utils_logger - INFO: Сформирован список трназакций за указанный период
2025-11-07 01:07:53,017 - utils_logger - INFO: Сформирован список трназакций за указанный период
2025-11-07 01:07:53,017 - utils_logger - INFO: Сформирован список трназакций за указанный период
2025-11-07 01:07:53,017 - utils_logger - INFO: Сформирован список трназакций за указанный период
2025-11-07 01:07:53,017 - utils_logger - INFO: Сформирован список трназакций за указанный период
2025-11-07 01:07:53,017 - utils_logger - INFO: Сформирован список трназакций за указанный период
2025-11-07 01:07:53,017 - utils_logger - INFO: Сформирован список трназакций за указанный период
2025-11-07 01:07:53,017 - utils_logger - INFO: Сформирован список трназакций за указанный период
2025-11-07 01:07:53,017 - utils_logger - INFO: Сформирован список трназакций за указанный период
2025-11-07 01:07:53,017 - utils_logger - INFO: Сформирован список трназакций за указанный период
2025-11-07 01:07:53,017 - utils_logger - INFO: Сформирован список трназакций за указанный период
2025-11-07 01:07:53,017 - utils_logger - INFO: Сформирован список трназакций за указанный период
2025-11-07 01:07:53,017 - utils_logger - INFO: Сформирован список трназакций за указанный период
2025-11-07 01:07:53,017 - utils_logger - INFO: Сформирован список трназакций за указанный период
2025-11-07 01:07:53,017 - utils_logger - INFO: Сформирован список трназакций за указанный период
2025-11-07 01:07:53,017 - utils_logger - INFO: Сформирован список трназакций за указанный период
2025-11-07 01:07:53,017 - utils_logger - INFO: Сформирован список трназакций за указанный период
2025-11-07 01:07:53,017 - utils_logger - INFO: Сформирован список трназакций за указанный период
2025-11-07 01:07:53,018 - utils_logger - INFO: Сформирован список трназакций за указанный период
2025-11-07 01:07:53,018 - utils_logger - INFO: Сформирован список трназакций за указанный период
2025-11-07 01:07:53,018 - utils_logger - INFO: Сформирован список трназакций за указанный период
2025-11-07 01:07:53,018 - utils_logger - INFO: Сформирован список трназакций за указанный период
2025-11-07 01:07:53,018 - utils_logger - INFO: Сформирован список трназакций за указанный период
2025-11-07 01:07:53,018 - utils_logger - INFO: Сформирован список трназакций за указанный период
2025-11-07 01:07:53,018 - utils_logger - INFO: Сформирован список трназакций за указанный период
2025-11-07 01:07:53,018 - utils_logger - INFO: Сформирован список трназакций за указанный период
2025-11-07 01:07:53,018 - utils_logger - INFO: Сформирован список трназакций за указанный период
2025-11-07 01:07:53,018 - utils_logger - INFO: Сформирован список трназакций за указанный период
2025-11-07 01:07:53,018 - utils_logger - INFO: Сформирован список трназакций за указанный период
2025-11-07 01:07:53,018 - utils_logger - INFO: Сформирован список трназакций за указанный период
2025-11-07 01:07:53,018 - utils_logger - INFO: Сформирован список трназакций за указанный период
2025-11-07 01:07:53,018 - utils_logger - INFO: Сформирован список трназакций за указанный период
2025-11-07 01:07:53,018 - utils_logger - INFO: Сформирован список трназакций за указанный период
2025-11-07 01:07:53,018 - utils_logger - INFO: Сформирован список трназакций за указанный период
2025-11-07 01:07:53,018 - utils_logger - INFO: Сформирован список трназакций за указанный период
2025-11-07 01:07:53,018 - utils_logger - INFO: Сформирован список трназакций за указанный период
2025-11-07 01:07:53,018 - utils_logger - INFO: Сформирован список трназакций за указанный период
2025-11-07 01:07:53,018 - utils_logger - INFO: Сформирован список трназакций за указанный период
2025-11-07 01:07:53,018 - utils_logger - INFO: Сформирован список трназакций за указанный период
2025-11-07 01:07:53,018 - utils_logger - INFO: Сформирован список трназакций за указанный период
2025-11-07 01:07:53,018 - utils_logger - INFO: Сформирован список трназакций за указанный период
2025-11-07 01:07:53,019 - utils_logger - INFO: Сформирован список трназакций за указанный период
2025-11-07 01:07:53,019 - utils_logger - INFO: Сформирован список трназакций за указанный период
2025-11-07 01:07:53,019 - utils_logger - INFO: Сформирован список трназакций за указанный период
2025-11-07 01:07:53,019 - utils_logger - INFO: Сформирован список трназакций за указанный период
2025-11-07 01:07:53,019 - utils_logger - INFO: Сформирован список трназакций за указанный период
2025-11-07 01:07:53,019 - utils_logger - INFO: Сформирован список трназакций за указанный период
2025-11-07 01:07:53,019 - utils_logger - INFO: Сформирован список трназакций за указанный период
2025-11-07 01:07:53,019 - utils_logger - INFO: Сформирован список трназакций за указанный период
2025-11-07 01:07:53,019 - utils_logger - INFO: Сформирован список трназакций за указанный период
2025-11-07 01:07:53,019 - utils_logger - INFO: Сформирован список трназакций за указанный период
2025-11-07 01:07:53,019 - utils_logger - INFO: Сформирован список трназакций за указанный период
2025-11-07 01:07:53,019 - utils_logger - INFO: Сформирован список трназакций за указанный период
2025-11-07 01:07:53,019 - utils_logger - INFO: Сформирован список трназакций за указанный период
2025-11-07 01:07:53,019 - utils_logger - INFO: Сформирован список трназакций за указанный период
2025-11-07 01:07:53,019 - utils_logger - INFO: Сформирован список трназакций за указанный период
2025-11-07 01:07:53,019 - utils_logger - INFO: Сформирован список трназакций за указанный период
2025-11-07 01:07:53,019 - utils_logger - INFO: Сформирован список трназакций за указанный период
2025-11-07 01:07:53,019 - utils_logger - INFO: Сформирован список трназакций за указанный период
2025-11-07 01:07:53,019 - utils_logger - INFO: Сформирован список трназакций за указанный период
2025-11-07 01:07:53,019 - utils_logger - INFO: Сформирован список трназакций за указанный период
2025-11-07 01:07:53,019 - utils_logger - INFO: Сформирован список трназакций за указанный период
2025-11-07 01:07:53,019 - utils_logger - INFO: Сформирован список трназакций за указанный период
2025-11-07 01:07:53,020 - utils_logger - INFO: Сформирован список трназакций за указанный период
2025-11-07 01:07:53,020 - utils_logger - INFO: Сформирован список трназакций за указанный период
2025-11-07 01:07:53,020 - utils_logger - INFO: Сформирован список трназакций за указанный период
2025-11-07 01:07:53,020 - utils_logger - INFO: Сформирован список трназакций за указанный период
2025-11-07 01:07:53,020 - utils_logger - INFO: Сформирован список трназакций за указанный период
2025-11-07 01:07:53,020 - utils_logger - INFO: Сформирован список трназакций за указанный период
2025-11-07 01:07:53,020 - utils_logger - INFO: Сформирован список трназакций за указанный период
2025-11-07 01:07:53,020 - utils_logger - INFO: Сформирован список трназакций за указанный период
2025-11-07 01:07:53,020 - utils_logger - INFO: Сформирован список трназакций за указанный период
2025-11-07 01:07:53,020 - utils_logger - INFO: Сформирован список трназакций за указанный период
2025-11-07 01:07:53,020 - utils_logger - INFO: Сформирован список трназакций за указанный период
2025-11-07 01:07:53,020 - utils_logger - INFO: Сформирован список трназакций за указанный период
2025-11-07 01:07:53,020 - utils_logger - INFO: Сформирован список трназакций за указанный период
2025-11-07 01:07:53,020 - utils_logger - INFO: Сформирован список трназакций за указанный период
2025-11-07 01:07:53,020 - utils_logger - INFO: Сформирован список трназакций за указанный период
2025-11-07 01:07:53,020 - utils_logger - INFO: Сформирован список трназакций за указанный период
2025-11-07 01:07:53,020 - utils_logger - INFO: Сформирован список трназакций за указанный период
2025-11-07 01:07:53,020 - utils_logger - INFO: Сформирован список трназакций за указанный период
2025-11-07 01:07:53,020 - utils_logger - INFO: Сформирован список трназакций за указанный период
2025-11-07 01:07:53,020 - utils_logger - INFO: Сформирован список трназакций за указанный период
2025-11-07 01:07:53,020 - utils_logger - INFO: Сформирован список трназакций за указанный период
2025-11-07 01:07:53,020 - utils_logger - INFO: Сформирован список трназакций за указанный период
2025-11-07 01:07:53,021 - utils_logger - INFO: Сформирован список трназакций за указанный период
2025-11-07 01:07:53,021 - utils_logger - INFO: Сформирован список трназакций за указанный период
2025-11-07 01:07:53,021 - utils_logger - INFO: Сформирован список трназакций за указанный период
2025-11-07 01:07:53,021 - utils_logger - INFO: Сформирован список трназакций за указанный период
2025-11-07 01:07:53,021 - utils_logger - INFO: Сформирован список трназакций за указанный период
2025-11-07 01:07:53,021 - utils_logger - INFO: Сформирован список трназакций за указанный период
2025-11-07 01:07:53,021 - utils_logger - INFO: Сформирован список трназакций за указанный период
2025-11-07 01:07:53,021 - utils_logger - INFO: Сформирован список трназакций за указанный период
2025-11-07 01:07:53,021 - utils_logger - INFO: Сформирован список трназакций за указанный период
2025-11-07 01:07:53,021 - utils_logger - INFO: Сформирован список трназакций за указанный период
2025-11-07 01:07:53,021 - utils_logger - INFO: Сформирован список трназакций за указанный период
2025-11-07 01:07:53,021 - utils_logger - INFO: Сформирован список трназакций за указанный период
2025-11-07 01:07:53,021 - utils_logger - INFO: Сформирован список трназакций за указанный период
2025-11-07 01:07:53,021 - utils_logger - INFO: Сформирован список трназакций за указанный период
2025-11-07 01:07:53,021 - utils_logger - INFO: Сформирован список трназакций за указанный период
2025-11-07 01:07:53,021 - utils_logger - INFO: Сформирован список трназакций за указанный период
2025-11-07 01:07:53,021 - utils_logger - INFO: Сформирован список трназакций за указанный период
2025-11-07 01:07:53,021 - utils_logger - INFO: Сформирован список трназакций за указанный период
2025-11-07 01:07:53,022 - utils_logger - INFO: Сформирован список трназакций за указанный период
2025-11-07 01:07:53,022 - utils_logger - INFO: Сформирован список трназакций за указанный период
2025-11-07 01:07:53,022 - utils_logger - INFO: Сформирован список трназакций за указанный период
2025-11-07 01:07:53,022 - utils_logger - INFO: Сформирован список трназакций за указанный период
2025-11-07 01:07:53,022 - utils_logger - INFO: Сформирован список трназакций за указанный период
2025-11-07 01:07:53,022 - utils_logger - INFO: Сформирован список трназакций за указанный период
2025-11-07 01:07:53,022 - utils_logger - INFO: Сформирован список трназакций за указанный период
2025-11-07 01:07:53,022 - utils_logger - INFO: Сформирован список трназакций за указанный период
2025-11-07 01:07:53,022 - utils_logger - INFO: Сформирован список трназакций за указанный период
2025-11-07 01:07:53,022 - utils_logger - INFO: Сформирован список трназакций за указанный период
2025-11-07 01:07:53,022 - utils_logger - INFO: Сформирован список трназакций за указанный период
2025-11-07 01:07:53,022 - utils_logger - INFO: Сформирован список трназакций за указанный период
2025-11-07 01:07:53,022 - utils_logger - INFO: Сформирован список трназакций за указанный период
2025-11-07 01:07:53,022 - utils_logger - INFO: Сформирован список трназакций за указанный период
2025-11-07 01:07:53,022 - utils_logger - INFO: Сформирован список трназакций за указанный период
2025-11-07 01:07:53,022 - utils_logger - INFO: Сформирован список трназакций за указанный период
2025-11-07 01:07:53,022 - utils_logger - INFO: Сформирован список трназакций за указанный период
2025-11-07 01:07:53,022 - utils_logger - INFO: Сформирован список трназакций за указанный период
2025-11-07 01:07:53,022 - utils_logger - INFO: Сформирован список трназакций за указанный период
2025-11-07 01:07:53,022 - utils_logger - INFO: Сформирован список трназакций за указанный период
2025-11-07 01:07:53,022 - utils_logger - INFO: Сформирован список трназакций за указанный период
2025-11-07 01:07:53,022 - utils_logger - INFO: Сформирован список трназакций за указанный период
2025-11-07 01:07:53,023 - utils_logger - INFO: Сформирован список трназакций за указанный период
2025-11-07 01:07:53,023 - utils_logger - INFO: Сформирован список трназакций за указанный период
2025-11-07 01:07:53,023 - utils_logger - INFO: Сформирован список трназакций за указанный период
2025-11-07 01:07:53,023 - utils_logger - INFO: Сформирован список трназакций за указанный период
2025-11-07 01:07:53,023 - utils_logger - INFO: Сформирован список трназакций за указанный период
2025-11-07 01:07:53,023 - utils_logger - INFO: Сформирован список трназакций за указанный период
2025-11-07 01:07:53,023 - utils_logger - INFO: Сформирован список трназакций за указанный период
2025-11-07 01:07:53,023 - utils_logger - INFO: Сформирован список трназакций за указанный период
2025-11-07 01:07:53,023 - utils_logger - INFO: Сформирован список трназакций за указанный период
2025-11-07 01:07:53,023 - utils_logger - INFO: Сформирован список трназакций за указанный период
2025-11-07 01:07:53,023 - utils_logger - INFO: Сформирован список трназакций за указанный период
2025-11-07 01:07:53,023 - utils_logger - INFO: Сформирован список трназакций за указанный период
2025-11-07 01:07:53,023 - utils_logger - INFO: Сформирован список трназакций за указанный период
2025-11-07 01:07:53,023 - utils_logger - INFO: Сформирован список трназакций за указанный период
2025-11-07 01:07:53,023 - utils_logger - INFO: Сформирован список трназакций за указанный период
2025-11-07 01:07:53,023 - utils_logger - INFO: Сформирован список трназакций за указанный период
2025-11-07 01:07:53,023 - utils_logger - INFO: Сформирован список трназакций за указанный период
2025-11-07 01:07:53,023 - utils_logger - INFO: Сформирован список трназакций за указанный период
2025-11-07 01:07:53,023 - utils_logger - INFO: Сформирован список трназакций за указанный период
2025-11-07 01:07:53,024 - utils_logger - INFO: Сформирован список трназакций за указанный период
2025-11-07 01:07:53,024 - utils_logger - INFO: Сформирован список трназакций за указанный период
2025-11-07 01:07:53,024 - utils_logger - INFO: Сформирован список трназакций за указанный период
2025-11-07 01:07:53,024 - utils_logger - INFO: Сформирован список трназакций за указанный период
2025-11-07 01:07:53,024 - utils_logger - INFO: Сформирован список трназакций за указанный период
2025-11-07 01:07:53,024 - utils_logger - INFO: Сформирован список трназакций за указанный период
2025-11-07 01:07:53,024 - utils_logger - INFO: Сформирован список трназакций за указанный период
2025-11-07 01:07:53,024 - utils_logger - INFO: Сформирован список трназакций за указанный период
2025-11-07 01:07:53,024 - utils_logger - INFO: Сформирован список трназакций за указанный период
2025-11-07 01:07:53,024 - utils_logger - INFO: Сформирован список трназакций за указанный период
2025-11-07 01:07:53,024 - utils_logger - INFO: Сформирован список трназакций за указанный период
2025-11-07 01:07:53,024 - utils_logger - INFO: Сформирован список трназакций за указанный период
2025-11-07 01:07:53,024 - utils_logger - INFO: Сформирован список трназакций за указанный период
2025-11-07 01:07:53,024 - utils_logger - INFO: Сформирован список трназакций за указанный период
2025-11-07 01:07:53,024 - utils_logger - INFO: Сформирован список трназакций за указанный период
2025-11-07 01:07:53,024 - utils_logger - INFO: Сформирован список трназакций за указанный период
2025-11-07 01:07:53,024 - utils_logger - INFO: Сформирован список трназакций за указанный период
2025-11-07 01:07:53,024 - utils_logger - INFO: Сформирован список трназакций за указанный период
2025-11-07 01:07:53,024 - utils_logger - INFO: Сформирован список трназакций за указанный период
2025-11-07 01:07:53,024 - utils_logger - INFO: Сформирован список трназакций за указанный период
2025-11-07 01:07:53,025 - utils_logger - INFO: Сформирован список трназакций за указанный период
2025-11-07 01:07:53,025 - utils_logger - INFO: Сформирован список трназакций за указанный период
2025-11-07 01:07:53,025 - utils_logger - INFO: Сформирован список трназакций за указанный период
2025-11-07 01:07:53,025 - utils_logger - INFO: Сформирован список трназакций за указанный период
2025-11-07 01:07:53,025 - utils_logger - INFO: Сформирован список трназакций за указанный период
2025-11-07 01:07:53,025 - utils_logger - INFO: Сформирован список трназакций за указанный период
2025-11-07 01:07:53,025 - utils_logger - INFO: Сформирован список трназакций за указанный период
2025-11-07 01:07:53,025 - utils_logger - INFO: Сформирован список трназакций за указанный период
2025-11-07 01:07:53,025 - utils_logger - INFO: Сформирован список трназакций за указанный период
2025-11-07 01:07:53,025 - utils_logger - INFO: Сформирован список трназакций за указанный период
2025-11-07 01:07:53,025 - utils_logger - INFO: Сформирован список трназакций за указанный период
2025-11-07 01:07:53,025 - utils_logger - INFO: Сформирован список трназакций за указанный период
2025-11-07 01:07:53,025 - utils_logger - INFO: Сформирован список трназакций за указанный период
2025-11-07 01:07:53,025 - utils_logger - INFO: Сформирован список трназакций за указанный период
2025-11-07 01:07:53,025 - utils_logger - INFO: Сформирован список трназакций за указанный период
2025-11-07 01:07:53,025 - utils_logger - INFO: Сформирован список трназакций за указанный период
2025-11-07 01:07:53,025 - utils_logger - INFO: Сформирован список трназакций за указанный период
2025-11-07 01:07:53,025 - utils_logger - INFO: Сформирован список трназакций за указанный период
2025-11-07 01:07:53,025 - utils_logger - INFO: Сформирован список трназакций за указанный период
2025-11-07 01:07:53,025 - utils_logger - INFO: Сформирован список трназакций за указанный период
2025-11-07 01:07:53,025 - utils_logger - INFO: Сформирован список трназакций за указанный период
2025-11-07 01:07:53,025 - utils_logger - INFO: Сформирован список трназакций за указанный период
2025-11-07 01:07:53,025 - utils_logger - INFO: Сформирован список трназакций за указанный период
2025-11-07 01:07:53,026 - utils_logger - INFO: Сформирован список трназакций за указанный период
2025-11-07 01:07:53,026 - utils_logger - INFO: Сформирован список трназакций за указанный период
2025-11-07 01:07:53,026 - utils_logger - INFO: Сформирован список трназакций за указанный период
2025-11-07 01:07:53,026 - utils_logger - INFO: Сформирован список трназакций за указанный период
2025-11-07 01:07:53,026 - utils_logger - INFO: Сформирован список трназакций за указанный период
2025-11-07 01:07:53,026 - utils_logger - INFO: Сформирован список трназакций за указанный период
2025-11-07 01:07:53,026 - utils_logger - INFO: Сформирован список трназакций за указанный период
2025-11-07 01:07:53,026 - utils_logger - INFO: Сформирован список трназакций за указанный период
2025-11-07 01:07:53,026 - utils_logger - INFO: Сформирован список трназакций за указанный период
2025-11-07 01:07:53,026 - utils_logger - INFO: Сформирован список трназакций за указанный период
2025-11-07 01:07:53,026 - utils_logger - INFO: Сформирован список трназакций за указанный период
2025-11-07 01:07:53,026 - utils_logger - INFO: Сформирован список трназакций за указанный период
2025-11-07 01:07:53,026 - utils_logger - INFO: Сформирован список трназакций за указанный период
2025-11-07 01:07:53,026 - utils_logger - INFO: Сформирован список трназакций за указанный период
2025-11-07 01:07:53,026 - utils_logger - INFO: Сформирован список трназакций за указанный период
2025-11-07 01:07:53,026 - utils_logger - INFO: Сформирован список трназакций за указанный период
2025-11-07 01:07:53,026 - utils_logger - INFO: Сформирован список трназакций за указанный период
2025-11-07 01:07:53,026 - utils_logger - INFO: Сформирован список трназакций за указанный период
2025-11-07 01:07:53,026 - utils_logger - INFO: Сформирован список трназакций за указанный период
2025-11-07 01:07:53,026 - utils_logger - INFO: Сформирован список трназакций за указанный период
2025-11-07 01:07:53,026 - utils_logger - INFO: Сформирован список трназакций за указанный период
2025-11-07 01:07:53,026 - utils_logger - INFO: Сформирован список трназакций за указанный период
2025-11-07 01:07:53,026 - utils_logger - INFO: Сформирован список трназакций за указанный период
2025-11-07 01:07:53,027 - utils_logger - INFO: Сформирован список трназакций за указанный период
2025-11-07 01:07:53,027 - utils_logger - INFO: Сформирован список трназакций за указанный период
2025-11-07 01:07:53,027 - utils_logger - INFO: Сформирован список трназакций за указанный период
2025-11-07 01:07:53,027 - utils_logger - INFO: Сформирован список трназакций за указанный период
2025-11-07 01:07:53,027 - utils_logger - INFO: Сформирован список трназакций за указанный период
2025-11-07 01:07:53,027 - utils_logger - INFO: Сформирован список трназакций за указанный период
2025-11-07 01:07:53,027 - utils_logger - INFO: Сформирован список трназакций за указанный период
2025-11-07 01:07:53,027 - utils_logger - INFO: Сформирован список трназакций за указанный период
2025-11-07 01:07:53,027 - utils_logger - INFO: Сформирован список трназакций за указанный период
2025-11-07 01:07:53,027 - utils_logger - INFO: Сформирован список трназакций за указанный период
2025-11-07 01:07:53,027 - utils_logger - INFO: Сформирован список трназакций за указанный период
2025-11-07 01:07:53,027 - utils_logger - INFO: Сформирован список трназакций за указанный период
2025-11-07 01:07:53,027 - utils_logger - INFO: Сформирован список трназакций за указанный период
2025-11-07 01:07:53,027 - utils_logger - INFO: Сформирован список трназакций за указанный период
2025-11-07 01:07:53,027 - utils_logger - INFO: Сформирован список трназакций за указанный период
2025-11-07 01:07:53,027 - utils_logger - INFO: Сформирован список трназакций за указанный период
2025-11-07 01:07:53,027 - utils_logger - INFO: Сформирован список трназакций за указанный период
2025-11-07 01:07:53,027 - utils_logger - INFO: Сформирован список трназакций за указанный период
2025-11-07 01:07:53,027 - utils_logger - INFO: Сформирован список трназакций за указанный период
2025-11-07 01:07:53,027 - utils_logger - INFO: Сформирован список трназакций за указанный период
2025-11-07 01:07:53,027 - utils_logger - INFO: Сформирован список трназакций за указанный период
2025-11-07 01:07:53,027 - utils_logger - INFO: Сформирован список трназакций за указанный период
2025-11-07 01:07:53,028 - utils_logger - INFO: Сформирован список трназакций за указанный период
2025-11-07 01:07:53,028 - utils_logger - INFO: Сформирован список трназакций за указанный период
2025-11-07 01:07:53,028 - utils_logger - INFO: Сформирован список трназакций за указанный период
2025-11-07 01:07:53,028 - utils_logger - INFO: Сформирован список трназакций за указанный период
2025-11-07 01:07:53,028 - utils_logger - INFO: Сформирован список трназакций за указанный период
2025-11-07 01:07:53,028 - utils_logger - INFO: Сформирован список трназакций за указанный период
2025-11-07 01:07:53,028 - utils_logger - INFO: Сформирован список трназакций за указанный период
2025-11-07 01:07:53,028 - utils_logger - INFO: Сформирован список трназакций за указанный период
2025-11-07 01:07:53,028 - utils_logger - INFO: Сформирован список трназакций за указанный период
2025-11-07 01:07:53,028 - utils_logger - INFO: Сформирован список трназакций за указанный период
2025-11-07 01:07:53,028 - utils_logger - INFO: Сформирован список трназакций за указанный период
2025-11-07 01:07:53,028 - utils_logger - INFO: Сформирован список трназакций за указанный период
2025-11-07 01:07:53,028 - utils_logger - INFO: Сформирован список трназакций за указанный период
2025-11-07 01:07:53,028 - utils_logger - INFO: Сформирован список трназакций за указанный период
2025-11-07 01:07:53,028 - utils_logger - INFO: Сформирован список трназакций за указанный период
2025-11-07 01:07:53,028 - utils_logger - INFO: Сформирован список трназакций за указанный период
2025-11-07 01:07:53,028 - utils_logger - INFO: Сформирован список трназакций за указанный период
2025-11-07 01:07:53,028 - utils_logger - INFO: Сформирован список трназакций за указанный период
2025-11-07 01:07:53,028 - utils_logger - INFO: Сформирован список трназакций за указанный период
2025-11-07 01:07:53,028 - utils_logger - INFO: Сформирован список трназакций за указанный период
2025-11-07 01:07:53,028 - utils_logger - INFO: Сформирован список трназакций за указанный период
2025-11-07 01:07:53,028 - utils_logger - INFO: Сформирован список трназакций за указанный период
2025-11-07 01:07:53,028 - utils_logger - INFO: Сформирован список трназакций за указанный период
2025-11-07 01:07:53,029 - utils_logger - INFO: Сформирован список трназакций за указанный период
2025-11-07 01:07:53,029 - utils_logger - INFO: Сформирован список трназакций за указанный период
2025-11-07 01:07:53,029 - utils_logger - INFO: Сформирован список трназакций за указанный период
2025-11-07 01:07:53,029 - utils_logger - INFO: Сформирован список трназакций за указанный период
2025-11-07 01:07:53,029 - utils_logger - INFO: Сформирован список трназакций за указанный период
2025-11-07 01:07:53,029 - utils_logger - INFO: Сформирован список трназакций за указанный период
2025-11-07 01:07:53,029 - utils_logger - INFO: Сформирован список трназакций за указанный период
2025-11-07 01:07:53,029 - utils_logger - INFO: Сформирован список трназакций за указанный период
2025-11-07 01:07:53,029 - utils_logger - INFO: Сформирован список трназакций за указанный период
2025-11-07 01:07:53,029 - utils_logger - INFO: Сформирован список трназакций за указанный период
2025-11-07 01:07:53,029 - utils_logger - INFO: Сформирован список трназакций за указанный период
2025-11-07 01:07:53,029 - utils_logger - INFO: Сформирован список трназакций за указанный период
2025-11-07 01:07:53,029 - utils_logger - INFO: Сформирован список трназакций за указанный период
2025-11-07 01:07:53,029 - utils_logger - INFO: Сформирован список трназакций за указанный период
2025-11-07 01:07:53,029 - utils_logger - INFO: Сформирован список трназакций за указанный период
2025-11-07 01:07:53,029 - utils_logger - INFO: Сформирован список трназакций за указанный период
2025-11-07 01:07:53,029 - utils_logger - INFO: Сформирован список трназакций за указанный период
2025-11-07 01:07:53,029 - utils_logger - INFO: Сформирован список трназакций за указанный период
2025-11-07 01:07:53,029 - utils_logger - INFO: Сформирован список трназакций за указанный период
2025-11-07 01:07:53,029 - utils_logger - INFO: Сформирован список трназакций за указанный период
2025-11-07 01:07:53,029 - utils_logger - INFO: Сформирован список трназакций за указанный период
2025-11-07 01:07:53,029 - utils_logger - INFO: Сформирован список трназакций за указанный период
2025-11-07 01:07:53,030 - utils_logger - INFO: Сформирован список трназакций за указанный период
2025-11-07 01:07:53,030 - utils_logger - INFO: Сформирован список трназакций за указанный период
2025-11-07 01:07:53,030 - utils_logger - INFO: Сформирован список трназакций за указанный период
2025-11-07 01:07:53,030 - utils_logger - INFO: Сформирован список трназакций за указанный период
2025-11-07 01:07:53,030 - utils_logger - INFO: Сформирован список трназакций за указанный период
2025-11-07 01:07:53,030 - utils_logger - INFO: Сформирован список трназакций за указанный период
2025-11-07 01:07:53,030 - utils_logger - INFO: Сформирован список трназакций за указанный период
2025-11-07 01:07:53,030 - utils_logger - INFO: Сформирован список трназакций за указанный период
2025-11-07 01:07:53,030 - utils_logger - INFO: Сформирован список трназакций за указанный период
2025-11-07 01:07:53,030 - utils_logger - INFO: Сформирован список трназакций за указанный период
2025-11-07 01:07:53,030 - utils_logger - INFO: Сформирован список трназакций за указанный период
2025-11-07 01:07:53,030 - utils_logger - INFO: Сформирован список трназакций за указанный период
2025-11-07 01:07:53,030 - utils_logger - INFO: Сформирован список трназакций за указанный период
2025-11-07 01:07:53,030 - utils_logger - INFO: Сформирован список трназакций за указанный период
2025-11-07 01:07:53,030 - utils_logger - INFO: Сформирован список трназакций за указанный период
2025-11-07 01:07:53,030 - utils_logger - INFO: Сформирован список трназакций за указанный период
2025-11-07 01:07:53,030 - utils_logger - INFO: Сформирован список трназакций за указанный период
2025-11-07 01:07:53,030 - utils_logger - INFO: Сформирован список трназакций за указанный период
2025-11-07 01:07:53,030 - utils_logger - INFO: Сформирован список трназакций за указанный период
2025-11-07 01:07:53,030 - utils_logger - INFO: Сформирован список трназакций за указанный период
2025-11-07 01:07:53,030 - utils_logger - INFO: Сформирован список трназакций за указанный период
2025-11-07 01:07:53,030 - utils_logger - INFO: Сформирован список трназакций за указанный период
2025-11-07 01:07:53,030 - utils_logger - INFO: Сформирован список трназакций за указанный период
2025-11-07 01:07:53,031 - utils_logger - INFO: Сформирован список трназакций за указанный период
2025-11-07 01:07:53,031 - utils_logger - INFO: Сформирован список трназакций за указанный период
2025-11-07 01:07:53,031 - utils_logger - INFO: Сформирован список трназакций за указанный период
2025-11-07 01:07:53,031 - utils_logger - INFO: Сформирован список трназакций за указанный период
2025-11-07 01:07:53,031 - utils_logger - INFO: Сформирован список трназакций за указанный период
2025-11-07 01:07:53,031 - utils_logger - INFO: Сформирован список трназакций за указанный период
2025-11-07 01:07:53,031 - utils_logger - INFO: Сформирован список трназакций за указанный период
2025-11-07 01:07:53,031 - utils_logger - INFO: Сформирован список трназакций за указанный период
2025-11-07 01:07:53,031 - utils_logger - INFO: Сформирован список трназакций за указанный период
2025-11-07 01:07:53,031 - utils_logger - INFO: Сформирован список трназакций за указанный период
2025-11-07 01:07:53,031 - utils_logger - INFO: Сформирован список трназакций за указанный период
2025-11-07 01:07:53,031 - utils_logger - INFO: Сформирован список трназакций за указанный период
2025-11-07 01:07:53,031 - utils_logger - INFO: Сформирован список трназакций за указанный период
2025-11-07 01:07:53,031 - utils_logger - INFO: Сформирован список трназакций за указанный период
2025-11-07 01:07:53,031 - utils_logger - INFO: Сформирован список трназакций за указанный период
2025-11-07 01:07:53,031 - utils_logger - INFO: Сформирован список трназакций за указанный период
2025-11-07 01:07:53,031 - utils_logger - INFO: Сформирован список трназакций за указанный период
2025-11-07 01:07:53,031 - utils_logger - INFO: Сформирован список трназакций за указанный период
2025-11-07 01:07:53,031 - utils_logger - INFO: Сформирован список трназакций за указанный период
2025-11-07 01:07:53,031 - utils_logger - INFO: Сформирован список трназакций за указанный период
2025-11-07 01:07:53,031 - utils_logger - INFO: Сформирован список трназакций за указанный период
2025-11-07 01:07:53,031 - utils_logger - INFO: Сформирован список трназакций за указанный период
2025-11-07 01:07:53,032 - utils_logger - INFO: Сформирован список трназакций за указанный период
2025-11-07 01:07:53,032 - utils_logger - INFO: Сформирован список трназакций за указанный период
2025-11-07 01:07:53,032 - utils_logger - INFO: Сформирован список трназакций за указанный период
2025-11-07 01:07:53,032 - utils_logger - INFO: Сформирован список трназакций за указанный период
2025-11-07 01:07:53,032 - utils_logger - INFO: Сформирован список трназакций за указанный период
2025-11-07 01:07:53,032 - utils_logger - INFO: Сформирован список трназакций за указанный период
2025-11-07 01:07:53,032 - utils_logger - INFO: Сформирован список трназакций за указанный период
2025-11-07 01:07:53,032 - utils_logger - INFO: Сформирован список трназакций за указанный период
2025-11-07 01:07:53,032 - utils_logger - INFO: Сформирован список трназакций за указанный период
2025-11-07 01:07:53,032 - utils_logger - INFO: Сформирован список трназакций за указанный период
2025-11-07 01:07:53,032 - utils_logger - INFO: Сформирован список трназакций за указанный период
2025-11-07 01:07:53,032 - utils_logger - INFO: Сформирован список трназакций за указанный период
2025-11-07 01:07:53,032 - utils_logger - INFO: Сформирован список трназакций за указанный период
2025-11-07 01:07:53,032 - utils_logger - INFO: Сформирован список трназакций за указанный период
2025-11-07 01:07:53,032 - utils_logger - INFO: Сформирован список трназакций за указанный период
2025-11-07 01:07:53,032 - utils_logger - INFO: Сформирован список трназакций за указанный период
2025-11-07 01:07:53,032 - utils_logger - INFO: Сформирован список трназакций за указанный период
2025-11-07 01:07:53,032 - utils_logger - INFO: Сформирован список трназакций за указанный период
2025-11-07 01:07:53,032 - utils_logger - INFO: Сформирован список трназакций за указанный период
2025-11-07 01:07:53,032 - utils_logger - INFO: Сформирован список трназакций за указанный период
2025-11-07 01:07:53,032 - utils_logger - INFO: Сформирован список трназакций за указанный период
2025-11-07 01:07:53,032 - utils_logger - INFO: Сформирован список трназакций за указанный период
2025-11-07 01:07:53,032 - utils_logger - INFO: Сформирован список трназакций за указанный период
2025-11-07 01:07:53,033 - utils_logger - INFO: Сформирован список трназакций за указанный период
2025-11-07 01:07:53,033 - utils_logger - INFO: Сформирован список трназакций за указанный период
2025-11-07 01:07:53,033 - utils_logger - INFO: Сформирован список трназакций за указанный период
2025-11-07 01:07:53,033 - utils_logger - INFO: Сформирован список трназакций за указанный период
2025-11-07 01:07:53,033 - utils_logger - INFO: Сформирован список трназакций за указанный период
2025-11-07 01:07:53,033 - utils_logger - INFO: Сформирован список трназакций за указанный период
2025-11-07 01:07:53,033 - utils_logger - INFO: Сформирован список трназакций за указанный период
2025-11-07 01:07:53,033 - utils_logger - INFO: Сформирован список трназакций за указанный период
2025-11-07 01:07:53,033 - utils_logger - INFO: Сформирован список трназакций за указанный период
2025-11-07 01:07:53,033 - utils_logger - INFO: Сформирован список трназакций за указанный период
2025-11-07 01:07:53,033 - utils_logger - INFO: Сформирован список трназакций за указанный период
2025-11-07 01:07:53,033 - utils_logger - INFO: Сформирован список трназакций за указанный период
2025-11-07 01:07:53,033 - utils_logger - INFO: Сформирован список трназакций за указанный период
2025-11-07 01:07:53,033 - utils_logger - INFO: Сформирован список трназакций за указанный период
2025-11-07 01:07:53,033 - utils_logger - INFO: Сформирован список трназакций за указанный период
2025-11-07 01:07:53,033 - utils_logger - INFO: Сформирован список трназакций за указанный период
2025-11-07 01:07:53,033 - utils_logger - INFO: Сформирован список трназакций за указанный период
2025-11-07 01:07:53,033 - utils_logger - INFO: Сформирован список трназакций за указанный период
2025-11-07 01:07:53,033 - utils_logger - INFO: Сформирован список трназакций за указанный период
2025-11-07 01:07:53,033 - utils_logger - INFO: Сформирован список трназакций за указанный период
2025-11-07 01:07:53,033 - utils_logger - INFO: Сформирован список трназакций за указанный период
2025-11-07 01:07:53,033 - utils_logger - INFO: Сформирован список трназакций за указанный период
2025-11-07 01:07:53,034 - utils_logger - INFO: Сформирован список трназакций за указанный период
2025-11-07 01:07:53,034 - utils_logger - INFO: Сформирован список трназакций за указанный период
2025-11-07 01:07:53,034 - utils_logger - INFO: Сформирован список трназакций за указанный период
2025-11-07 01:07:53,034 - utils_logger - INFO: Сформирован список трназакций за указанный период
2025-11-07 01:07:53,034 - utils_logger - INFO: Сформирован список трназакций за указанный период
2025-11-07 01:07:53,034 - utils_logger - INFO: Сформирован список трназакций за указанный период
2025-11-07 01:07:53,034 - utils_logger - INFO: Сформирован список трназакций за указанный период
2025-11-07 01:07:53,034 - utils_logger - INFO: Сформирован список трназакций за указанный период
2025-11-07 01:07:53,034 - utils_logger - INFO: Сформирован список трназакций за указанный период
2025-11-07 01:07:53,034 - utils_logger - INFO: Сформирован список трназакций за указанный период
2025-11-07 01:07:53,034 - utils_logger - INFO: Сформирован список трназакций за указанный период
2025-11-07 01:07:53,034 - utils_logger - INFO: Сформирован список трназакций за указанный период
2025-11-07 01:07:53,034 - utils_logger - INFO: Сформирован список трназакций за указанный период
2025-11-07 01:07:53,034 - utils_logger - INFO: Сформирован список трназакций за указанный период
2025-11-07 01:07:53,034 - utils_logger - INFO: Сформирован список трназакций за указанный период
2025-11-07 01:07:53,034 - utils_logger - INFO: Сформирован список трназакций за указанный период
2025-11-07 01:07:53,034 - utils_logger - INFO: Сформирован список трназакций за указанный период
2025-11-07 01:07:53,034 - utils_logger - INFO: Сформирован список трназакций за указанный период
2025-11-07 01:07:53,034 - utils_logger - INFO: Сформирован список трназакций за указанный период
2025-11-07 01:07:53,034 - utils_logger - INFO: Сформирован список трназакций за указанный период
2025-11-07 01:07:53,034 - utils_logger - INFO: Сформирован список трназакций за указанный период
2025-11-07 01:07:53,034 - utils_logger - INFO: Сформирован список трназакций за указанный период
2025-11-07 01:07:53,034 - utils_logger - INFO: Сформирован список трназакций за указанный период
2025-11-07 01:07:53,035 - utils_logger - INFO: Сформирован список трназакций за указанный период
2025-11-07 01:07:53,035 - utils_logger - INFO: Сформирован список трназакций за указанный период
2025-11-07 01:07:53,035 - utils_logger - INFO: Сформирован список трназакций за указанный период
2025-11-07 01:07:53,035 - utils_logger - INFO: Сформирован список трназакций за указанный период
2025-11-07 01:07:53,035 - utils_logger - INFO: Сформирован список трназакций за указанный период
2025-11-07 01:07:53,035 - utils_logger - INFO: Сформирован список трназакций за указанный период
2025-11-07 01:07:53,035 - utils_logger - INFO: Сформирован список трназакций за указанный период
2025-11-07 01:07:53,035 - utils_logger - INFO: Сформирован список трназакций за указанный период
2025-11-07 01:07:53,035 - utils_logger - INFO: Сформирован список трназакций за указанный период
2025-11-07 01:07:53,035 - utils_logger - INFO: Сформирован список трназакций за указанный период
2025-11-07 01:07:53,035 - utils_logger - INFO: Сформирован список трназакций за указанный период
2025-11-07 01:07:53,035 - utils_logger - INFO: Сформирован список трназакций за указанный период
2025-11-07 01:07:53,035 - utils_logger - INFO: Сформирован список трназакций за указанный период
2025-11-07 01:07:53,035 - utils_logger - INFO: Сформирован список трназакций за указанный период
2025-11-07 01:07:53,035 - utils_logger - INFO: Сформирован список трназакций за указанный период
2025-11-07 01:07:53,035 - utils_logger - INFO: Сформирован список трназакций за указанный период
2025-11-07 01:07:53,035 - utils_logger - INFO: Сформирован список трназакций за указанный период
2025-11-07 01:07:53,035 - utils_logger - INFO: Сформирован список трназакций за указанный период
2025-11-07 01:07:53,035 - utils_logger - INFO: Сформирован список трназакций за указанный период
2025-11-07 01:07:53,035 - utils_logger - INFO: Сформирован список трназакций за указанный период
2025-11-07 01:07:53,035 - utils_logger - INFO: Сформирован список трназакций за указанный период
2025-11-07 01:07:53,035 - utils_logger - INFO: Сформирован список трназакций за указанный период
2025-11-07 01:07:53,035 - utils_logger - INFO: Сформирован список трназакций за указанный период
2025-11-07 01:07:53,036 - utils_logger - INFO: Сформирован список трназакций за указанный период
2025-11-07 01:07:53,036 - utils_logger - INFO: Сформирован список трназакций за указанный период
2025-11-07 01:07:53,036 - utils_logger - INFO: Сформирован список трназакций за указанный период
2025-11-07 01:07:53,036 - utils_logger - INFO: Сформирован список трназакций за указанный период
2025-11-07 01:07:53,036 - utils_logger - INFO: Сформирован список трназакций за указанный период
2025-11-07 01:07:53,036 - utils_logger - INFO: Сформирован список трназакций за указанный период
2025-11-07 01:07:53,036 - utils_logger - INFO: Сформирован список трназакций за указанный период
2025-11-07 01:07:53,036 - utils_logger - INFO: Сформирован список трназакций за указанный период
2025-11-07 01:07:53,036 - utils_logger - INFO: Сформирован список трназакций за указанный период
2025-11-07 01:07:53,036 - utils_logger - INFO: Сформирован список трназакций за указанный период
2025-11-07 01:07:53,036 - utils_logger - INFO: Сформирован список трназакций за указанный период
2025-11-07 01:07:53,036 - utils_logger - INFO: Сформирован список трназакций за указанный период
2025-11-07 01:07:53,036 - utils_logger - INFO: Сформирован список трназакций за указанный период
2025-11-07 01:07:53,036 - utils_logger - INFO: Сформирован список трназакций за указанный период
2025-11-07 01:07:53,036 - utils_logger - INFO: Сформирован список трназакций за указанный период
2025-11-07 01:07:53,036 - utils_logger - INFO: Сформирован список трназакций за указанный период
2025-11-07 01:07:53,036 - utils_logger - INFO: Сформирован список трназакций за указанный период
2025-11-07 01:07:53,036 - utils_logger - INFO: Сформирован список трназакций за указанный период
2025-11-07 01:07:53,036 - utils_logger - INFO: Сформирован список трназакций за указанный период
2025-11-07 01:07:53,036 - utils_logger - INFO: Сформирован список трназакций за указанный период
2025-11-07 01:07:53,036 - utils_logger - INFO: Сформирован список трназакций за указанный период
2025-11-07 01:07:53,036 - utils_logger - INFO: Сформирован список трназакций за указанный период
2025-11-07 01:07:53,037 - utils_logger - INFO: Сформирован список трназакций за указанный период
2025-11-07 01:07:53,037 - utils_logger - INFO: Сформирован список трназакций за указанный период
2025-11-07 01:07:53,037 - utils_logger - INFO: Сформирован список трназакций за указанный период
2025-11-07 01:07:53,037 - utils_logger - INFO: Сформирован список трназакций за указанный период
2025-11-07 01:07:53,037 - utils_logger - INFO: Сформирован список трназакций за указанный период
2025-11-07 01:07:53,037 - utils_logger - INFO: Сформирован список трназакций за указанный период
2025-11-07 01:07:53,037 - utils_logger - INFO: Сформирован список трназакций за указанный период
2025-11-07 01:07:53,037 - utils_logger - INFO: Сформирован список трназакций за указанный период
2025-11-07 01:07:53,037 - utils_logger - INFO: Сформирован список трназакций за указанный период
2025-11-07 01:07:53,037 - utils_logger - INFO: Сформирован список трназакций за указанный период
2025-11-07 01:07:53,037 - utils_logger - INFO: Сформирован список трназакций за указанный период
2025-11-07 01:07:53,037 - utils_logger - INFO: Сформирован список трназакций за указанный период
2025-11-07 01:07:53,037 - utils_logger - INFO: Сформирован список трназакций за указанный период
2025-11-07 01:07:53,037 - utils_logger - INFO: Сформирован список трназакций за указанный период
2025-11-07 01:07:53,037 - utils_logger - INFO: Сформирован список трназакций за указанный период
2025-11-07 01:07:53,037 - utils_logger - INFO: Сформирован список трназакций за указанный период
2025-11-07 01:07:53,037 - utils_logger - INFO: Сформирован список трназакций за указанный период
2025-11-07 01:07:53,037 - utils_logger - INFO: Сформирован список трназакций за указанный период
2025-11-07 01:07:53,037 - utils_logger - INFO: Сформирован список трназакций за указанный период
2025-11-07 01:07:53,037 - utils_logger - INFO: Сформирован список трназакций за указанный период
2025-11-07 01:07:53,037 - utils_logger - INFO: Сформирован список трназакций за указанный период
2025-11-07 01:07:53,037 - utils_logger - INFO: Сформирован список трназакций за указанный период
2025-11-07 01:07:53,038 - utils_logger - INFO: Сформирован список трназакций за указанный период
2025-11-07 01:07:53,038 - utils_logger - INFO: Сформирован список трназакций за указанный период
2025-11-07 01:07:53,038 - utils_logger - INFO: Сформирован список трназакций за указанный период
2025-11-07 01:07:53,038 - utils_logger - INFO: Сформирован список трназакций за указанный период
2025-11-07 01:07:53,038 - utils_logger - INFO: Сформирован список трназакций за указанный период
2025-11-07 01:07:53,038 - utils_logger - INFO: Сформирован список трназакций за указанный период
2025-11-07 01:07:53,038 - utils_logger - INFO: Сформирован список трназакций за указанный период
2025-11-07 01:07:53,038 - utils_logger - INFO: Сформирован список трназакций за указанный период
2025-11-07 01:07:53,038 - utils_logger - INFO: Сформирован список трназакций за указанный период
2025-11-07 01:07:53,038 - utils_logger - INFO: Сформирован список трназакций за указанный период
2025-11-07 01:07:53,038 - utils_logger - INFO: Сформирован список трназакций за указанный период
2025-11-07 01:07:53,038 - utils_logger - INFO: Сформирован список трназакций за указанный период
2025-11-07 01:07:53,038 - utils_logger - INFO: Сформирован список трназакций за указанный период
2025-11-07 01:07:53,038 - utils_logger - INFO: Сформирован список трназакций за указанный период
2025-11-07 01:07:53,038 - utils_logger - INFO: Сформирован список трназакций за указанный период
2025-11-07 01:07:53,038 - utils_logger - INFO: Сформирован список трназакций за указанный период
2025-11-07 01:07:53,038 - utils_logger - INFO: Сформирован список трназакций за указанный период
2025-11-07 01:07:53,038 - utils_logger - INFO: Сформирован список трназакций за указанный период
2025-11-07 01:07:53,038 - utils_logger - INFO: Сформирован список трназакций за указанный период
2025-11-07 01:07:53,038 - utils_logger - INFO: Сформирован список трназакций за указанный период
2025-11-07 01:07:53,038 - utils_logger - INFO: Сформирован список трназакций за указанный период
2025-11-07 01:07:53,038 - utils_logger - INFO: Сформирован список трназакций за указанный период
2025-11-07 01:07:53,038 - utils_logger - INFO: Сформирован список трназакций за указанный период
2025-11-07 01:07:53,039 - utils_logger - INFO: Сформирован список трназакций за указанный период
2025-11-07 01:07:53,039 - utils_logger - INFO: Сформирован список трназакций за указанный период
2025-11-07 01:07:53,039 - utils_logger - INFO: Сформирован список трназакций за указанный период
2025-11-07 01:07:53,039 - utils_logger - INFO: Сформирован список трназакций за указанный период
2025-11-07 01:07:53,039 - utils_logger - INFO: Сформирован список трназакций за указанный период
2025-11-07 01:07:53,039 - utils_logger - INFO: Сформирован список трназакций за указанный период
2025-11-07 01:07:53,039 - utils_logger - INFO: Сформирован список трназакций за указанный период
2025-11-07 01:07:53,039 - utils_logger - INFO: Сформирован список трназакций за указанный период
2025-11-07 01:07:53,039 - utils_logger - INFO: Сформирован список трназакций за указанный период
2025-11-07 01:07:53,039 - utils_logger - INFO: Сформирован список трназакций за указанный период
2025-11-07 01:07:53,039 - utils_logger - INFO: Сформирован список трназакций за указанный период
2025-11-07 01:07:53,039 - utils_logger - INFO: Сформирован список трназакций за указанный период
2025-11-07 01:07:53,039 - utils_logger - INFO: Сформирован список трназакций за указанный период
2025-11-07 01:07:53,039 - utils_logger - INFO: Сформирован список трназакций за указанный период
2025-11-07 01:07:53,039 - utils_logger - INFO: Сформирован список трназакций за указанный период
2025-11-07 01:07:53,039 - utils_logger - INFO: Сформирован список трназакций за указанный период
2025-11-07 01:07:53,039 - utils_logger - INFO: Сформирован список трназакций за указанный период
2025-11-07 01:07:53,039 - utils_logger - INFO: Сформирован список трназакций за указанный период
2025-11-07 01:07:53,039 - utils_logger - INFO: Сформирован список трназакций за указанный период
2025-11-07 01:07:53,039 - utils_logger - INFO: Сформирован список трназакций за указанный период
2025-11-07 01:07:53,039 - utils_logger - INFO: Сформирован список трназакций за указанный период
2025-11-07 01:07:53,039 - utils_logger - INFO: Сформирован список трназакций за указанный период
2025-11-07 01:07:53,039 - utils_logger - INFO: Сформирован список трназакций за указанный период
2025-11-07 01:07:53,040 - utils_logger - INFO: Сформирован список трназакций за указанный период
2025-11-07 01:07:53,040 - utils_logger - INFO: Сформирован список трназакций за указанный период
2025-11-07 01:07:53,040 - utils_logger - INFO: Сформирован список трназакций за указанный период
2025-11-07 01:07:53,040 - utils_logger - INFO: Сформирован список трназакций за указанный период
2025-11-07 01:07:53,040 - utils_logger - INFO: Сформирован список трназакций за указанный период
2025-11-07 01:07:53,040 - utils_logger - INFO: Сформирован список трназакций за указанный период
2025-11-07 01:07:53,040 - utils_logger - INFO: Сформирован список трназакций за указанный период
2025-11-07 01:07:53,040 - utils_logger - INFO: Сформирован список трназакций за указанный период
2025-11-07 01:07:53,040 - utils_logger - INFO: Сформирован список трназакций за указанный период
2025-11-07 01:07:53,040 - utils_logger - INFO: Сформирован список трназакций за указанный период
2025-11-07 01:07:53,040 - utils_logger - INFO: Сформирован список трназакций за указанный период
2025-11-07 01:07:53,040 - utils_logger - INFO: Сформирован список трназакций за указанный период
2025-11-07 01:07:53,040 - utils_logger - INFO: Сформирован список трназакций за указанный период
2025-11-07 01:07:53,040 - utils_logger - INFO: Сформирован список трназакций за указанный период
2025-11-07 01:07:53,040 - utils_logger - INFO: Сформирован список трназакций за указанный период
2025-11-07 01:07:53,040 - utils_logger - INFO: Сформирован список трназакций за указанный период
2025-11-07 01:07:53,040 - utils_logger - INFO: Сформирован список трназакций за указанный период
2025-11-07 01:07:53,040 - utils_logger - INFO: Сформирован список трназакций за указанный период
2025-11-07 01:07:53,040 - utils_logger - INFO: Сформирован список трназакций за указанный период
2025-11-07 01:07:53,040 - utils_logger - INFO: Сформирован список трназакций за указанный период
2025-11-07 01:07:53,040 - utils_logger - INFO: Сформирован список трназакций за указанный период
2025-11-07 01:07:53,040 - utils_logger - INFO: Сформирован список трназакций за указанный период
2025-11-07 01:07:53,041 - utils_logger - INFO: Сформирован список трназакций за указанный период
2025-11-07 01:07:53,041 - utils_logger - INFO: Сформирован список трназакций за указанный период
2025-11-07 01:07:53,041 - utils_logger - INFO: Сформирован список трназакций за указанный период
2025-11-07 01:07:53,041 - utils_logger - INFO: Сформирован список трназакций за указанный период
2025-11-07 01:07:53,041 - utils_logger - INFO: Сформирован список трназакций за указанный период
2025-11-07 01:07:53,041 - utils_logger - INFO: Сформирован список трназакций за указанный период
2025-11-07 01:07:53,041 - utils_logger - INFO: Сформирован список трназакций за указанный период
2025-11-07 01:07:53,041 - utils_logger - INFO: Сформирован список трназакций за указанный период
2025-11-07 01:07:53,041 - utils_logger - INFO: Сформирован список трназакций за указанный период
2025-11-07 01:07:53,041 - utils_logger - INFO: Сформирован список трназакций за указанный период
2025-11-07 01:07:53,041 - utils_logger - INFO: Сформирован список трназакций за указанный период
2025-11-07 01:07:53,041 - utils_logger - INFO: Сформирован список трназакций за указанный период
2025-11-07 01:07:53,041 - utils_logger - INFO: Сформирован список трназакций за указанный период
2025-11-07 01:07:53,041 - utils_logger - INFO: Сформирован список трназакций за указанный период
2025-11-07 01:07:53,041 - utils_logger - INFO: Сформирован список трназакций за указанный период
2025-11-07 01:07:53,041 - utils_logger - INFO: Сформирован список трназакций за указанный период
2025-11-07 01:07:53,041 - utils_logger - INFO: Сформирован список трназакций за указанный период
2025-11-07 01:07:53,041 - utils_logger - INFO: Сформирован список трназакций за указанный период
2025-11-07 01:07:53,041 - utils_logger - INFO: Сформирован список трназакций за указанный период
2025-11-07 01:07:53,041 - utils_logger - INFO: Сформирован список трназакций за указанный период
2025-11-07 01:07:53,041 - utils_logger - INFO: Сформирован список трназакций за указанный период
2025-11-07 01:07:53,041 - utils_logger - INFO: Сформирован список трназакций за указанный период
2025-11-07 01:07:53,041 - utils_logger - INFO: Сформирован список трназакций за указанный период
2025-11-07 01:07:53,042 - utils_logger - INFO: Сформирован список трназакций за указанный период
2025-11-07 01:07:53,042 - utils_logger - INFO: Сформирован список трназакций за указанный период
2025-11-07 01:07:53,042 - utils_logger - INFO: Сформирован список трназакций за указанный период
2025-11-07 01:07:53,042 - utils_logger - INFO: Сформирован список трназакций за указанный период
2025-11-07 01:07:53,042 - utils_logger - INFO: Сформирован список трназакций за указанный период
2025-11-07 01:07:53,042 - utils_logger - INFO: Сформирован список трназакций за указанный период
2025-11-07 01:07:53,042 - utils_logger - INFO: Сформирован список трназакций за указанный период
2025-11-07 01:07:53,042 - utils_logger - INFO: Сформирован список трназакций за указанный период
2025-11-07 01:07:53,042 - utils_logger - INFO: Сформирован список трназакций за указанный период
2025-11-07 01:07:53,042 - utils_logger - INFO: Сформирован список трназакций за указанный период
2025-11-07 01:07:53,042 - utils_logger - INFO: Сформирован список трназакций за указанный период
2025-11-07 01:07:53,042 - utils_logger - INFO: Сформирован список трназакций за указанный период
2025-11-07 01:07:53,042 - utils_logger - INFO: Сформирован список трназакций за указанный период
2025-11-07 01:07:53,042 - utils_logger - INFO: Сформирован список трназакций за указанный период
2025-11-07 01:07:53,042 - utils_logger - INFO: Сформирован список трназакций за указанный период
2025-11-07 01:07:53,042 - utils_logger - INFO: Сформирован список трназакций за указанный период
2025-11-07 01:07:53,042 - utils_logger - INFO: Сформирован список трназакций за указанный период
2025-11-07 01:07:53,042 - utils_logger - INFO: Сформирован список трназакций за указанный период
2025-11-07 01:07:53,042 - utils_logger - INFO: Сформирован список трназакций за указанный период
2025-11-07 01:07:53,042 - utils_logger - INFO: Сформирован список трназакций за указанный период
2025-11-07 01:07:53,042 - utils_logger - INFO: Сформирован список трназакций за указанный период
2025-11-07 01:07:53,042 - utils_logger - INFO: Сформирован список трназакций за указанный период
2025-11-07 01:07:53,043 - utils_logger - INFO: Сформирован список трназакций за указанный период
2025-11-07 01:07:53,043 - utils_logger - INFO: Сформирован список трназакций за указанный период
2025-11-07 01:07:53,043 - utils_logger - INFO: Сформирован список трназакций за указанный период
2025-11-07 01:07:53,043 - utils_logger - INFO: Сформирован список трназакций за указанный период
2025-11-07 01:07:53,043 - utils_logger - INFO: Сформирован список трназакций за указанный период
2025-11-07 01:07:53,043 - utils_logger - INFO: Сформирован список трназакций за указанный период
2025-11-07 01:07:53,043 - utils_logger - INFO: Сформирован список трназакций за указанный период
2025-11-07 01:07:53,043 - utils_logger - INFO: Сформирован список трназакций за указанный период
2025-11-07 01:07:53,043 - utils_logger - INFO: Сформирован список трназакций за указанный период
2025-11-07 01:07:53,043 - utils_logger - INFO: Сформирован список трназакций за указанный период
2025-11-07 01:07:53,043 - utils_logger - INFO: Сформирован список трназакций за указанный период
2025-11-07 01:07:53,043 - utils_logger - INFO: Сформирован список трназакций за указанный период
2025-11-07 01:07:53,043 - utils_logger - INFO: Сформирован список трназакций за указанный период
2025-11-07 01:07:53,043 - utils_logger - INFO: Сформирован список трназакций за указанный период
2025-11-07 01:07:53,043 - utils_logger - INFO: Сформирован список трназакций за указанный период
2025-11-07 01:07:53,043 - utils_logger - INFO: Сформирован список трназакций за указанный период
2025-11-07 01:07:53,043 - utils_logger - INFO: Сформирован список трназакций за указанный период
2025-11-07 01:07:53,043 - utils_logger - INFO: Сформирован список трназакций за указанный период
2025-11-07 01:07:53,043 - utils_logger - INFO: Сформирован список трназакций за указанный период
2025-11-07 01:07:53,043 - utils_logger - INFO: Сформирован список трназакций за указанный период
2025-11-07 01:07:53,043 - utils_logger - INFO: Сформирован список трназакций за указанный период
2025-11-07 01:07:53,044 - utils_logger - INFO: Сформирован список трназакций за указанный период
2025-11-07 01:07:53,044 - utils_logger - INFO: Сформирован список трназакций за указанный период
2025-11-07 01:07:53,044 - utils_logger - INFO: Сформирован список трназакций за указанный период
2025-11-07 01:07:53,044 - utils_logger - INFO: Сформирован список трназакций за указанный период
2025-11-07 01:07:53,044 - utils_logger - INFO: Сформирован список трназакций за указанный период
2025-11-07 01:07:53,044 - utils_logger - INFO: Сформирован список трназакций за указанный период
2025-11-07 01:07:53,044 - utils_logger - INFO: Сформирован список трназакций за указанный период
2025-11-07 01:07:53,044 - utils_logger - INFO: Сформирован список трназакций за указанный период
2025-11-07 01:07:53,044 - utils_logger - INFO: Сформирован список трназакций за указанный период
2025-11-07 01:07:53,044 - utils_logger - INFO: Сформирован список трназакций за указанный период
2025-11-07 01:07:53,044 - utils_logger - INFO: Сформирован список трназакций за указанный период
2025-11-07 01:07:53,044 - utils_logger - INFO: Сформирован список трназакций за указанный период
2025-11-07 01:07:53,044 - utils_logger - INFO: Сформирован список трназакций за указанный период
2025-11-07 01:07:53,044 - utils_logger - INFO: Сформирован список трназакций за указанный период
2025-11-07 01:07:53,044 - utils_logger - INFO: Сформирован список трназакций за указанный период
2025-11-07 01:07:53,044 - utils_logger - INFO: Сформирован список трназакций за указанный период
2025-11-07 01:07:53,044 - utils_logger - INFO: Сформирован список трназакций за указанный период
2025-11-07 01:07:53,044 - utils_logger - INFO: Сформирован список трназакций за указанный период
2025-11-07 01:07:53,044 - utils_logger - INFO: Сформирован список трназакций за указанный период
2025-11-07 01:07:53,044 - utils_logger - INFO: Сформирован список трназакций за указанный период
2025-11-07 01:07:53,045 - utils_logger - INFO: Сформирован список трназакций за указанный период
2025-11-07 01:07:53,045 - utils_logger - INFO: Сформирован список трназакций за указанный период
2025-11-07 01:07:53,045 - utils_logger - INFO: Сформирован список трназакций за указанный период
2025-11-07 01:07:53,045 - utils_logger - INFO: Сформирован список трназакций за указанный период
2025-11-07 01:07:53,045 - utils_logger - INFO: Сформирован список трназакций за указанный период
2025-11-07 01:07:53,045 - utils_logger - INFO: Сформирован список трназакций за указанный период
2025-11-07 01:07:53,045 - utils_logger - INFO: Сформирован список трназакций за указанный период
2025-11-07 01:07:53,045 - utils_logger - INFO: Сформирован список трназакций за указанный период
2025-11-07 01:07:53,045 - utils_logger - INFO: Сформирован список трназакций за указанный период
2025-11-07 01:07:53,045 - utils_logger - INFO: Сформирован список трназакций за указанный период
2025-11-07 01:07:53,045 - utils_logger - INFO: Сформирован список трназакций за указанный период
2025-11-07 01:07:53,045 - utils_logger - INFO: Сформирован список трназакций за указанный период
2025-11-07 01:07:53,045 - utils_logger - INFO: Сформирован список трназакций за указанный период
2025-11-07 01:07:53,045 - utils_logger - INFO: Сформирован список трназакций за указанный период
2025-11-07 01:07:53,045 - utils_logger - INFO: Сформирован список трназакций за указанный период
2025-11-07 01:07:53,045 - utils_logger - INFO: Сформирован список трназакций за указанный период
2025-11-07 01:07:53,045 - utils_logger - INFO: Сформирован список трназакций за указанный период
2025-11-07 01:07:53,045 - utils_logger - INFO: Сформирован список трназакций за указанный период
2025-11-07 01:07:53,045 - utils_logger - INFO: Сформирован список трназакций за указанный период
2025-11-07 01:07:53,045 - utils_logger - INFO: Сформирован список трназакций за указанный период
2025-11-07 01:07:53,045 - utils_logger - INFO: Сформирован список трназакций за указанный период
2025-11-07 01:07:53,046 - utils_logger - INFO: Сформирован список трназакций за указанный период
2025-11-07 01:07:53,046 - utils_logger - INFO: Сформирован список трназакций за указанный период
2025-11-07 01:07:53,046 - utils_logger - INFO: Сформирован список трназакций за указанный период
2025-11-07 01:07:53,046 - utils_logger - INFO: Сформирован список трназакций за указанный период
2025-11-07 01:07:53,046 - utils_logger - INFO: Сформирован список трназакций за указанный период
2025-11-07 01:07:53,046 - utils_logger - INFO: Сформирован список трназакций за указанный период
2025-11-07 01:07:53,046 - utils_logger - INFO: Сформирован список трназакций за указанный период
2025-11-07 01:07:53,046 - utils_logger - INFO: Сформирован список трназакций за указанный период
2025-11-07 01:07:53,046 - utils_logger - INFO: Сформирован список трназакций за указанный период
2025-11-07 01:07:53,046 - utils_logger - INFO: Сформирован список трназакций за указанный период
2025-11-07 01:07:53,046 - utils_logger - INFO: Сформирован список трназакций за указанный период
2025-11-07 01:07:53,046 - utils_logger - INFO: Сформирован список трназакций за указанный период
2025-11-07 01:07:53,046 - utils_logger - INFO: Сформирован список трназакций за указанный период
2025-11-07 01:07:53,046 - utils_logger - INFO: Сформирован список трназакций за указанный период
2025-11-07 01:07:53,046 - utils_logger - INFO: Сформирован список трназакций за указанный период
2025-11-07 01:07:53,046 - utils_logger - INFO: Сформирован список трназакций за указанный период
2025-11-07 01:07:53,046 - utils_logger - INFO: Сформирован список трназакций за указанный период
2025-11-07 01:07:53,046 - utils_logger - INFO: Сформирован список трназакций за указанный период
2025-11-07 01:07:53,046 - utils_logger - INFO: Сформирован список трназакций за указанный период
2025-11-07 01:07:53,047 - utils_logger - INFO: Сформирован список трназакций за указанный период
2025-11-07 01:07:53,047 - utils_logger - INFO: Сформирован список трназакций за указанный период
2025-11-07 01:07:53,047 - utils_logger - INFO: Сформирован список трназакций за указанный период
2025-11-07 01:07:53,047 - utils_logger - INFO: Сформирован список трназакций за указанный период
2025-11-07 01:07:53,047 - utils_logger - INFO: Сформирован список трназакций за указанный период
2025-11-07 01:07:53,047 - utils_logger - INFO: Сформирован список трназакций за указанный период
2025-11-07 01:07:53,047 - utils_logger - INFO: Сформирован список трназакций за указанный период
2025-11-07 01:07:53,047 - utils_logger - INFO: Сформирован список трназакций за указанный период
2025-11-07 01:07:53,047 - utils_logger - INFO: Сформирован список трназакций за указанный период
2025-11-07 01:07:53,047 - utils_logger - INFO: Сформирован список трназакций за указанный период
2025-11-07 01:07:53,047 - utils_logger - INFO: Сформирован список трназакций за указанный период
2025-11-07 01:07:53,047 - utils_logger - INFO: Сформирован список трназакций за указанный период
2025-11-07 01:07:53,047 - utils_logger - INFO: Сформирован список трназакций за указанный период
2025-11-07 01:07:53,047 - utils_logger - INFO: Сформирован список трназакций за указанный период
2025-11-07 01:07:53,047 - utils_logger - INFO: Сформирован список трназакций за указанный период
2025-11-07 01:07:53,047 - utils_logger - INFO: Сформирован список трназакций за указанный период
2025-11-07 01:07:53,047 - utils_logger - INFO: Сформирован список трназакций за указанный период
2025-11-07 01:07:53,047 - utils_logger - INFO: Сформирован список трназакций за указанный период
2025-11-07 01:07:53,047 - utils_logger - INFO: Сформирован список трназакций за указанный период
2025-11-07 01:07:53,047 - utils_logger - INFO: Сформирован список трназакций за указанный период
2025-11-07 01:07:53,047 - utils_logger - INFO: Сформирован список трназакций за указанный период
2025-11-07 01:07:53,047 - utils_logger - INFO: Сформирован список трназакций за указанный период
2025-11-07 01:07:53,048 - utils_logger - INFO: Сформирован список трназакций за указанный период
2025-11-07 01:07:53,048 - utils_logger - INFO: Сформирован список трназакций за указанный период
2025-11-07 01:07:53,048 - utils_logger - INFO: Сформирован список трназакций за указанный период
2025-11-07 01:07:53,048 - utils_logger - INFO: Сформирован список трназакций за указанный период
2025-11-07 01:07:53,048 - utils_logger - INFO: Сформирован список трназакций за указанный период
2025-11-07 01:07:53,048 - utils_logger - INFO: Сформирован список трназакций за указанный период
2025-11-07 01:07:53,048 - utils_logger - INFO: Сформирован список трназакций за указанный период
2025-11-07 01:07:53,048 - utils_logger - INFO: Сформирован список трназакций за указанный период
2025-11-07 01:07:53,048 - utils_logger - INFO: Сформирован список трназакций за указанный период
2025-11-07 01:07:53,048 - utils_logger - INFO: Сформирован список трназакций за указанный период
2025-11-07 01:07:53,048 - utils_logger - INFO: Сформирован список трназакций за указанный период
2025-11-07 01:07:53,048 - utils_logger - INFO: Сформирован список трназакций за указанный период
2025-11-07 01:07:53,048 - utils_logger - INFO: Сформирован список трназакций за указанный период
2025-11-07 01:07:53,048 - utils_logger - INFO: Сформирован список трназакций за указанный период
2025-11-07 01:07:53,048 - utils_logger - INFO: Сформирован список трназакций за указанный период
2025-11-07 01:07:53,048 - utils_logger - INFO: Сформирован список трназакций за указанный период
2025-11-07 01:07:53,048 - utils_logger - INFO: Сформирован список трназакций за указанный период
2025-11-07 01:07:53,048 - utils_logger - INFO: Сформирован список трназакций за указанный период
2025-11-07 01:07:53,048 - utils_logger - INFO: Сформирован список трназакций за указанный период
2025-11-07 01:07:53,048 - utils_logger - INFO: Сформирован список трназакций за указанный период
2025-11-07 01:07:53,048 - utils_logger - INFO: Сформирован список трназакций за указанный период
2025-11-07 01:07:53,048 - utils_logger - INFO: Сформирован список трназакций за указанный период
2025-11-07 01:07:53,048 - utils_logger - INFO: Сформирован список трназакций за указанный период
2025-11-07 01:07:53,049 - utils_logger - INFO: Сформирован список трназакций за указанный период
2025-11-07 01:07:53,049 - utils_logger - INFO: Сформирован список трназакций за указанный период
2025-11-07 01:07:53,049 - utils_logger - INFO: Сформирован список трназакций за указанный период
2025-11-07 01:07:53,049 - utils_logger - INFO: Сформирован список трназакций за указанный период
2025-11-07 01:07:53,049 - utils_logger - INFO: Сформирован список трназакций за указанный период
2025-11-07 01:07:53,049 - utils_logger - INFO: Сформирован список трназакций за указанный период
2025-11-07 01:07:53,049 - utils_logger - INFO: Сформирован список трназакций за указанный период
2025-11-07 01:07:53,049 - utils_logger - INFO: Сформирован список трназакций за указанный период
2025-11-07 01:07:53,049 - utils_logger - INFO: Сформирован список трназакций за указанный период
2025-11-07 01:07:53,049 - utils_logger - INFO: Сформирован список трназакций за указанный период
2025-11-07 01:07:53,049 - utils_logger - INFO: Сформирован список трназакций за указанный период
2025-11-07 01:07:53,049 - utils_logger - INFO: Сформирован список трназакций за указанный период
2025-11-07 01:07:53,049 - utils_logger - INFO: Сформирован список трназакций за указанный период
2025-11-07 01:07:53,049 - utils_logger - INFO: Сформирован список трназакций за указанный период
2025-11-07 01:07:53,049 - utils_logger - INFO: Сформирован список трназакций за указанный период
2025-11-07 01:07:53,049 - utils_logger - INFO: Сформирован список трназакций за указанный период
2025-11-07 01:07:53,049 - utils_logger - INFO: Сформирован список трназакций за указанный период
2025-11-07 01:07:53,049 - utils_logger - INFO: Сформирован список трназакций за указанный период
2025-11-07 01:07:53,049 - utils_logger - INFO: Сформирован список трназакций за указанный период
2025-11-07 01:07:53,049 - utils_logger - INFO: Сформирован список трназакций за указанный период
2025-11-07 01:07:53,049 - utils_logger - INFO: Сформирован список трназакций за указанный период
2025-11-07 01:07:53,049 - utils_logger - INFO: Сформирован список трназакций за указанный период
2025-11-07 01:07:53,050 - utils_logger - INFO: Сформирован список трназакций за указанный период
2025-11-07 01:07:53,050 - utils_logger - INFO: Сформирован список трназакций за указанный период
2025-11-07 01:07:53,050 - utils_logger - INFO: Сформирован список трназакций за указанный период
2025-11-07 01:07:53,050 - utils_logger - INFO: Сформирован список трназакций за указанный период
2025-11-07 01:07:53,050 - utils_logger - INFO: Сформирован список трназакций за указанный период
2025-11-07 01:07:53,050 - utils_logger - INFO: Сформирован список трназакций за указанный период
2025-11-07 01:07:53,050 - utils_logger - INFO: Сформирован список трназакций за указанный период
2025-11-07 01:07:53,050 - utils_logger - INFO: Сформирован список трназакций за указанный период
2025-11-07 01:07:53,050 - utils_logger - INFO: Сформирован список трназакций за указанный период
2025-11-07 01:07:53,050 - utils_logger - INFO: Сформирован список трназакций за указанный период
2025-11-07 01:07:53,050 - utils_logger - INFO: Сформирован список трназакций за указанный период
2025-11-07 01:07:53,050 - utils_logger - INFO: Сформирован список трназакций за указанный период
2025-11-07 01:07:53,050 - utils_logger - INFO: Сформирован список трназакций за указанный период
2025-11-07 01:07:53,050 - utils_logger - INFO: Сформирован список трназакций за указанный период
2025-11-07 01:07:53,050 - utils_logger - INFO: Сформирован список трназакций за указанный период
2025-11-07 01:07:53,050 - utils_logger - INFO: Сформирован список трназакций за указанный период
2025-11-07 01:07:53,050 - utils_logger - INFO: Сформирован список трназакций за указанный период
2025-11-07 01:07:53,050 - utils_logger - INFO: Сформирован список трназакций за указанный период
2025-11-07 01:07:53,051 - utils_logger - INFO: Сформирован список трназакций за указанный период
2025-11-07 01:07:53,051 - utils_logger - INFO: Сформирован список трназакций за указанный период
2025-11-07 01:07:53,051 - utils_logger - INFO: Сформирован список трназакций за указанный период
2025-11-07 01:07:53,051 - utils_logger - INFO: Сформирован список трназакций за указанный период
2025-11-07 01:07:53,051 - utils_logger - INFO: Сформирован список трназакций за указанный период
2025-11-07 01:07:53,051 - utils_logger - INFO: Сформирован список трназакций за указанный период
2025-11-07 01:07:53,051 - utils_logger - INFO: Сформирован список трназакций за указанный период
2025-11-07 01:07:53,051 - utils_logger - INFO: Сформирован список трназакций за указанный период
2025-11-07 01:07:53,051 - utils_logger - INFO: Сформирован список трназакций за указанный период
2025-11-07 01:07:53,051 - utils_logger - INFO: Сформирован список трназакций за указанный период
2025-11-07 01:07:53,051 - utils_logger - INFO: Сформирован список трназакций за указанный период
2025-11-07 01:07:53,051 - utils_logger - INFO: Сформирован список трназакций за указанный период
2025-11-07 01:07:53,051 - utils_logger - INFO: Сформирован список трназакций за указанный период
2025-11-07 01:07:53,051 - utils_logger - INFO: Сформирован список трназакций за указанный период
2025-11-07 01:07:53,052 - utils_logger - INFO: Сформирован список трназакций за указанный период
2025-11-07 01:07:53,052 - utils_logger - INFO: Сформирован список трназакций за указанный период
2025-11-07 01:07:53,052 - utils_logger - INFO: Сформирован список трназакций за указанный период
2025-11-07 01:07:53,052 - utils_logger - INFO: Сформирован список трназакций за указанный период
2025-11-07 01:07:53,052 - utils_logger - INFO: Сформирован список трназакций за указанный период
2025-11-07 01:07:53,052 - utils_logger - INFO: Сформирован список трназакций за указанный период
2025-11-07 01:07:53,052 - utils_logger - INFO: Сформирован список трназакций за указанный период
2025-11-07 01:07:53,052 - utils_logger - INFO: Сформирован список трназакций за указанный период
2025-11-07 01:07:53,052 - utils_logger - INFO: Сформирован список трназакций за указанный период
2025-11-07 01:07:53,052 - utils_logger - INFO: Сформирован список трназакций за указанный период
2025-11-07 01:07:53,052 - utils_logger - INFO: Сформирован список трназакций за указанный период
2025-11-07 01:07:53,052 - utils_logger - INFO: Сформирован список трназакций за указанный период
2025-11-07 01:07:53,052 - utils_logger - INFO: Сформирован список трназакций за указанный период
2025-11-07 01:07:53,052 - utils_logger - INFO: Сформирован список трназакций за указанный период
2025-11-07 01:07:53,052 - utils_logger - INFO: Сформирован список трназакций за указанный период
2025-11-07 01:07:53,052 - utils_logger - INFO: Сформирован список трназакций за указанный период
2025-11-07 01:07:53,052 - utils_logger - INFO: Сформирован список трназакций за указанный период
2025-11-07 01:07:53,052 - utils_logger - INFO: Сформирован список трназакций за указанный период
2025-11-07 01:07:53,052 - utils_logger - INFO: Сформирован список трназакций за указанный период
2025-11-07 01:07:53,052 - utils_logger - INFO: Сформирован список трназакций за указанный период
2025-11-07 01:07:53,052 - utils_logger - INFO: Сформирован список трназакций за указанный период
2025-11-07 01:07:53,052 - utils_logger - INFO: Сформирован список трназакций за указанный период
2025-11-07 01:07:53,052 - utils_logger - INFO: Сформирован список трназакций за указанный период
2025-11-07 01:07:53,053 - utils_logger - INFO: Сформирован список трназакций за указанный период
2025-11-07 01:07:53,053 - utils_logger - INFO: Сформирован список трназакций за указанный период
2025-11-07 01:07:53,053 - utils_logger - INFO: Сформирован список трназакций за указанный период
2025-11-07 01:07:53,053 - utils_logger - INFO: Сформирован список трназакций за указанный период
2025-11-07 01:07:53,053 - utils_logger - INFO: Сформирован список трназакций за указанный период
2025-11-07 01:07:53,053 - utils_logger - INFO: Сформирован список трназакций за указанный период
2025-11-07 01:07:53,053 - utils_logger - INFO: Сформирован список трназакций за указанный период
2025-11-07 01:07:53,053 - utils_logger - INFO: Сформирован список трназакций за указанный период
2025-11-07 01:07:53,053 - utils_logger - INFO: Сформирован список трназакций за указанный период
2025-11-07 01:07:53,053 - utils_logger - INFO: Сформирован список трназакций за указанный период
2025-11-07 01:07:53,053 - utils_logger - INFO: Сформирован список трназакций за указанный период
2025-11-07 01:07:53,053 - utils_logger - INFO: Сформирован список трназакций за указанный период
2025-11-07 01:07:53,053 - utils_logger - INFO: Сформирован список трназакций за указанный период
2025-11-07 01:07:53,053 - utils_logger - INFO: Сформирован список трназакций за указанный период
2025-11-07 01:07:53,053 - utils_logger - INFO: Сформирован список трназакций за указанный период
2025-11-07 01:07:53,053 - utils_logger - INFO: Сформирован список трназакций за указанный период
2025-11-07 01:07:53,053 - utils_logger - INFO: Сформирован список трназакций за указанный период
2025-11-07 01:07:53,053 - utils_logger - INFO: Сформирован список трназакций за указанный период
2025-11-07 01:07:53,053 - utils_logger - INFO: Сформирован список трназакций за указанный период
2025-11-07 01:07:53,053 - utils_logger - INFO: Сформирован список трназакций за указанный период
2025-11-07 01:07:53,053 - utils_logger - INFO: Сформирован список трназакций за указанный период
2025-11-07 01:07:53,053 - utils_logger - INFO: Сформирован список трназакций за указанный период
2025-11-07 01:07:53,054 - utils_logger - INFO: Сформирован список трназакций за указанный период
2025-11-07 01:07:53,054 - utils_logger - INFO: Сформирован список трназакций за указанный период
2025-11-07 01:07:53,054 - utils_logger - INFO: Сформирован список трназакций за указанный период
2025-11-07 01:07:53,054 - utils_logger - INFO: Сформирован список трназакций за указанный период
2025-11-07 01:07:53,054 - utils_logger - INFO: Сформирован список трназакций за указанный период
2025-11-07 01:07:53,054 - utils_logger - INFO: Сформирован список трназакций за указанный период
2025-11-07 01:07:53,054 - utils_logger - INFO: Сформирован список трназакций за указанный период
2025-11-07 01:07:53,054 - utils_logger - INFO: Сформирован список трназакций за указанный период
2025-11-07 01:07:53,054 - utils_logger - INFO: Сформирован список трназакций за указанный период
2025-11-07 01:07:53,054 - utils_logger - INFO: Сформирован список трназакций за указанный период
2025-11-07 01:07:53,054 - utils_logger - INFO: Сформирован список трназакций за указанный период
2025-11-07 01:07:53,054 - utils_logger - INFO: Сформирован список трназакций за указанный период
2025-11-07 01:07:53,054 - utils_logger - INFO: Сформирован список трназакций за указанный период
2025-11-07 01:07:53,054 - utils_logger - INFO: Сформирован список трназакций за указанный период
2025-11-07 01:07:53,054 - utils_logger - INFO: Сформирован список трназакций за указанный период
2025-11-07 01:07:53,054 - utils_logger - INFO: Сформирован список трназакций за указанный период
2025-11-07 01:07:53,054 - utils_logger - INFO: Сформирован список трназакций за указанный период
2025-11-07 01:07:53,054 - utils_logger - INFO: Сформирован список трназакций за указанный период
2025-11-07 01:07:53,054 - utils_logger - INFO: Сформирован список трназакций за указанный период
2025-11-07 01:07:53,054 - utils_logger - INFO: Сформирован список трназакций за указанный период
2025-11-07 01:07:53,054 - utils_logger - INFO: Сформирован список трназакций за указанный период
2025-11-07 01:07:53,054 - utils_logger - INFO: Сформирован список трназакций за указанный период
2025-11-07 01:07:53,054 - utils_logger - INFO: Сформирован список трназакций за указанный период
2025-11-07 01:07:53,055 - utils_logger - INFO: Сформирован список трназакций за указанный период
2025-11-07 01:07:53,055 - utils_logger - INFO: Сформирован список трназакций за указанный период
2025-11-07 01:07:53,055 - utils_logger - INFO: Сформирован список трназакций за указанный период
2025-11-07 01:07:53,055 - utils_logger - INFO: Сформирован список трназакций за указанный период
2025-11-07 01:07:53,055 - utils_logger - INFO: Сформирован список трназакций за указанный период
2025-11-07 01:07:53,055 - utils_logger - INFO: Сформирован список трназакций за указанный период
2025-11-07 01:07:53,055 - utils_logger - INFO: Сформирован список трназакций за указанный период
2025-11-07 01:07:53,055 - utils_logger - INFO: Сформирован список трназакций за указанный период
2025-11-07 01:07:53,055 - utils_logger - INFO: Сформирован список трназакций за указанный период
2025-11-07 01:07:53,055 - utils_logger - INFO: Сформирован список трназакций за указанный период
2025-11-07 01:07:53,055 - utils_logger - INFO: Сформирован список трназакций за указанный период
2025-11-07 01:07:53,055 - utils_logger - INFO: Сформирован список трназакций за указанный период
2025-11-07 01:07:53,055 - utils_logger - INFO: Сформирован список трназакций за указанный период
2025-11-07 01:07:53,055 - utils_logger - INFO: Сформирован список трназакций за указанный период
2025-11-07 01:07:53,055 - utils_logger - INFO: Сформирован список трназакций за указанный период
2025-11-07 01:07:53,055 - utils_logger - INFO: Сформирован список трназакций за указанный период
2025-11-07 01:07:53,055 - utils_logger - INFO: Сформирован список трназакций за указанный период
2025-11-07 01:07:53,055 - utils_logger - INFO: Сформирован список трназакций за указанный период
2025-11-07 01:07:53,055 - utils_logger - INFO: Сформирован список трназакций за указанный период
2025-11-07 01:07:53,056 - utils_logger - INFO: Сформирован список трназакций за указанный период
2025-11-07 01:07:53,056 - utils_logger - INFO: Сформирован список трназакций за указанный период
2025-11-07 01:07:53,056 - utils_logger - INFO: Сформирован список трназакций за указанный период
2025-11-07 01:07:53,056 - utils_logger - INFO: Сформирован список трназакций за указанный период
2025-11-07 01:07:53,056 - utils_logger - INFO: Сформирован список трназакций за указанный период
2025-11-07 01:07:53,056 - utils_logger - INFO: Сформирован список трназакций за указанный период
2025-11-07 01:07:53,056 - utils_logger - INFO: Сформирован список трназакций за указанный период
2025-11-07 01:07:53,056 - utils_logger - INFO: Сформирован список трназакций за указанный период
2025-11-07 01:07:53,056 - utils_logger - INFO: Сформирован список трназакций за указанный период
2025-11-07 01:07:53,056 - utils_logger - INFO: Сформирован список трназакций за указанный период
2025-11-07 01:07:53,056 - utils_logger - INFO: Сформирован список трназакций за указанный период
2025-11-07 01:07:53,056 - utils_logger - INFO: Сформирован список трназакций за указанный период
2025-11-07 01:07:53,056 - utils_logger - INFO: Сформирован список трназакций за указанный период
2025-11-07 01:07:53,056 - utils_logger - INFO: Сформирован список трназакций за указанный период
2025-11-07 01:07:53,056 - utils_logger - INFO: Сформирован список трназакций за указанный период
2025-11-07 01:07:53,056 - utils_logger - INFO: Сформирован список трназакций за указанный период
2025-11-07 01:07:53,056 - utils_logger - INFO: Сформирован список трназакций за указанный период
2025-11-07 01:07:53,056 - utils_logger - INFO: Сформирован список трназакций за указанный период
2025-11-07 01:07:53,056 - utils_logger - INFO: Сформирован список трназакций за указанный период
2025-11-07 01:07:53,056 - utils_logger - INFO: Сформирован список трназакций за указанный период
2025-11-07 01:07:53,056 - utils_logger - INFO: Сформирован список трназакций за указанный период
2025-11-07 01:07:53,056 - utils_logger - INFO: Сформирован список трназакций за указанный период
2025-11-07 01:07:53,057 - utils_logger - INFO: Сформирован список трназакций за указанный период
2025-11-07 01:07:53,057 - utils_logger - INFO: Сформирован список трназакций за указанный период
2025-11-07 01:07:53,057 - utils_logger - INFO: Сформирован список трназакций за указанный период
2025-11-07 01:07:53,057 - utils_logger - INFO: Сформирован список трназакций за указанный период
2025-11-07 01:07:53,057 - utils_logger - INFO: Сформирован список трназакций за указанный период
2025-11-07 01:07:53,057 - utils_logger - INFO: Сформирован список трназакций за указанный период
2025-11-07 01:07:53,057 - utils_logger - INFO: Сформирован список трназакций за указанный период
2025-11-07 01:07:53,057 - utils_logger - INFO: Сформирован список трназакций за указанный период
2025-11-07 01:07:53,057 - utils_logger - INFO: Сформирован список трназакций за указанный период
2025-11-07 01:07:53,057 - utils_logger - INFO: Сформирован список трназакций за указанный период
2025-11-07 01:07:53,057 - utils_logger - INFO: Сформирован список трназакций за указанный период
2025-11-07 01:07:53,057 - utils_logger - INFO: Сформирован список трназакций за указанный период
2025-11-07 01:07:53,057 - utils_logger - INFO: Сформирован список трназакций за указанный период
2025-11-07 01:07:53,057 - utils_logger - INFO: Сформирован список трназакций за указанный период
2025-11-07 01:07:53,057 - utils_logger - INFO: Сформирован список трназакций за указанный период
2025-11-07 01:07:53,057 - utils_logger - INFO: Сформирован список трназакций за указанный период
2025-11-07 01:07:53,057 - utils_logger - INFO: Сформирован список трназакций за указанный период
2025-11-07 01:07:53,057 - utils_logger - INFO: Сформирован список трназакций за указанный период
2025-11-07 01:07:53,057 - utils_logger - INFO: Сформирован список трназакций за указанный период
2025-11-07 01:07:53,057 - utils_logger - INFO: Сформирован список трназакций за указанный период
2025-11-07 01:07:53,057 - utils_logger - INFO: Сформирован список трназакций за указанный период
2025-11-07 01:07:53,057 - utils_logger - INFO: Сформирован список трназакций за указанный период
2025-11-07 01:07:53,058 - utils_logger - INFO: Сформирован список трназакций за указанный период
2025-11-07 01:07:53,058 - utils_logger - INFO: Сформирован список трназакций за указанный период
2025-11-07 01:07:53,058 - utils_logger - INFO: Сформирован список трназакций за указанный период
2025-11-07 01:07:53,058 - utils_logger - INFO: Сформирован список трназакций за указанный период
2025-11-07 01:07:53,058 - utils_logger - INFO: Сформирован список трназакций за указанный период
2025-11-07 01:07:53,058 - utils_logger - INFO: Сформирован список трназакций за указанный период
2025-11-07 01:07:53,058 - utils_logger - INFO: Сформирован список трназакций за указанный период
2025-11-07 01:07:53,058 - utils_logger - INFO: Сформирован список трназакций за указанный период
2025-11-07 01:07:53,058 - utils_logger - INFO: Сформирован список трназакций за указанный период
2025-11-07 01:07:53,058 - utils_logger - INFO: Сформирован список трназакций за указанный период
2025-11-07 01:07:53,058 - utils_logger - INFO: Сформирован список трназакций за указанный период
2025-11-07 01:07:53,058 - utils_logger - INFO: Сформирован список трназакций за указанный период
2025-11-07 01:07:53,058 - utils_logger - INFO: Сформирован список трназакций за указанный период
2025-11-07 01:07:53,058 - utils_logger - INFO: Сформирован список трназакций за указанный период
2025-11-07 01:07:53,058 - utils_logger - INFO: Сформирован список трназакций за указанный период
2025-11-07 01:07:53,058 - utils_logger - INFO: Сформирован список трназакций за указанный период
2025-11-07 01:07:53,058 - utils_logger - INFO: Сформирован список трназакций за указанный период
2025-11-07 01:07:53,058 - utils_logger - INFO: Сформирован список трназакций за указанный период
2025-11-07 01:07:53,058 - utils_logger - INFO: Сформирован список трназакций за указанный период
2025-11-07 01:07:53,058 - utils_logger - INFO: Сформирован список трназакций за указанный период
2025-11-07 01:07:53,058 - utils_logger - INFO: Сформирован список трназакций за указанный период
2025-11-07 01:07:53,058 - utils_logger - INFO: Сформирован список трназакций за указанный период
2025-11-07 01:07:53,059 - utils_logger - INFO: Сформирован список трназакций за указанный период
2025-11-07 01:07:53,059 - utils_logger - INFO: Сформирован список трназакций за указанный период
2025-11-07 01:07:53,059 - utils_logger - INFO: Сформирован список трназакций за указанный период
2025-11-07 01:07:53,059 - utils_logger - INFO: Сформирован список трназакций за указанный период
2025-11-07 01:07:53,059 - utils_logger - INFO: Сформирован список трназакций за указанный период
2025-11-07 01:07:53,059 - utils_logger - INFO: Сформирован список трназакций за указанный период
2025-11-07 01:07:53,059 - utils_logger - INFO: Сформирован список трназакций за указанный период
2025-11-07 01:07:53,059 - utils_logger - INFO: Сформирован список трназакций за указанный период
2025-11-07 01:07:53,059 - utils_logger - INFO: Сформирован список трназакций за указанный период
2025-11-07 01:07:53,059 - utils_logger - INFO: Сформирован список трназакций за указанный период
2025-11-07 01:07:53,059 - utils_logger - INFO: Сформирован список трназакций за указанный период
2025-11-07 01:07:53,059 - utils_logger - INFO: Сформирован список трназакций за указанный период
2025-11-07 01:07:53,059 - utils_logger - INFO: Сформирован список трназакций за указанный период
2025-11-07 01:07:53,059 - utils_logger - INFO: Сформирован список трназакций за указанный период
2025-11-07 01:07:53,059 - utils_logger - INFO: Сформирован список трназакций за указанный период
2025-11-07 01:07:53,059 - utils_logger - INFO: Сформирован список трназакций за указанный период
2025-11-07 01:07:53,059 - utils_logger - INFO: Сформирован список трназакций за указанный период
2025-11-07 01:07:53,059 - utils_logger - INFO: Сформирован список трназакций за указанный период
2025-11-07 01:07:53,059 - utils_logger - INFO: Сформирован список трназакций за указанный период
2025-11-07 01:07:53,059 - utils_logger - INFO: Сформирован список трназакций за указанный период
2025-11-07 01:07:53,059 - utils_logger - INFO: Сформирован список трназакций за указанный период
2025-11-07 01:07:53,059 - utils_logger - INFO: Сформирован список трназакций за указанный период
2025-11-07 01:07:53,059 - utils_logger - INFO: Сформирован список трназакций за указанный период
2025-11-07 01:07:53,060 - utils_logger - INFO: Сформирован список трназакций за указанный период
2025-11-07 01:07:53,060 - utils_logger - INFO: Сформирован список трназакций за указанный период
2025-11-07 01:07:53,060 - utils_logger - INFO: Сформирован список трназакций за указанный период
2025-11-07 01:07:53,060 - utils_logger - INFO: Сформирован список трназакций за указанный период
2025-11-07 01:07:53,060 - utils_logger - INFO: Сформирован список трназакций за указанный период
2025-11-07 01:07:53,060 - utils_logger - INFO: Сформирован список трназакций за указанный период
2025-11-07 01:07:53,060 - utils_logger - INFO: Сформирован список трназакций за указанный период
2025-11-07 01:07:53,060 - utils_logger - INFO: Сформирован список трназакций за указанный период
2025-11-07 01:07:53,060 - utils_logger - INFO: Сформирован список трназакций за указанный период
2025-11-07 01:07:53,060 - utils_logger - INFO: Сформирован список трназакций за указанный период
2025-11-07 01:07:53,060 - utils_logger - INFO: Сформирован список трназакций за указанный период
2025-11-07 01:07:53,060 - utils_logger - INFO: Сформирован список трназакций за указанный период
2025-11-07 01:07:53,060 - utils_logger - INFO: Сформирован список трназакций за указанный период
2025-11-07 01:07:53,060 - utils_logger - INFO: Сформирован список трназакций за указанный период
2025-11-07 01:07:53,060 - utils_logger - INFO: Сформирован список трназакций за указанный период
2025-11-07 01:07:53,060 - utils_logger - INFO: Сформирован список трназакций за указанный период
2025-11-07 01:07:53,060 - utils_logger - INFO: Сформирован список трназакций за указанный период
2025-11-07 01:07:53,060 - utils_logger - INFO: Сформирован список трназакций за указанный период
2025-11-07 01:07:53,060 - utils_logger - INFO: Сформирован список трназакций за указанный период
2025-11-07 01:07:53,060 - utils_logger - INFO: Сформирован список трназакций за указанный период
2025-11-07 01:07:53,060 - utils_logger - INFO: Сформирован список трназакций за указанный период
2025-11-07 01:07:53,060 - utils_logger - INFO: Сформирован список трназакций за указанный период
2025-11-07 01:07:53,061 - utils_logger - INFO: Сформирован список трназакций за указанный период
2025-11-07 01:07:53,061 - utils_logger - INFO: Сформирован список трназакций за указанный период
2025-11-07 01:07:53,061 - utils_logger - INFO: Сформирован список трназакций за указанный период
2025-11-07 01:07:53,061 - utils_logger - INFO: Сформирован список трназакций за указанный период
2025-11-07 01:07:53,061 - utils_logger - INFO: Сформирован список трназакций за указанный период
2025-11-07 01:07:53,061 - utils_logger - INFO: Сформирован список трназакций за указанный период
2025-11-07 01:07:53,061 - utils_logger - INFO: Сформирован список трназакций за указанный период
2025-11-07 01:07:53,061 - utils_logger - INFO: Сформирован список трназакций за указанный период
2025-11-07 01:07:53,061 - utils_logger - INFO: Сформирован список трназакций за указанный период
2025-11-07 01:07:53,061 - utils_logger - INFO: Сформирован список трназакций за указанный период
2025-11-07 01:07:53,061 - utils_logger - INFO: Сформирован список трназакций за указанный период
2025-11-07 01:07:53,061 - utils_logger - INFO: Сформирован список трназакций за указанный период
2025-11-07 01:07:53,061 - utils_logger - INFO: Сформирован список трназакций за указанный период
2025-11-07 01:07:53,061 - utils_logger - INFO: Сформирован список трназакций за указанный период
2025-11-07 01:07:53,061 - utils_logger - INFO: Сформирован список трназакций за указанный период
2025-11-07 01:07:53,061 - utils_logger - INFO: Сформирован список трназакций за указанный период
2025-11-07 01:07:53,061 - utils_logger - INFO: Сформирован список трназакций за указанный период
2025-11-07 01:07:53,061 - utils_logger - INFO: Сформирован список трназакций за указанный период
2025-11-07 01:07:53,061 - utils_logger - INFO: Сформирован список трназакций за указанный период
2025-11-07 01:07:53,061 - utils_logger - INFO: Сформирован список трназакций за указанный период
2025-11-07 01:07:53,061 - utils_logger - INFO: Сформирован список трназакций за указанный период
2025-11-07 01:07:53,061 - utils_logger - INFO: Сформирован список трназакций за указанный период
2025-11-07 01:07:53,061 - utils_logger - INFO: Сформирован список трназакций за указанный период
2025-11-07 01:07:53,062 - utils_logger - INFO: Сформирован список трназакций за указанный период
2025-11-07 01:07:53,062 - utils_logger - INFO: Сформирован список трназакций за указанный период
2025-11-07 01:07:53,062 - utils_logger - INFO: Сформирован список трназакций за указанный период
2025-11-07 01:07:53,062 - utils_logger - INFO: Сформирован список трназакций за указанный период
2025-11-07 01:07:53,062 - utils_logger - INFO: Сформирован список трназакций за указанный период
2025-11-07 01:07:53,062 - utils_logger - INFO: Сформирован список трназакций за указанный период
2025-11-07 01:07:53,062 - utils_logger - INFO: Сформирован список трназакций за указанный период
2025-11-07 01:07:53,062 - utils_logger - INFO: Сформирован список трназакций за указанный период
2025-11-07 01:07:53,062 - utils_logger - INFO: Сформирован список трназакций за указанный период
2025-11-07 01:07:53,062 - utils_logger - INFO: Сформирован список трназакций за указанный период
2025-11-07 01:07:53,062 - utils_logger - INFO: Сформирован список трназакций за указанный период
2025-11-07 01:07:53,062 - utils_logger - INFO: Сформирован список трназакций за указанный период
2025-11-07 01:07:53,062 - utils_logger - INFO: Сформирован список трназакций за указанный период
2025-11-07 01:07:53,062 - utils_logger - INFO: Сформирован список трназакций за указанный период
2025-11-07 01:07:53,062 - utils_logger - INFO: Сформирован список трназакций за указанный период
2025-11-07 01:07:53,062 - utils_logger - INFO: Сформирован список трназакций за указанный период
2025-11-07 01:07:53,062 - utils_logger - INFO: Сформирован список трназакций за указанный период
2025-11-07 01:07:53,062 - utils_logger - INFO: Сформирован список трназакций за указанный период
2025-11-07 01:07:53,062 - utils_logger - INFO: Сформирован список трназакций за указанный период
2025-11-07 01:07:53,062 - utils_logger - INFO: Сформирован список трназакций за указанный период
2025-11-07 01:07:53,062 - utils_logger - INFO: Сформирован список трназакций за указанный период
2025-11-07 01:07:53,062 - utils_logger - INFO: Сформирован список трназакций за указанный период
2025-11-07 01:07:53,063 - utils_logger - INFO: Сформирован список трназакций за указанный период
2025-11-07 01:07:53,063 - utils_logger - INFO: Сформирован список трназакций за указанный период
2025-11-07 01:07:53,063 - utils_logger - INFO: Сформирован список трназакций за указанный период
2025-11-07 01:07:53,063 - utils_logger - INFO: Сформирован список трназакций за указанный период
2025-11-07 01:07:53,063 - utils_logger - INFO: Сформирован список трназакций за указанный период
2025-11-07 01:07:53,063 - utils_logger - INFO: Сформирован список трназакций за указанный период
2025-11-07 01:07:53,063 - utils_logger - INFO: Сформирован список трназакций за указанный период
2025-11-07 01:07:53,063 - utils_logger - INFO: Сформирован список трназакций за указанный период
2025-11-07 01:07:53,063 - utils_logger - INFO: Сформирован список трназакций за указанный период
2025-11-07 01:07:53,063 - utils_logger - INFO: Сформирован список трназакций за указанный период
2025-11-07 01:07:53,063 - utils_logger - INFO: Сформирован список трназакций за указанный период
2025-11-07 01:07:53,063 - utils_logger - INFO: Сформирован список трназакций за указанный период
2025-11-07 01:07:53,063 - utils_logger - INFO: Сформирован список трназакций за указанный период
2025-11-07 01:07:53,063 - utils_logger - INFO: Сформирован список трназакций за указанный период
2025-11-07 01:07:53,063 - utils_logger - INFO: Сформирован список трназакций за указанный период
2025-11-07 01:07:53,063 - utils_logger - INFO: Сформирован список трназакций за указанный период
2025-11-07 01:07:53,063 - utils_logger - INFO: Сформирован список трназакций за указанный период
2025-11-07 01:07:53,063 - utils_logger - INFO: Сформирован список трназакций за указанный период
2025-11-07 01:07:53,063 - utils_logger - INFO: Сформирован список трназакций за указанный период
2025-11-07 01:07:53,063 - utils_logger - INFO: Сформирован список трназакций за указанный период
2025-11-07 01:07:53,063 - utils_logger - INFO: Сформирован список трназакций за указанный период
2025-11-07 01:07:53,063 - utils_logger - INFO: Сформирован список трназакций за указанный период
2025-11-07 01:07:53,064 - utils_logger - INFO: Сформирован список трназакций за указанный период
2025-11-07 01:07:53,064 - utils_logger - INFO: Сформирован список трназакций за указанный период
2025-11-07 01:07:53,064 - utils_logger - INFO: Сформирован список трназакций за указанный период
2025-11-07 01:07:53,064 - utils_logger - INFO: Сформирован список трназакций за указанный период
2025-11-07 01:07:53,064 - utils_logger - INFO: Сформирован список трназакций за указанный период
2025-11-07 01:07:53,064 - utils_logger - INFO: Сформирован список трназакций за указанный период
2025-11-07 01:07:53,064 - utils_logger - INFO: Сформирован список трназакций за указанный период
2025-11-07 01:07:53,064 - utils_logger - INFO: Сформирован список трназакций за указанный период
2025-11-07 01:07:53,064 - utils_logger - INFO: Сформирован список трназакций за указанный период
2025-11-07 01:07:53,064 - utils_logger - INFO: Сформирован список трназакций за указанный период
2025-11-07 01:07:53,064 - utils_logger - INFO: Сформирован список трназакций за указанный период
2025-11-07 01:07:53,064 - utils_logger - INFO: Сформирован список трназакций за указанный период
2025-11-07 01:07:53,064 - utils_logger - INFO: Сформирован список трназакций за указанный период
2025-11-07 01:07:53,064 - utils_logger - INFO: Сформирован список трназакций за указанный период
2025-11-07 01:07:53,064 - utils_logger - INFO: Сформирован список трназакций за указанный период
2025-11-07 01:07:53,064 - utils_logger - INFO: Сформирован список трназакций за указанный период
2025-11-07 01:07:53,064 - utils_logger - INFO: Сформирован список трназакций за указанный период
2025-11-07 01:07:53,064 - utils_logger - INFO: Сформирован список трназакций за указанный период
2025-11-07 01:07:53,064 - utils_logger - INFO: Сформирован список трназакций за указанный период
2025-11-07 01:07:53,064 - utils_logger - INFO: Сформирован список трназакций за указанный период
2025-11-07 01:07:53,064 - utils_logger - INFO: Сформирован список трназакций за указанный период
2025-11-07 01:07:53,064 - utils_logger - INFO: Сформирован список трназакций за указанный период
2025-11-07 01:07:53,064 - utils_logger - INFO: Сформирован список трназакций за указанный период
2025-11-07 01:07:53,065 - utils_logger - INFO: Сформирован список трназакций за указанный период
2025-11-07 01:07:53,065 - utils_logger - INFO: Сформирован список трназакций за указанный период
2025-11-07 01:07:53,065 - utils_logger - INFO: Сформирован список трназакций за указанный период
2025-11-07 01:07:53,065 - utils_logger - INFO: Сформирован список трназакций за указанный период
2025-11-07 01:07:53,065 - utils_logger - INFO: Сформирован список трназакций за указанный период
2025-11-07 01:07:53,065 - utils_logger - INFO: Сформирован список трназакций за указанный период
2025-11-07 01:07:53,065 - utils_logger - INFO: Сформирован список трназакций за указанный период
2025-11-07 01:07:53,065 - utils_logger - INFO: Сформирован список трназакций за указанный период
2025-11-07 01:07:53,065 - utils_logger - INFO: Сформирован список трназакций за указанный период
2025-11-07 01:07:53,065 - utils_logger - INFO: Сформирован список трназакций за указанный период
2025-11-07 01:07:53,065 - utils_logger - INFO: Сформирован список трназакций за указанный период
2025-11-07 01:07:53,065 - utils_logger - INFO: Сформирован список трназакций за указанный период
2025-11-07 01:07:53,065 - utils_logger - INFO: Сформирован список трназакций за указанный период
2025-11-07 01:07:53,065 - utils_logger - INFO: Сформирован список трназакций за указанный период
2025-11-07 01:07:53,065 - utils_logger - INFO: Сформирован список трназакций за указанный период
2025-11-07 01:07:53,065 - utils_logger - INFO: Сформирован список трназакций за указанный период
2025-11-07 01:07:53,065 - utils_logger - INFO: Сформирован список трназакций за указанный период
2025-11-07 01:07:53,065 - utils_logger - INFO: Сформирован список трназакций за указанный период
2025-11-07 01:07:53,065 - utils_logger - INFO: Сформирован список трназакций за указанный период
2025-11-07 01:07:53,065 - utils_logger - INFO: Сформирован список трназакций за указанный период
2025-11-07 01:07:53,065 - utils_logger - INFO: Сформирован список трназакций за указанный период
2025-11-07 01:07:53,065 - utils_logger - INFO: Сформирован список трназакций за указанный период
2025-11-07 01:07:53,066 - utils_logger - INFO: Сформирован список трназакций за указанный период
2025-11-07 01:07:53,066 - utils_logger - INFO: Сформирован список трназакций за указанный период
2025-11-07 01:07:53,066 - utils_logger - INFO: Сформирован список трназакций за указанный период
2025-11-07 01:07:53,066 - utils_logger - INFO: Сформирован список трназакций за указанный период
2025-11-07 01:07:53,066 - utils_logger - INFO: Сформирован список трназакций за указанный период
2025-11-07 01:07:53,066 - utils_logger - INFO: Сформирован список трназакций за указанный период
2025-11-07 01:07:53,066 - utils_logger - INFO: Сформирован список трназакций за указанный период
2025-11-07 01:07:53,066 - utils_logger - INFO: Сформирован список трназакций за указанный период
2025-11-07 01:07:53,066 - utils_logger - INFO: Сформирован список трназакций за указанный период
2025-11-07 01:07:53,066 - utils_logger - INFO: Сформирован список трназакций за указанный период
2025-11-07 01:07:53,066 - utils_logger - INFO: Сформирован список трназакций за указанный период
2025-11-07 01:07:53,066 - utils_logger - INFO: Сформирован список трназакций за указанный период
2025-11-07 01:07:53,066 - utils_logger - INFO: Сформирован список трназакций за указанный период
2025-11-07 01:07:53,066 - utils_logger - INFO: Сформирован список трназакций за указанный период
2025-11-07 01:07:53,066 - utils_logger - INFO: Сформирован список трназакций за указанный период
2025-11-07 01:07:53,066 - utils_logger - INFO: Сформирован список трназакций за указанный период
2025-11-07 01:07:53,066 - utils_logger - INFO: Сформирован список трназакций за указанный период
2025-11-07 01:07:53,066 - utils_logger - INFO: Сформирован список трназакций за указанный период
2025-11-07 01:07:53,066 - utils_logger - INFO: Сформирован список трназакций за указанный период
2025-11-07 01:07:53,066 - utils_logger - INFO: Сформирован список трназакций за указанный период
2025-11-07 01:07:53,066 - utils_logger - INFO: Сформирован список трназакций за указанный период
2025-11-07 01:07:53,066 - utils_logger - INFO: Сформирован список трназакций за указанный период
2025-11-07 01:07:53,067 - utils_logger - INFO: Сформирован список трназакций за указанный период
2025-11-07 01:07:53,067 - utils_logger - INFO: Сформирован список трназакций за указанный период
2025-11-07 01:07:53,067 - utils_logger - INFO: Сформирован список трназакций за указанный период
2025-11-07 01:07:53,067 - utils_logger - INFO: Сформирован список трназакций за указанный период
2025-11-07 01:07:53,067 - utils_logger - INFO: Сформирован список трназакций за указанный период
2025-11-07 01:07:53,067 - utils_logger - INFO: Сформирован список трназакций за указанный период
2025-11-07 01:07:53,067 - utils_logger - INFO: Сформирован список трназакций за указанный период
2025-11-07 01:07:53,067 - utils_logger - INFO: Сформирован список трназакций за указанный период
2025-11-07 01:07:53,067 - utils_logger - INFO: Сформирован список трназакций за указанный период
2025-11-07 01:07:53,067 - utils_logger - INFO: Сформирован список трназакций за указанный период
2025-11-07 01:07:53,067 - utils_logger - INFO: Сформирован список трназакций за указанный период
2025-11-07 01:07:53,067 - utils_logger - INFO: Сформирован список трназакций за указанный период
2025-11-07 01:07:53,067 - utils_logger - INFO: Сформирован список трназакций за указанный период
2025-11-07 01:07:53,067 - utils_logger - INFO: Сформирован список трназакций за указанный период
2025-11-07 01:07:53,067 - utils_logger - INFO: Сформирован список трназакций за указанный период
2025-11-07 01:07:53,067 - utils_logger - INFO: Сформирован список трназакций за указанный период
2025-11-07 01:07:53,067 - utils_logger - INFO: Сформирован список трназакций за указанный период
2025-11-07 01:07:53,067 - utils_logger - INFO: Сформирован список трназакций за указанный период
2025-11-07 01:07:53,067 - utils_logger - INFO: Сформирован список трназакций за указанный период
2025-11-07 01:07:53,068 - utils_logger - INFO: Сформирован список трназакций за указанный период
2025-11-07 01:07:53,068 - utils_logger - INFO: Сформирован список трназакций за указанный период
2025-11-07 01:07:53,068 - utils_logger - INFO: Сформирован список трназакций за указанный период
2025-11-07 01:07:53,068 - utils_logger - INFO: Сформирован список трназакций за указанный период
2025-11-07 01:07:53,068 - utils_logger - INFO: Сформирован список трназакций за указанный период
2025-11-07 01:07:53,068 - utils_logger - INFO: Сформирован список трназакций за указанный период
2025-11-07 01:07:53,068 - utils_logger - INFO: Сформирован список трназакций за указанный период
2025-11-07 01:07:53,068 - utils_logger - INFO: Сформирован список трназакций за указанный период
2025-11-07 01:07:53,068 - utils_logger - INFO: Сформирован список трназакций за указанный период
2025-11-07 01:07:53,068 - utils_logger - INFO: Сформирован список трназакций за указанный период
2025-11-07 01:07:53,068 - utils_logger - INFO: Сформирован список трназакций за указанный период
2025-11-07 01:07:53,068 - utils_logger - INFO: Сформирован список трназакций за указанный период
2025-11-07 01:07:53,068 - utils_logger - INFO: Сформирован список трназакций за указанный период
2025-11-07 01:07:53,068 - utils_logger - INFO: Сформирован список трназакций за указанный период
2025-11-07 01:07:53,068 - utils_logger - INFO: Сформирован список трназакций за указанный период
2025-11-07 01:07:53,068 - utils_logger - INFO: Сформирован список трназакций за указанный период
2025-11-07 01:07:53,068 - utils_logger - INFO: Сформирован список трназакций за указанный период
2025-11-07 01:07:53,068 - utils_logger - INFO: Сформирован список трназакций за указанный период
2025-11-07 01:07:53,068 - utils_logger - INFO: Сформирован список трназакций за указанный период
2025-11-07 01:07:53,068 - utils_logger - INFO: Сформирован список трназакций за указанный период
2025-11-07 01:07:53,068 - utils_logger - INFO: Сформирован список трназакций за указанный период
2025-11-07 01:07:53,068 - utils_logger - INFO: Сформирован список трназакций за указанный период
2025-11-07 01:07:53,068 - utils_logger - INFO: Сформирован список трназакций за указанный период
2025-11-07 01:07:53,069 - utils_logger - INFO: Сформирован список трназакций за указанный период
2025-11-07 01:07:53,069 - utils_logger - INFO: Сформирован список трназакций за указанный период
2025-11-07 01:07:53,069 - utils_logger - INFO: Сформирован список трназакций за указанный период
2025-11-07 01:07:53,069 - utils_logger - INFO: Сформирован список трназакций за указанный период
2025-11-07 01:07:53,069 - utils_logger - INFO: Сформирован список трназакций за указанный период
2025-11-07 01:07:53,069 - utils_logger - INFO: Сформирован список трназакций за указанный период
2025-11-07 01:07:53,069 - utils_logger - INFO: Сформирован список трназакций за указанный период
2025-11-07 01:07:53,069 - utils_logger - INFO: Сформирован список трназакций за указанный период
2025-11-07 01:07:53,069 - utils_logger - INFO: Сформирован список трназакций за указанный период
2025-11-07 01:07:53,069 - utils_logger - INFO: Сформирован список трназакций за указанный период
2025-11-07 01:07:53,069 - utils_logger - INFO: Сформирован список трназакций за указанный период
2025-11-07 01:07:53,069 - utils_logger - INFO: Сформирован список трназакций за указанный период
2025-11-07 01:07:53,069 - utils_logger - INFO: Сформирован список трназакций за указанный период
2025-11-07 01:07:53,069 - utils_logger - INFO: Сформирован список трназакций за указанный период
2025-11-07 01:07:53,069 - utils_logger - INFO: Сформирован список трназакций за указанный период
2025-11-07 01:07:53,069 - utils_logger - INFO: Сформирован список трназакций за указанный период
2025-11-07 01:07:53,069 - utils_logger - INFO: Сформирован список трназакций за указанный период
2025-11-07 01:07:53,069 - utils_logger - INFO: Сформирован список трназакций за указанный период
2025-11-07 01:07:53,070 - utils_logger - INFO: Сформирован список трназакций за указанный период
2025-11-07 01:07:53,070 - utils_logger - INFO: Сформирован список трназакций за указанный период
2025-11-07 01:07:53,070 - utils_logger - INFO: Сформирован список трназакций за указанный период
2025-11-07 01:07:53,070 - utils_logger - INFO: Сформирован список трназакций за указанный период
2025-11-07 01:07:53,070 - utils_logger - INFO: Сформирован список трназакций за указанный период
2025-11-07 01:07:53,070 - utils_logger - INFO: Сформирован список трназакций за указанный период
2025-11-07 01:07:53,070 - utils_logger - INFO: Сформирован список трназакций за указанный период
2025-11-07 01:07:53,070 - utils_logger - INFO: Сформирован список трназакций за указанный период
2025-11-07 01:07:53,070 - utils_logger - INFO: Сформирован список трназакций за указанный период
2025-11-07 01:07:53,070 - utils_logger - INFO: Сформирован список трназакций за указанный период
2025-11-07 01:07:53,070 - utils_logger - INFO: Сформирован список трназакций за указанный период
2025-11-07 01:07:53,070 - utils_logger - INFO: Сформирован список трназакций за указанный период
2025-11-07 01:07:53,070 - utils_logger - INFO: Сформирован список трназакций за указанный период
2025-11-07 01:07:53,070 - utils_logger - INFO: Сформирован список трназакций за указанный период
2025-11-07 01:07:53,070 - utils_logger - INFO: Сформирован список трназакций за указанный период
2025-11-07 01:07:53,070 - utils_logger - INFO: Сформирован список трназакций за указанный период
2025-11-07 01:07:53,070 - utils_logger - INFO: Сформирован список трназакций за указанный период
2025-11-07 01:07:53,070 - utils_logger - INFO: Сформирован список трназакций за указанный период
2025-11-07 01:07:53,070 - utils_logger - INFO: Сформирован список трназакций за указанный период
2025-11-07 01:07:53,070 - utils_logger - INFO: Сформирован список трназакций за указанный период
2025-11-07 01:07:53,070 - utils_logger - INFO: Сформирован список трназакций за указанный период
2025-11-07 01:07:53,070 - utils_logger - INFO: Сформирован список трназакций за указанный период
2025-11-07 01:07:53,070 - utils_logger - INFO: Сформирован список трназакций за указанный период
2025-11-07 01:07:53,071 - utils_logger - INFO: Сформирован список трназакций за указанный период
2025-11-07 01:07:53,071 - utils_logger - INFO: Сформирован список трназакций за указанный период
2025-11-07 01:07:53,071 - utils_logger - INFO: Сформирован список трназакций за указанный период
2025-11-07 01:07:53,071 - utils_logger - INFO: Сформирован список трназакций за указанный период
2025-11-07 01:07:53,071 - utils_logger - INFO: Сформирован список трназакций за указанный период
2025-11-07 01:07:53,071 - utils_logger - INFO: Сформирован список трназакций за указанный период
2025-11-07 01:07:53,071 - utils_logger - INFO: Сформирован список трназакций за указанный период
2025-11-07 01:07:53,071 - utils_logger - INFO: Сформирован список трназакций за указанный период
2025-11-07 01:07:53,071 - utils_logger - INFO: Сформирован список трназакций за указанный период
2025-11-07 01:07:53,071 - utils_logger - INFO: Сформирован список трназакций за указанный период
2025-11-07 01:07:53,071 - utils_logger - INFO: Сформирован список трназакций за указанный период
2025-11-07 01:07:53,071 - utils_logger - INFO: Сформирован список трназакций за указанный период
2025-11-07 01:07:53,071 - utils_logger - INFO: Сформирован список трназакций за указанный период
2025-11-07 01:07:53,071 - utils_logger - INFO: Сформирован список трназакций за указанный период
2025-11-07 01:07:53,071 - utils_logger - INFO: Сформирован список трназакций за указанный период
2025-11-07 01:07:53,071 - utils_logger - INFO: Сформирован список трназакций за указанный период
2025-11-07 01:07:53,071 - utils_logger - INFO: Сформирован список трназакций за указанный период
2025-11-07 01:07:53,071 - utils_logger - INFO: Сформирован список трназакций за указанный период
2025-11-07 01:07:53,071 - utils_logger - INFO: Сформирован список трназакций за указанный период
2025-11-07 01:07:53,071 - utils_logger - INFO: Сформирован список трназакций за указанный период
2025-11-07 01:07:53,071 - utils_logger - INFO: Сформирован список трназакций за указанный период
2025-11-07 01:07:53,071 - utils_logger - INFO: Сформирован список трназакций за указанный период
2025-11-07 01:07:53,072 - utils_logger - INFO: Сформирован список трназакций за указанный период
2025-11-07 01:07:53,072 - utils_logger - INFO: Сформирован список трназакций за указанный период
2025-11-07 01:07:53,072 - utils_logger - INFO: Сформирован список трназакций за указанный период
2025-11-07 01:07:53,072 - utils_logger - INFO: Сформирован список трназакций за указанный период
2025-11-07 01:07:53,072 - utils_logger - INFO: Сформирован список трназакций за указанный период
2025-11-07 01:07:53,072 - utils_logger - INFO: Сформирован список трназакций за указанный период
2025-11-07 01:07:53,072 - utils_logger - INFO: Сформирован список трназакций за указанный период
2025-11-07 01:07:53,072 - utils_logger - INFO: Сформирован список трназакций за указанный период
2025-11-07 01:07:53,072 - utils_logger - INFO: Сформирован список трназакций за указанный период
2025-11-07 01:07:53,072 - utils_logger - INFO: Сформирован список трназакций за указанный период
2025-11-07 01:07:53,072 - utils_logger - INFO: Сформирован список трназакций за указанный период
2025-11-07 01:07:53,072 - utils_logger - INFO: Сформирован список трназакций за указанный период
2025-11-07 01:07:53,072 - utils_logger - INFO: Сформирован список трназакций за указанный период
2025-11-07 01:07:53,072 - utils_logger - INFO: Сформирован список трназакций за указанный период
2025-11-07 01:07:53,072 - utils_logger - INFO: Сформирован список трназакций за указанный период
2025-11-07 01:07:53,072 - utils_logger - INFO: Сформирован список трназакций за указанный период
2025-11-07 01:07:53,072 - utils_logger - INFO: Сформирован список трназакций за указанный период
2025-11-07 01:07:53,072 - utils_logger - INFO: Сформирован список трназакций за указанный период
2025-11-07 01:07:53,072 - utils_logger - INFO: Сформирован список трназакций за указанный период
2025-11-07 01:07:53,072 - utils_logger - INFO: Сформирован список трназакций за указанный период
2025-11-07 01:07:53,072 - utils_logger - INFO: Сформирован список трназакций за указанный период
2025-11-07 01:07:53,072 - utils_logger - INFO: Сформирован список трназакций за указанный период
2025-11-07 01:07:53,072 - utils_logger - INFO: Сформирован список трназакций за указанный период
2025-11-07 01:07:53,073 - utils_logger - INFO: Сформирован список трназакций за указанный период
2025-11-07 01:07:53,073 - utils_logger - INFO: Сформирован список трназакций за указанный период
2025-11-07 01:07:53,073 - utils_logger - INFO: Сформирован список трназакций за указанный период
2025-11-07 01:07:53,073 - utils_logger - INFO: Сформирован список трназакций за указанный период
2025-11-07 01:07:53,073 - utils_logger - INFO: Сформирован список трназакций за указанный период
2025-11-07 01:07:53,073 - utils_logger - INFO: Сформирован список трназакций за указанный период
2025-11-07 01:07:53,073 - utils_logger - INFO: Сформирован список трназакций за указанный период
2025-11-07 01:07:53,073 - utils_logger - INFO: Сформирован список трназакций за указанный период
2025-11-07 01:07:53,073 - utils_logger - INFO: Сформирован список трназакций за указанный период
2025-11-07 01:07:53,073 - utils_logger - INFO: Сформирован список трназакций за указанный период
2025-11-07 01:07:53,073 - utils_logger - INFO: Сформирован список трназакций за указанный период
2025-11-07 01:07:53,073 - utils_logger - INFO: Сформирован список трназакций за указанный период
2025-11-07 01:07:53,073 - utils_logger - INFO: Сформирован список трназакций за указанный период
2025-11-07 01:07:53,073 - utils_logger - INFO: Сформирован список трназакций за указанный период
2025-11-07 01:07:53,073 - utils_logger - INFO: Сформирован список трназакций за указанный период
2025-11-07 01:07:53,073 - utils_logger - INFO: Сформирован список трназакций за указанный период
2025-11-07 01:07:53,073 - utils_logger - INFO: Сформирован список трназакций за указанный период
2025-11-07 01:07:53,073 - utils_logger - INFO: Сформирован список трназакций за указанный период
2025-11-07 01:07:53,073 - utils_logger - INFO: Сформирован список трназакций за указанный период
2025-11-07 01:07:53,073 - utils_logger - INFO: Сформирован список трназакций за указанный период
2025-11-07 01:07:53,073 - utils_logger - INFO: Сформирован список трназакций за указанный период
2025-11-07 01:07:53,073 - utils_logger - INFO: Сформирован список трназакций за указанный период
2025-11-07 01:07:53,073 - utils_logger - INFO: Сформирован список трназакций за указанный период
2025-11-07 01:07:53,074 - utils_logger - INFO: Сформирован список трназакций за указанный период
2025-11-07 01:07:53,074 - utils_logger - INFO: Сформирован список трназакций за указанный период
2025-11-07 01:07:53,074 - utils_logger - INFO: Сформирован список трназакций за указанный период
2025-11-07 01:07:53,074 - utils_logger - INFO: Сформирован список трназакций за указанный период
2025-11-07 01:07:53,074 - utils_logger - INFO: Сформирован список трназакций за указанный период
2025-11-07 01:07:53,074 - utils_logger - INFO: Сформирован список трназакций за указанный период
2025-11-07 01:07:53,074 - utils_logger - INFO: Сформирован список трназакций за указанный период
2025-11-07 01:07:53,074 - utils_logger - INFO: Сформирован список трназакций за указанный период
2025-11-07 01:07:53,074 - utils_logger - INFO: Сформирован список трназакций за указанный период
2025-11-07 01:07:53,074 - utils_logger - INFO: Сформирован список трназакций за указанный период
2025-11-07 01:07:53,074 - utils_logger - INFO: Сформирован список трназакций за указанный период
2025-11-07 01:07:53,074 - utils_logger - INFO: Сформирован список трназакций за указанный период
2025-11-07 01:07:53,074 - utils_logger - INFO: Сформирован список трназакций за указанный период
2025-11-07 01:07:53,074 - utils_logger - INFO: Сформирован список трназакций за указанный период
2025-11-07 01:07:53,074 - utils_logger - INFO: Сформирован список трназакций за указанный период
2025-11-07 01:07:53,074 - utils_logger - INFO: Сформирован список трназакций за указанный период
2025-11-07 01:07:53,074 - utils_logger - INFO: Сформирован список трназакций за указанный период
2025-11-07 01:07:53,074 - utils_logger - INFO: Сформирован список трназакций за указанный период
2025-11-07 01:07:53,074 - utils_logger - INFO: Сформирован список трназакций за указанный период
2025-11-07 01:07:53,074 - utils_logger - INFO: Сформирован список трназакций за указанный период
2025-11-07 01:07:53,074 - utils_logger - INFO: Сформирован список трназакций за указанный период
2025-11-07 01:07:53,075 - utils_logger - INFO: Сформирован список трназакций за указанный период
2025-11-07 01:07:53,075 - utils_logger - INFO: Сформирован список трназакций за указанный период
2025-11-07 01:07:53,075 - utils_logger - INFO: Сформирован список трназакций за указанный период
2025-11-07 01:07:53,075 - utils_logger - INFO: Сформирован список трназакций за указанный период
2025-11-07 01:07:53,075 - utils_logger - INFO: Сформирован список трназакций за указанный период
2025-11-07 01:07:53,075 - utils_logger - INFO: Сформирован список трназакций за указанный период
2025-11-07 01:07:53,075 - utils_logger - INFO: Сформирован список трназакций за указанный период
2025-11-07 01:07:53,075 - utils_logger - INFO: Сформирован список трназакций за указанный период
2025-11-07 01:07:53,075 - utils_logger - INFO: Сформирован список трназакций за указанный период
2025-11-07 01:07:53,075 - utils_logger - INFO: Сформирован список трназакций за указанный период
2025-11-07 01:07:53,075 - utils_logger - INFO: Сформирован список трназакций за указанный период
2025-11-07 01:07:53,075 - utils_logger - INFO: Сформирован список трназакций за указанный период
2025-11-07 01:07:53,075 - utils_logger - INFO: Сформирован список трназакций за указанный период
2025-11-07 01:07:53,075 - utils_logger - INFO: Сформирован список трназакций за указанный период
2025-11-07 01:07:53,075 - utils_logger - INFO: Сформирован список трназакций за указанный период
2025-11-07 01:07:53,075 - utils_logger - INFO: Сформирован список трназакций за указанный период
2025-11-07 01:07:53,075 - utils_logger - INFO: Сформирован список трназакций за указанный период
2025-11-07 01:07:53,075 - utils_logger - INFO: Сформирован список трназакций за указанный период
2025-11-07 01:07:53,075 - utils_logger - INFO: Сформирован список трназакций за указанный период
2025-11-07 01:07:53,075 - utils_logger - INFO: Сформирован список трназакций за указанный период
2025-11-07 01:07:53,075 - utils_logger - INFO: Сформирован список трназакций за указанный период
2025-11-07 01:07:53,075 - utils_logger - INFO: Сформирован список трназакций за указанный период
2025-11-07 01:07:53,075 - utils_logger - INFO: Сформирован список трназакций за указанный период
2025-11-07 01:07:53,076 - utils_logger - INFO: Сформирован список трназакций за указанный период
2025-11-07 01:07:53,076 - utils_logger - INFO: Сформирован список трназакций за указанный период
2025-11-07 01:07:53,076 - utils_logger - INFO: Сформирован список трназакций за указанный период
2025-11-07 01:07:53,076 - utils_logger - INFO: Сформирован список трназакций за указанный период
2025-11-07 01:07:53,076 - utils_logger - INFO: Сформирован список трназакций за указанный период
2025-11-07 01:07:53,076 - utils_logger - INFO: Сформирован список трназакций за указанный период
2025-11-07 01:07:53,076 - utils_logger - INFO: Сформирован список трназакций за указанный период
2025-11-07 01:07:53,076 - utils_logger - INFO: Сформирован список трназакций за указанный период
2025-11-07 01:07:53,076 - utils_logger - INFO: Сформирован список трназакций за указанный период
2025-11-07 01:07:53,076 - utils_logger - INFO: Сформирован список трназакций за указанный период
2025-11-07 01:07:53,076 - utils_logger - INFO: Сформирован список трназакций за указанный период
2025-11-07 01:07:53,076 - utils_logger - INFO: Сформирован список трназакций за указанный период
2025-11-07 01:07:53,076 - utils_logger - INFO: Сформирован список трназакций за указанный период
2025-11-07 01:07:53,076 - utils_logger - INFO: Сформирован список трназакций за указанный период
2025-11-07 01:07:53,076 - utils_logger - INFO: Сформирован список трназакций за указанный период
2025-11-07 01:07:53,076 - utils_logger - INFO: Сформирован список трназакций за указанный период
2025-11-07 01:07:53,076 - utils_logger - INFO: Сформирован список трназакций за указанный период
2025-11-07 01:07:53,076 - utils_logger - INFO: Сформирован список трназакций за указанный период
2025-11-07 01:07:53,076 - utils_logger - INFO: Сформирован список трназакций за указанный период
2025-11-07 01:07:53,076 - utils_logger - INFO: Сформирован список трназакций за указанный период
2025-11-07 01:07:53,076 - utils_logger - INFO: Сформирован список трназакций за указанный период
2025-11-07 01:07:53,076 - utils_logger - INFO: Сформирован список трназакций за указанный период
2025-11-07 01:07:53,077 - utils_logger - INFO: Сформирован список трназакций за указанный период
2025-11-07 01:07:53,077 - utils_logger - INFO: Сформирован список трназакций за указанный период
2025-11-07 01:07:53,077 - utils_logger - INFO: Сформирован список трназакций за указанный период
2025-11-07 01:07:53,077 - utils_logger - INFO: Сформирован список трназакций за указанный период
2025-11-07 01:07:53,077 - utils_logger - INFO: Сформирован список трназакций за указанный период
2025-11-07 01:07:53,077 - utils_logger - INFO: Сформирован список трназакций за указанный период
2025-11-07 01:07:53,077 - utils_logger - INFO: Сформирован список трназакций за указанный период
2025-11-07 01:07:53,077 - utils_logger - INFO: Сформирован список трназакций за указанный период
2025-11-07 01:07:53,077 - utils_logger - INFO: Сформирован список трназакций за указанный период
2025-11-07 01:07:53,077 - utils_logger - INFO: Сформирован список трназакций за указанный период
2025-11-07 01:07:53,077 - utils_logger - INFO: Сформирован список трназакций за указанный период
2025-11-07 01:07:53,077 - utils_logger - INFO: Сформирован список трназакций за указанный период
2025-11-07 01:07:53,077 - utils_logger - INFO: Сформирован список трназакций за указанный период
2025-11-07 01:07:53,077 - utils_logger - INFO: Сформирован список трназакций за указанный период
2025-11-07 01:07:53,077 - utils_logger - INFO: Сформирован список трназакций за указанный период
2025-11-07 01:07:53,077 - utils_logger - INFO: Сформирован список трназакций за указанный период
2025-11-07 01:07:53,077 - utils_logger - INFO: Сформирован список трназакций за указанный период
2025-11-07 01:07:53,077 - utils_logger - INFO: Сформирован список трназакций за указанный период
2025-11-07 01:07:53,077 - utils_logger - INFO: Сформирован список трназакций за указанный период
2025-11-07 01:07:53,077 - utils_logger - INFO: Сформирован список трназакций за указанный период
2025-11-07 01:07:53,077 - utils_logger - INFO: Сформирован список трназакций за указанный период
2025-11-07 01:07:53,077 - utils_logger - INFO: Сформирован список трназакций за указанный период
2025-11-07 01:07:53,077 - utils_logger - INFO: Сформирован список трназакций за указанный период
2025-11-07 01:07:53,078 - utils_logger - INFO: Сформирован список трназакций за указанный период
2025-11-07 01:07:53,078 - utils_logger - INFO: Сформирован список трназакций за указанный период
2025-11-07 01:07:53,078 - utils_logger - INFO: Сформирован список трназакций за указанный период
2025-11-07 01:07:53,078 - utils_logger - INFO: Сформирован список трназакций за указанный период
2025-11-07 01:07:53,078 - utils_logger - INFO: Сформирован список трназакций за указанный период
2025-11-07 01:07:53,078 - utils_logger - INFO: Сформирован список трназакций за указанный период
2025-11-07 01:07:53,078 - utils_logger - INFO: Сформирован список трназакций за указанный период
2025-11-07 01:07:53,078 - utils_logger - INFO: Сформирован список трназакций за указанный период
2025-11-07 01:07:53,078 - utils_logger - INFO: Сформирован список трназакций за указанный период
2025-11-07 01:07:53,078 - utils_logger - INFO: Сформирован список трназакций за указанный период
2025-11-07 01:07:53,078 - utils_logger - INFO: Сформирован список трназакций за указанный период
2025-11-07 01:07:53,078 - utils_logger - INFO: Сформирован список трназакций за указанный период
2025-11-07 01:07:53,078 - utils_logger - INFO: Сформирован список трназакций за указанный период
2025-11-07 01:07:53,078 - utils_logger - INFO: Сформирован список трназакций за указанный период
2025-11-07 01:07:53,078 - utils_logger - INFO: Сформирован список трназакций за указанный период
2025-11-07 01:07:53,078 - utils_logger - INFO: Сформирован список трназакций за указанный период
2025-11-07 01:07:53,078 - utils_logger - INFO: Сформирован список трназакций за указанный период
2025-11-07 01:07:53,078 - utils_logger - INFO: Сформирован список трназакций за указанный период
2025-11-07 01:07:53,078 - utils_logger - INFO: Сформирован список трназакций за указанный период
2025-11-07 01:07:53,078 - utils_logger - INFO: Сформирован список трназакций за указанный период
2025-11-07 01:07:53,078 - utils_logger - INFO: Сформирован список трназакций за указанный период
2025-11-07 01:07:53,078 - utils_logger - INFO: Сформирован список трназакций за указанный период
2025-11-07 01:07:53,079 - utils_logger - INFO: Сформирован список трназакций за указанный период
2025-11-07 01:07:53,079 - utils_logger - INFO: Сформирован список трназакций за указанный период
2025-11-07 01:07:53,079 - utils_logger - INFO: Сформирован список трназакций за указанный период
2025-11-07 01:07:53,079 - utils_logger - INFO: Сформирован список трназакций за указанный период
2025-11-07 01:07:53,079 - utils_logger - INFO: Сформирован список трназакций за указанный период
2025-11-07 01:07:53,079 - utils_logger - INFO: Сформирован список трназакций за указанный период
2025-11-07 01:07:53,079 - utils_logger - INFO: Сформирован список трназакций за указанный период
2025-11-07 01:07:53,079 - utils_logger - INFO: Сформирован список трназакций за указанный период
2025-11-07 01:07:53,079 - utils_logger - INFO: Сформирован список трназакций за указанный период
2025-11-07 01:07:53,079 - utils_logger - INFO: Сформирован список трназакций за указанный период
2025-11-07 01:07:53,079 - utils_logger - INFO: Сформирован список трназакций за указанный период
2025-11-07 01:07:53,079 - utils_logger - INFO: Сформирован список трназакций за указанный период
2025-11-07 01:07:53,079 - utils_logger - INFO: Сформирован список трназакций за указанный период
2025-11-07 01:07:53,079 - utils_logger - INFO: Сформирован список трназакций за указанный период
2025-11-07 01:07:53,079 - utils_logger - INFO: Сформирован список трназакций за указанный период
2025-11-07 01:07:53,079 - utils_logger - INFO: Сформирован список трназакций за указанный период
2025-11-07 01:07:53,079 - utils_logger - INFO: Сформирован список трназакций за указанный период
2025-11-07 01:07:53,079 - utils_logger - INFO: Сформирован список трназакций за указанный период
2025-11-07 01:07:53,079 - utils_logger - INFO: Сформирован список трназакций за указанный период
2025-11-07 01:07:53,079 - utils_logger - INFO: Сформирован список трназакций за указанный период
2025-11-07 01:07:53,079 - utils_logger - INFO: Сформирован список трназакций за указанный период
2025-11-07 01:07:53,079 - utils_logger - INFO: Сформирован список трназакций за указанный период
2025-11-07 01:07:53,079 - utils_logger - INFO: Сформирован список трназакций за указанный период
2025-11-07 01:07:53,080 - utils_logger - INFO: Сформирован список трназакций за указанный период
2025-11-07 01:07:53,080 - utils_logger - INFO: Сформирован список трназакций за указанный период
2025-11-07 01:07:53,080 - utils_logger - INFO: Сформирован список трназакций за указанный период
2025-11-07 01:07:53,080 - utils_logger - INFO: Сформирован список трназакций за указанный период
2025-11-07 01:07:53,080 - utils_logger - INFO: Сформирован список трназакций за указанный период
2025-11-07 01:07:53,080 - utils_logger - INFO: Сформирован список трназакций за указанный период
2025-11-07 01:07:53,080 - utils_logger - INFO: Сформирован список трназакций за указанный период
2025-11-07 01:07:53,080 - utils_logger - INFO: Сформирован список трназакций за указанный период
2025-11-07 01:07:53,080 - utils_logger - INFO: Сформирован список трназакций за указанный период
2025-11-07 01:07:53,080 - utils_logger - INFO: Сформирован список трназакций за указанный период
2025-11-07 01:07:53,080 - utils_logger - INFO: Сформирован список трназакций за указанный период
2025-11-07 01:07:53,080 - utils_logger - INFO: Сформирован список трназакций за указанный период
2025-11-07 01:07:53,080 - utils_logger - INFO: Сформирован список трназакций за указанный период
2025-11-07 01:07:53,080 - utils_logger - INFO: Сформирован список трназакций за указанный период
2025-11-07 01:07:53,080 - utils_logger - INFO: Сформирован список трназакций за указанный период
2025-11-07 01:07:53,080 - utils_logger - INFO: Сформирован список трназакций за указанный период
2025-11-07 01:07:53,080 - utils_logger - INFO: Сформирован список трназакций за указанный период
2025-11-07 01:07:53,080 - utils_logger - INFO: Сформирован список трназакций за указанный период
2025-11-07 01:07:53,080 - utils_logger - INFO: Сформирован список трназакций за указанный период
2025-11-07 01:07:53,080 - utils_logger - INFO: Сформирован список трназакций за указанный период
2025-11-07 01:07:53,080 - utils_logger - INFO: Сформирован список трназакций за указанный период
2025-11-07 01:07:53,080 - utils_logger - INFO: Сформирован список трназакций за указанный период
2025-11-07 01:07:53,080 - utils_logger - INFO: Сформирован список трназакций за указанный период
2025-11-07 01:07:53,081 - utils_logger - INFO: Сформирован список трназакций за указанный период
2025-11-07 01:07:53,081 - utils_logger - INFO: Сформирован список трназакций за указанный период
2025-11-07 01:07:53,081 - utils_logger - INFO: Сформирован список трназакций за указанный период
2025-11-07 01:07:53,081 - utils_logger - INFO: Сформирован список трназакций за указанный период
2025-11-07 01:07:53,081 - utils_logger - INFO: Сформирован список трназакций за указанный период
2025-11-07 01:07:53,081 - utils_logger - INFO: Сформирован список трназакций за указанный период
2025-11-07 01:07:53,081 - utils_logger - INFO: Сформирован список трназакций за указанный период
2025-11-07 01:07:53,081 - utils_logger - INFO: Сформирован список трназакций за указанный период
2025-11-07 01:07:53,081 - utils_logger - INFO: Сформирован список трназакций за указанный период
2025-11-07 01:07:53,081 - utils_logger - INFO: Сформирован список трназакций за указанный период
2025-11-07 01:07:53,081 - utils_logger - INFO: Сформирован список трназакций за указанный период
2025-11-07 01:07:53,081 - utils_logger - INFO: Сформирован список трназакций за указанный период
2025-11-07 01:07:53,081 - utils_logger - INFO: Сформирован список трназакций за указанный период
2025-11-07 01:07:53,081 - utils_logger - INFO: Сформирован список трназакций за указанный период
2025-11-07 01:07:53,081 - utils_logger - INFO: Сформирован список трназакций за указанный период
2025-11-07 01:07:53,081 - utils_logger - INFO: Сформирован список трназакций за указанный период
2025-11-07 01:07:53,081 - utils_logger - INFO: Сформирован список трназакций за указанный период
2025-11-07 01:07:53,081 - utils_logger - INFO: Сформирован список трназакций за указанный период
2025-11-07 01:07:53,081 - utils_logger - INFO: Сформирован список трназакций за указанный период
2025-11-07 01:07:53,081 - utils_logger - INFO: Сформирован список трназакций за указанный период
2025-11-07 01:07:53,081 - utils_logger - INFO: Сформирован список трназакций за указанный период
2025-11-07 01:07:53,082 - utils_logger - INFO: Сформирован список трназакций за указанный период
2025-11-07 01:07:53,082 - utils_logger - INFO: Сформирован список трназакций за указанный период
2025-11-07 01:07:53,082 - utils_logger - INFO: Сформирован список трназакций за указанный период
2025-11-07 01:07:53,082 - utils_logger - INFO: Сформирован список трназакций за указанный период
2025-11-07 01:07:53,082 - utils_logger - INFO: Сформирован список трназакций за указанный период
2025-11-07 01:07:53,082 - utils_logger - INFO: Сформирован список трназакций за указанный период
2025-11-07 01:07:53,082 - utils_logger - INFO: Сформирован список трназакций за указанный период
2025-11-07 01:07:53,082 - utils_logger - INFO: Сформирован список трназакций за указанный период
2025-11-07 01:07:53,082 - utils_logger - INFO: Сформирован список трназакций за указанный период
2025-11-07 01:07:53,082 - utils_logger - INFO: Сформирован список трназакций за указанный период
2025-11-07 01:07:53,082 - utils_logger - INFO: Сформирован список трназакций за указанный период
2025-11-07 01:07:53,082 - utils_logger - INFO: Сформирован список трназакций за указанный период
2025-11-07 01:07:53,082 - utils_logger - INFO: Сформирован список трназакций за указанный период
2025-11-07 01:07:53,082 - utils_logger - INFO: Сформирован список трназакций за указанный период
2025-11-07 01:07:53,082 - utils_logger - INFO: Сформирован список трназакций за указанный период
2025-11-07 01:07:53,082 - utils_logger - INFO: Сформирован список трназакций за указанный период
2025-11-07 01:07:53,082 - utils_logger - INFO: Сформирован список трназакций за указанный период
2025-11-07 01:07:53,082 - utils_logger - INFO: Сформирован список трназакций за указанный период
2025-11-07 01:07:53,082 - utils_logger - INFO: Сформирован список трназакций за указанный период
2025-11-07 01:07:53,082 - utils_logger - INFO: Сформирован список трназакций за указанный период
2025-11-07 01:07:53,082 - utils_logger - INFO: Сформирован список трназакций за указанный период
2025-11-07 01:07:53,082 - utils_logger - INFO: Сформирован список трназакций за указанный период
2025-11-07 01:07:53,082 - utils_logger - INFO: Сформирован список трназакций за указанный период
2025-11-07 01:07:53,083 - utils_logger - INFO: Сформирован список трназакций за указанный период
2025-11-07 01:07:53,083 - utils_logger - INFO: Сформирован список трназакций за указанный период
2025-11-07 01:07:53,083 - utils_logger - INFO: Сформирован список трназакций за указанный период
2025-11-07 01:07:53,083 - utils_logger - INFO: Сформирован список трназакций за указанный период
2025-11-07 01:07:53,083 - utils_logger - INFO: Сформирован список трназакций за указанный период
2025-11-07 01:07:53,083 - utils_logger - INFO: Сформирован список трназакций за указанный период
2025-11-07 01:07:53,083 - utils_logger - INFO: Сформирован список трназакций за указанный период
2025-11-07 01:07:53,083 - utils_logger - INFO: Сформирован список трназакций за указанный период
2025-11-07 01:07:53,083 - utils_logger - INFO: Сформирован список трназакций за указанный период
2025-11-07 01:07:53,083 - utils_logger - INFO: Сформирован список трназакций за указанный период
2025-11-07 01:07:53,083 - utils_logger - INFO: Сформирован список трназакций за указанный период
2025-11-07 01:07:53,083 - utils_logger - INFO: Сформирован список трназакций за указанный период
2025-11-07 01:07:53,083 - utils_logger - INFO: Сформирован список трназакций за указанный период
2025-11-07 01:07:53,083 - utils_logger - INFO: Сформирован список трназакций за указанный период
2025-11-07 01:07:53,083 - utils_logger - INFO: Сформирован список трназакций за указанный период
2025-11-07 01:07:53,083 - utils_logger - INFO: Сформирован список трназакций за указанный период
2025-11-07 01:07:53,083 - utils_logger - INFO: Сформирован список трназакций за указанный период
2025-11-07 01:07:53,083 - utils_logger - INFO: Сформирован список трназакций за указанный период
2025-11-07 01:07:53,083 - utils_logger - INFO: Сформирован список трназакций за указанный период
2025-11-07 01:07:53,083 - utils_logger - INFO: Сформирован список трназакций за указанный период
2025-11-07 01:07:53,083 - utils_logger - INFO: Сформирован список трназакций за указанный период
2025-11-07 01:07:53,083 - utils_logger - INFO: Сформирован список трназакций за указанный период
2025-11-07 01:07:53,084 - utils_logger - INFO: Сформирован список трназакций за указанный период
2025-11-07 01:07:53,084 - utils_logger - INFO: Сформирован список трназакций за указанный период
2025-11-07 01:07:53,084 - utils_logger - INFO: Сформирован список трназакций за указанный период
2025-11-07 01:07:53,084 - utils_logger - INFO: Сформирован список трназакций за указанный период
2025-11-07 01:07:53,084 - utils_logger - INFO: Сформирован список трназакций за указанный период
2025-11-07 01:07:53,084 - utils_logger - INFO: Сформирован список трназакций за указанный период
2025-11-07 01:07:53,084 - utils_logger - INFO: Сформирован список трназакций за указанный период
2025-11-07 01:07:53,084 - utils_logger - INFO: Сформирован список трназакций за указанный период
2025-11-07 01:07:53,084 - utils_logger - INFO: Сформирован список трназакций за указанный период
2025-11-07 01:07:53,084 - utils_logger - INFO: Сформирован список трназакций за указанный период
2025-11-07 01:07:53,084 - utils_logger - INFO: Сформирован список трназакций за указанный период
2025-11-07 01:07:53,084 - utils_logger - INFO: Сформирован список трназакций за указанный период
2025-11-07 01:07:53,084 - utils_logger - INFO: Сформирован список трназакций за указанный период
2025-11-07 01:07:53,084 - utils_logger - INFO: Сформирован список трназакций за указанный период
2025-11-07 01:07:53,084 - utils_logger - INFO: Сформирован список трназакций за указанный период
2025-11-07 01:07:53,084 - utils_logger - INFO: Сформирован список трназакций за указанный период
2025-11-07 01:07:53,084 - utils_logger - INFO: Сформирован список трназакций за указанный период
2025-11-07 01:07:53,084 - utils_logger - INFO: Сформирован список трназакций за указанный период
2025-11-07 01:07:53,084 - utils_logger - INFO: Сформирован список трназакций за указанный период
2025-11-07 01:07:53,084 - utils_logger - INFO: Сформирован список трназакций за указанный период
2025-11-07 01:07:53,084 - utils_logger - INFO: Сформирован список трназакций за указанный период
2025-11-07 01:07:53,084 - utils_logger - INFO: Сформирован список трназакций за указанный период
2025-11-07 01:07:53,084 - utils_logger - INFO: Сформирован список трназакций за указанный период
2025-11-07 01:07:53,085 - utils_logger - INFO: Сформирован список трназакций за указанный период
2025-11-07 01:07:53,085 - utils_logger - INFO: Сформирован список трназакций за указанный период
2025-11-07 01:07:53,085 - utils_logger - INFO: Сформирован список трназакций за указанный период
2025-11-07 01:07:53,085 - utils_logger - INFO: Сформирован список трназакций за указанный период
2025-11-07 01:07:53,085 - utils_logger - INFO: Сформирован список трназакций за указанный период
2025-11-07 01:07:53,085 - utils_logger - INFO: Сформирован список трназакций за указанный период
2025-11-07 01:07:53,085 - utils_logger - INFO: Сформирован список трназакций за указанный период
2025-11-07 01:07:53,085 - utils_logger - INFO: Сформирован список трназакций за указанный период
2025-11-07 01:07:53,085 - utils_logger - INFO: Сформирован список трназакций за указанный период
2025-11-07 01:07:53,085 - utils_logger - INFO: Сформирован список трназакций за указанный период
2025-11-07 01:07:53,085 - utils_logger - INFO: Сформирован список трназакций за указанный период
2025-11-07 01:07:53,085 - utils_logger - INFO: Сформирован список трназакций за указанный период
2025-11-07 01:07:53,085 - utils_logger - INFO: Сформирован список трназакций за указанный период
2025-11-07 01:07:53,085 - utils_logger - INFO: Сформирован список трназакций за указанный период
2025-11-07 01:07:53,085 - utils_logger - INFO: Сформирован список трназакций за указанный период
2025-11-07 01:07:53,085 - utils_logger - INFO: Сформирован список трназакций за указанный период
2025-11-07 01:07:53,085 - utils_logger - INFO: Сформирован список трназакций за указанный период
2025-11-07 01:07:53,085 - utils_logger - INFO: Сформирован список трназакций за указанный период
2025-11-07 01:07:53,085 - utils_logger - INFO: Сформирован список трназакций за указанный период
2025-11-07 01:07:53,085 - utils_logger - INFO: Сформирован список трназакций за указанный период
2025-11-07 01:07:53,085 - utils_logger - INFO: Сформирован список трназакций за указанный период
2025-11-07 01:07:53,085 - utils_logger - INFO: Сформирован список трназакций за указанный период
2025-11-07 01:07:53,085 - utils_logger - INFO: Сформирован список трназакций за указанный период
2025-11-07 01:07:53,086 - utils_logger - INFO: Сформирован список трназакций за указанный период
2025-11-07 01:07:53,086 - utils_logger - INFO: Сформирован список трназакций за указанный период
2025-11-07 01:07:53,086 - utils_logger - INFO: Сформирован список трназакций за указанный период
2025-11-07 01:07:53,086 - utils_logger - INFO: Сформирован список трназакций за указанный период
2025-11-07 01:07:53,086 - utils_logger - INFO: Сформирован список трназакций за указанный период
2025-11-07 01:07:53,086 - utils_logger - INFO: Сформирован список трназакций за указанный период
2025-11-07 01:07:53,086 - utils_logger - INFO: Сформирован список трназакций за указанный период
2025-11-07 01:07:53,086 - utils_logger - INFO: Сформирован список трназакций за указанный период
2025-11-07 01:07:53,086 - utils_logger - INFO: Сформирован список трназакций за указанный период
2025-11-07 01:07:53,086 - utils_logger - INFO: Сформирован список трназакций за указанный период
2025-11-07 01:07:53,086 - utils_logger - INFO: Сформирован список трназакций за указанный период
2025-11-07 01:07:53,086 - utils_logger - INFO: Сформирован список трназакций за указанный период
2025-11-07 01:07:53,086 - utils_logger - INFO: Сформирован список трназакций за указанный период
2025-11-07 01:07:53,086 - utils_logger - INFO: Сформирован список трназакций за указанный период
2025-11-07 01:07:53,086 - utils_logger - INFO: Сформирован список трназакций за указанный период
2025-11-07 01:07:53,086 - utils_logger - INFO: Сформирован список трназакций за указанный период
2025-11-07 01:07:53,086 - utils_logger - INFO: Сформирован список трназакций за указанный период
2025-11-07 01:07:53,086 - utils_logger - INFO: Сформирован список трназакций за указанный период
2025-11-07 01:07:53,086 - utils_logger - INFO: Сформирован список трназакций за указанный период
2025-11-07 01:07:53,086 - utils_logger - INFO: Сформирован список трназакций за указанный период
2025-11-07 01:07:53,086 - utils_logger - INFO: Сформирован список трназакций за указанный период
2025-11-07 01:07:53,086 - utils_logger - INFO: Сформирован список трназакций за указанный период
2025-11-07 01:07:53,087 - utils_logger - INFO: Сформирован список трназакций за указанный период
2025-11-07 01:07:53,087 - utils_logger - INFO: Сформирован список трназакций за указанный период
2025-11-07 01:07:53,087 - utils_logger - INFO: Сформирован список трназакций за указанный период
2025-11-07 01:07:53,087 - utils_logger - INFO: Сформирован список трназакций за указанный период
2025-11-07 01:07:53,087 - utils_logger - INFO: Сформирован список трназакций за указанный период
2025-11-07 01:07:53,087 - utils_logger - INFO: Сформирован список трназакций за указанный период
2025-11-07 01:07:53,087 - utils_logger - INFO: Сформирован список трназакций за указанный период
2025-11-07 01:07:53,087 - utils_logger - INFO: Сформирован список трназакций за указанный период
2025-11-07 01:07:53,087 - utils_logger - INFO: Сформирован список трназакций за указанный период
2025-11-07 01:07:53,087 - utils_logger - INFO: Сформирован список трназакций за указанный период
2025-11-07 01:07:53,087 - utils_logger - INFO: Сформирован список трназакций за указанный период
2025-11-07 01:07:53,087 - utils_logger - INFO: Сформирован список трназакций за указанный период
2025-11-07 01:07:53,087 - utils_logger - INFO: Сформирован список трназакций за указанный период
2025-11-07 01:07:53,087 - utils_logger - INFO: Сформирован список трназакций за указанный период
2025-11-07 01:07:53,087 - utils_logger - INFO: Сформирован список трназакций за указанный период
2025-11-07 01:07:53,087 - utils_logger - INFO: Сформирован список трназакций за указанный период
2025-11-07 01:07:53,087 - utils_logger - INFO: Сформирован список трназакций за указанный период
2025-11-07 01:07:53,087 - utils_logger - INFO: Сформирован список трназакций за указанный период
2025-11-07 01:07:53,087 - utils_logger - INFO: Сформирован список трназакций за указанный период
2025-11-07 01:07:53,087 - utils_logger - INFO: Сформирован список трназакций за указанный период
2025-11-07 01:07:53,087 - utils_logger - INFO: Сформирован список трназакций за указанный период
2025-11-07 01:07:53,088 - utils_logger - INFO: Сформирован список трназакций за указанный период
2025-11-07 01:07:53,088 - utils_logger - INFO: Сформирован список трназакций за указанный период
2025-11-07 01:07:53,088 - utils_logger - INFO: Сформирован список трназакций за указанный период
2025-11-07 01:07:53,088 - utils_logger - INFO: Сформирован список трназакций за указанный период
2025-11-07 01:07:53,088 - utils_logger - INFO: Сформирован список трназакций за указанный период
2025-11-07 01:07:53,088 - utils_logger - INFO: Сформирован список трназакций за указанный период
2025-11-07 01:07:53,088 - utils_logger - INFO: Сформирован список трназакций за указанный период
2025-11-07 01:07:53,088 - utils_logger - INFO: Сформирован список трназакций за указанный период
2025-11-07 01:07:53,088 - utils_logger - INFO: Сформирован список трназакций за указанный период
2025-11-07 01:07:53,088 - utils_logger - INFO: Сформирован список трназакций за указанный период
2025-11-07 01:07:53,088 - utils_logger - INFO: Сформирован список трназакций за указанный период
2025-11-07 01:07:53,088 - utils_logger - INFO: Сформирован список трназакций за указанный период
2025-11-07 01:07:53,088 - utils_logger - INFO: Сформирован список трназакций за указанный период
2025-11-07 01:07:53,088 - utils_logger - INFO: Сформирован список трназакций за указанный период
2025-11-07 01:07:53,088 - utils_logger - INFO: Сформирован список трназакций за указанный период
2025-11-07 01:07:53,088 - utils_logger - INFO: Сформирован список трназакций за указанный период
2025-11-07 01:07:53,088 - utils_logger - INFO: Сформирован список трназакций за указанный период
2025-11-07 01:07:53,088 - utils_logger - INFO: Сформирован список трназакций за указанный период
2025-11-07 01:07:53,088 - utils_logger - INFO: Сформирован список трназакций за указанный период
2025-11-07 01:07:53,088 - utils_logger - INFO: Сформирован список трназакций за указанный период
2025-11-07 01:07:53,088 - utils_logger - INFO: Сформирован список трназакций за указанный период
2025-11-07 01:07:53,088 - utils_logger - INFO: Сформирован список трназакций за указанный период
2025-11-07 01:07:53,088 - utils_logger - INFO: Сформирован список трназакций за указанный период
2025-11-07 01:07:53,089 - utils_logger - INFO: Сформирован список трназакций за указанный период
2025-11-07 01:07:53,089 - utils_logger - INFO: Сформирован список трназакций за указанный период
2025-11-07 01:07:53,089 - utils_logger - INFO: Сформирован список трназакций за указанный период
2025-11-07 01:07:53,089 - utils_logger - INFO: Сформирован список трназакций за указанный период
2025-11-07 01:07:53,089 - utils_logger - INFO: Сформирован список трназакций за указанный период
2025-11-07 01:07:53,089 - utils_logger - INFO: Сформирован список трназакций за указанный период
2025-11-07 01:07:53,089 - utils_logger - INFO: Сформирован список трназакций за указанный период
2025-11-07 01:07:53,089 - utils_logger - INFO: Сформирован список трназакций за указанный период
2025-11-07 01:07:53,089 - utils_logger - INFO: Сформирован список трназакций за указанный период
2025-11-07 01:07:53,089 - utils_logger - INFO: Сформирован список трназакций за указанный период
2025-11-07 01:07:53,089 - utils_logger - INFO: Сформирован список трназакций за указанный период
2025-11-07 01:07:53,089 - utils_logger - INFO: Сформирован список трназакций за указанный период
2025-11-07 01:07:53,089 - utils_logger - INFO: Сформирован список трназакций за указанный период
2025-11-07 01:07:53,089 - utils_logger - INFO: Сформирован список трназакций за указанный период
2025-11-07 01:07:53,089 - utils_logger - INFO: Сформирован список трназакций за указанный период
2025-11-07 01:07:53,089 - utils_logger - INFO: Сформирован список трназакций за указанный период
2025-11-07 01:07:53,089 - utils_logger - INFO: Сформирован список трназакций за указанный период
2025-11-07 01:07:53,089 - utils_logger - INFO: Сформирован список трназакций за указанный период
2025-11-07 01:07:53,090 - utils_logger - INFO: Сформирован список трназакций за указанный период
2025-11-07 01:07:53,090 - utils_logger - INFO: Сформирован список трназакций за указанный период
2025-11-07 01:07:53,090 - utils_logger - INFO: Сформирован список трназакций за указанный период
2025-11-07 01:07:53,090 - utils_logger - INFO: Сформирован список трназакций за указанный период
2025-11-07 01:07:53,090 - utils_logger - INFO: Сформирован список трназакций за указанный период
2025-11-07 01:07:53,090 - utils_logger - INFO: Сформирован список трназакций за указанный период
2025-11-07 01:07:53,090 - utils_logger - INFO: Сформирован список трназакций за указанный период
2025-11-07 01:07:53,090 - utils_logger - INFO: Сформирован список трназакций за указанный период
2025-11-07 01:07:53,090 - utils_logger - INFO: Сформирован список трназакций за указанный период
2025-11-07 01:07:53,090 - utils_logger - INFO: Сформирован список трназакций за указанный период
2025-11-07 01:07:53,090 - utils_logger - INFO: Сформирован список трназакций за указанный период
2025-11-07 01:07:53,090 - utils_logger - INFO: Сформирован список трназакций за указанный период
2025-11-07 01:07:53,090 - utils_logger - INFO: Сформирован список трназакций за указанный период
2025-11-07 01:07:53,090 - utils_logger - INFO: Сформирован список трназакций за указанный период
2025-11-07 01:07:53,090 - utils_logger - INFO: Сформирован список трназакций за указанный период
2025-11-07 01:07:53,090 - utils_logger - INFO: Сформирован список трназакций за указанный период
2025-11-07 01:07:53,090 - utils_logger - INFO: Сформирован список трназакций за указанный период
2025-11-07 01:07:53,090 - utils_logger - INFO: Сформирован список трназакций за указанный период
2025-11-07 01:07:53,090 - utils_logger - INFO: Сформирован список трназакций за указанный период
2025-11-07 01:07:53,090 - utils_logger - INFO: Сформирован список трназакций за указанный период
2025-11-07 01:07:53,090 - utils_logger - INFO: Сформирован список трназакций за указанный период
2025-11-07 01:07:53,090 - utils_logger - INFO: Сформирован список трназакций за указанный период
2025-11-07 01:07:53,090 - utils_logger - INFO: Сформирован список трназакций за указанный период
2025-11-07 01:07:53,091 - utils_logger - INFO: Сформирован список трназакций за указанный период
2025-11-07 01:07:53,091 - utils_logger - INFO: Сформирован список трназакций за указанный период
2025-11-07 01:07:53,091 - utils_logger - INFO: Сформирован список трназакций за указанный период
2025-11-07 01:07:53,091 - utils_logger - INFO: Сформирован список трназакций за указанный период
2025-11-07 01:07:53,091 - utils_logger - INFO: Сформирован список трназакций за указанный период
2025-11-07 01:07:53,091 - utils_logger - INFO: Сформирован список трназакций за указанный период
2025-11-07 01:07:53,091 - utils_logger - INFO: Сформирован список трназакций за указанный период
2025-11-07 01:07:53,091 - utils_logger - INFO: Сформирован список трназакций за указанный период
2025-11-07 01:07:53,091 - utils_logger - INFO: Сформирован список трназакций за указанный период
2025-11-07 01:07:53,091 - utils_logger - INFO: Сформирован список трназакций за указанный период
2025-11-07 01:07:53,091 - utils_logger - INFO: Сформирован список трназакций за указанный период
2025-11-07 01:07:53,091 - utils_logger - INFO: Сформирован список трназакций за указанный период
2025-11-07 01:07:53,091 - utils_logger - INFO: Сформирован список трназакций за указанный период
2025-11-07 01:07:53,091 - utils_logger - INFO: Сформирован список трназакций за указанный период
2025-11-07 01:07:53,091 - utils_logger - INFO: Сформирован список трназакций за указанный период
2025-11-07 01:07:53,091 - utils_logger - INFO: Сформирован список трназакций за указанный период
2025-11-07 01:07:53,091 - utils_logger - INFO: Сформирован список трназакций за указанный период
2025-11-07 01:07:53,091 - utils_logger - INFO: Сформирован список трназакций за указанный период
2025-11-07 01:07:53,091 - utils_logger - INFO: Сформирован список трназакций за указанный период
2025-11-07 01:07:53,091 - utils_logger - INFO: Сформирован список трназакций за указанный период
2025-11-07 01:07:53,091 - utils_logger - INFO: Сформирован список трназакций за указанный период
2025-11-07 01:07:53,091 - utils_logger - INFO: Сформирован список трназакций за указанный период
2025-11-07 01:07:53,092 - utils_logger - INFO: Сформирован список трназакций за указанный период
2025-11-07 01:07:53,092 - utils_logger - INFO: Сформирован список трназакций за указанный период
2025-11-07 01:07:53,092 - utils_logger - INFO: Сформирован список трназакций за указанный период
2025-11-07 01:07:53,092 - utils_logger - INFO: Сформирован список трназакций за указанный период
2025-11-07 01:07:53,092 - utils_logger - INFO: Сформирован список трназакций за указанный период
2025-11-07 01:07:53,092 - utils_logger - INFO: Сформирован список трназакций за указанный период
2025-11-07 01:07:53,092 - utils_logger - INFO: Сформирован список трназакций за указанный период
2025-11-07 01:07:53,092 - utils_logger - INFO: Сформирован список трназакций за указанный период
2025-11-07 01:07:53,092 - utils_logger - INFO: Сформирован список трназакций за указанный период
2025-11-07 01:07:53,092 - utils_logger - INFO: Сформирован список трназакций за указанный период
2025-11-07 01:07:53,092 - utils_logger - INFO: Сформирован список трназакций за указанный период
2025-11-07 01:07:53,092 - utils_logger - INFO: Сформирован список трназакций за указанный период
2025-11-07 01:07:53,092 - utils_logger - INFO: Сформирован список трназакций за указанный период
2025-11-07 01:07:53,092 - utils_logger - INFO: Сформирован список трназакций за указанный период
2025-11-07 01:07:53,092 - utils_logger - INFO: Сформирован список трназакций за указанный период
2025-11-07 01:07:53,092 - utils_logger - INFO: Сформирован список трназакций за указанный период
2025-11-07 01:07:53,092 - utils_logger - INFO: Сформирован список трназакций за указанный период
2025-11-07 01:07:53,092 - utils_logger - INFO: Сформирован список трназакций за указанный период
2025-11-07 01:07:53,092 - utils_logger - INFO: Сформирован список трназакций за указанный период
2025-11-07 01:07:53,092 - utils_logger - INFO: Сформирован список трназакций за указанный период
2025-11-07 01:07:53,092 - utils_logger - INFO: Сформирован список трназакций за указанный период
2025-11-07 01:07:53,092 - utils_logger - INFO: Сформирован список трназакций за указанный период
2025-11-07 01:07:53,092 - utils_logger - INFO: Сформирован список трназакций за указанный период
2025-11-07 01:07:53,093 - utils_logger - INFO: Сформирован список трназакций за указанный период
2025-11-07 01:07:53,093 - utils_logger - INFO: Сформирован список трназакций за указанный период
2025-11-07 01:07:53,093 - utils_logger - INFO: Сформирован список трназакций за указанный период
2025-11-07 01:07:53,093 - utils_logger - INFO: Сформирован список трназакций за указанный период
2025-11-07 01:07:53,093 - utils_logger - INFO: Сформирован список трназакций за указанный период
2025-11-07 01:07:53,093 - utils_logger - INFO: Сформирован список трназакций за указанный период
2025-11-07 01:07:53,093 - utils_logger - INFO: Сформирован список трназакций за указанный период
2025-11-07 01:07:53,093 - utils_logger - INFO: Сформирован список трназакций за указанный период
2025-11-07 01:07:53,093 - utils_logger - INFO: Сформирован список трназакций за указанный период
2025-11-07 01:07:53,093 - utils_logger - INFO: Сформирован список трназакций за указанный период
2025-11-07 01:07:53,093 - utils_logger - INFO: Сформирован список трназакций за указанный период
2025-11-07 01:07:53,093 - utils_logger - INFO: Сформирован список трназакций за указанный период
2025-11-07 01:07:53,093 - utils_logger - INFO: Сформирован список трназакций за указанный период
2025-11-07 01:07:53,093 - utils_logger - INFO: Сформирован список трназакций за указанный период
2025-11-07 01:07:53,093 - utils_logger - INFO: Сформирован список трназакций за указанный период
2025-11-07 01:07:53,093 - utils_logger - INFO: Сформирован список трназакций за указанный период
2025-11-07 01:07:53,093 - utils_logger - INFO: Сформирован список трназакций за указанный период
2025-11-07 01:07:53,093 - utils_logger - INFO: Сформирован список трназакций за указанный период
2025-11-07 01:07:53,093 - utils_logger - INFO: Сформирован список трназакций за указанный период
2025-11-07 01:07:53,093 - utils_logger - INFO: Сформирован список трназакций за указанный период
2025-11-07 01:07:53,094 - utils_logger - INFO: Сформирован список трназакций за указанный период
2025-11-07 01:07:53,094 - utils_logger - INFO: Сформирован список трназакций за указанный период
2025-11-07 01:07:53,094 - utils_logger - INFO: Сформирован список трназакций за указанный период
2025-11-07 01:07:53,094 - utils_logger - INFO: Сформирован список трназакций за указанный период
2025-11-07 01:07:53,094 - utils_logger - INFO: Сформирован список трназакций за указанный период
2025-11-07 01:07:53,094 - utils_logger - INFO: Сформирован список трназакций за указанный период
2025-11-07 01:07:53,094 - utils_logger - INFO: Сформирован список трназакций за указанный период
2025-11-07 01:07:53,094 - utils_logger - INFO: Сформирован список трназакций за указанный период
2025-11-07 01:07:53,094 - utils_logger - INFO: Сформирован список трназакций за указанный период
2025-11-07 01:07:53,094 - utils_logger - INFO: Сформирован список трназакций за указанный период
2025-11-07 01:07:53,094 - utils_logger - INFO: Сформирован список трназакций за указанный период
2025-11-07 01:07:53,094 - utils_logger - INFO: Сформирован список трназакций за указанный период
2025-11-07 01:07:53,094 - utils_logger - INFO: Сформирован список трназакций за указанный период
2025-11-07 01:07:53,094 - utils_logger - INFO: Сформирован список трназакций за указанный период
2025-11-07 01:07:53,094 - utils_logger - INFO: Сформирован список трназакций за указанный период
2025-11-07 01:07:53,094 - utils_logger - INFO: Сформирован список трназакций за указанный период
2025-11-07 01:07:53,094 - utils_logger - INFO: Сформирован список трназакций за указанный период
2025-11-07 01:07:53,094 - utils_logger - INFO: Сформирован список трназакций за указанный период
2025-11-07 01:07:53,094 - utils_logger - INFO: Сформирован список трназакций за указанный период
2025-11-07 01:07:53,094 - utils_logger - INFO: Сформирован список трназакций за указанный период
2025-11-07 01:07:53,094 - utils_logger - INFO: Сформирован список трназакций за указанный период
2025-11-07 01:07:53,094 - utils_logger - INFO: Сформирован список трназакций за указанный период
2025-11-07 01:07:53,094 - utils_logger - INFO: Сформирован список трназакций за указанный период
2025-11-07 01:07:53,095 - utils_logger - INFO: Сформирован список трназакций за указанный период
2025-11-07 01:07:53,095 - utils_logger - INFO: Сформирован список трназакций за указанный период
2025-11-07 01:07:53,095 - utils_logger - INFO: Сформирован список трназакций за указанный период
2025-11-07 01:07:53,095 - utils_logger - INFO: Сформирован список трназакций за указанный период
2025-11-07 01:07:53,095 - utils_logger - INFO: Сформирован список трназакций за указанный период
2025-11-07 01:07:53,095 - utils_logger - INFO: Сформирован список трназакций за указанный период
2025-11-07 01:07:53,095 - utils_logger - INFO: Сформирован список трназакций за указанный период
2025-11-07 01:07:53,095 - utils_logger - INFO: Сформирован список трназакций за указанный период
2025-11-07 01:07:53,095 - utils_logger - INFO: Сформирован список трназакций за указанный период
2025-11-07 01:07:53,095 - utils_logger - INFO: Сформирован список трназакций за указанный период
2025-11-07 01:07:53,095 - utils_logger - INFO: Сформирован список трназакций за указанный период
2025-11-07 01:07:53,095 - utils_logger - INFO: Сформирован список трназакций за указанный период
2025-11-07 01:07:53,095 - utils_logger - INFO: Сформирован список трназакций за указанный период
2025-11-07 01:07:53,095 - utils_logger - INFO: Сформирован список трназакций за указанный период
2025-11-07 01:07:53,095 - utils_logger - INFO: Сформирован список трназакций за указанный период
2025-11-07 01:07:53,095 - utils_logger - INFO: Сформирован список трназакций за указанный период
2025-11-07 01:07:53,095 - utils_logger - INFO: Сформирован список трназакций за указанный период
2025-11-07 01:07:53,095 - utils_logger - INFO: Сформирован список трназакций за указанный период
2025-11-07 01:07:53,095 - utils_logger - INFO: Сформирован список трназакций за указанный период
2025-11-07 01:07:53,095 - utils_logger - INFO: Сформирован список трназакций за указанный период
2025-11-07 01:07:53,095 - utils_logger - INFO: Сформирован список трназакций за указанный период
2025-11-07 01:07:53,095 - utils_logger - INFO: Сформирован список трназакций за указанный период
2025-11-07 01:07:53,096 - utils_logger - INFO: Сформирован список трназакций за указанный период
2025-11-07 01:07:53,096 - utils_logger - INFO: Сформирован список трназакций за указанный период
2025-11-07 01:07:53,096 - utils_logger - INFO: Сформирован список трназакций за указанный период
2025-11-07 01:07:53,096 - utils_logger - INFO: Сформирован список трназакций за указанный период
2025-11-07 01:07:53,096 - utils_logger - INFO: Сформирован список трназакций за указанный период
2025-11-07 01:07:53,096 - utils_logger - INFO: Сформирован список трназакций за указанный период
2025-11-07 01:07:53,096 - utils_logger - INFO: Сформирован список трназакций за указанный период
2025-11-07 01:07:53,096 - utils_logger - INFO: Сформирован список трназакций за указанный период
2025-11-07 01:07:53,096 - utils_logger - INFO: Сформирован список трназакций за указанный период
2025-11-07 01:07:53,096 - utils_logger - INFO: Сформирован список трназакций за указанный период
2025-11-07 01:07:53,096 - utils_logger - INFO: Сформирован список трназакций за указанный период
2025-11-07 01:07:53,096 - utils_logger - INFO: Сформирован список трназакций за указанный период
2025-11-07 01:07:53,096 - utils_logger - INFO: Сформирован список трназакций за указанный период
2025-11-07 01:07:53,096 - utils_logger - INFO: Сформирован список трназакций за указанный период
2025-11-07 01:07:53,096 - utils_logger - INFO: Сформирован список трназакций за указанный период
2025-11-07 01:07:53,096 - utils_logger - INFO: Сформирован список трназакций за указанный период
2025-11-07 01:07:53,096 - utils_logger - INFO: Сформирован список трназакций за указанный период
2025-11-07 01:07:53,096 - utils_logger - INFO: Сформирован список трназакций за указанный период
2025-11-07 01:07:53,096 - utils_logger - INFO: Сформирован список трназакций за указанный период
2025-11-07 01:07:53,096 - utils_logger - INFO: Сформирован список трназакций за указанный период
2025-11-07 01:07:53,096 - utils_logger - INFO: Сформирован список трназакций за указанный период
2025-11-07 01:07:53,096 - utils_logger - INFO: Сформирован список трназакций за указанный период
2025-11-07 01:07:53,096 - utils_logger - INFO: Сформирован список трназакций за указанный период
2025-11-07 01:07:53,097 - utils_logger - INFO: Сформирован список трназакций за указанный период
2025-11-07 01:07:53,097 - utils_logger - INFO: Сформирован список трназакций за указанный период
2025-11-07 01:07:53,097 - utils_logger - INFO: Сформирован список трназакций за указанный период
2025-11-07 01:07:53,097 - utils_logger - INFO: Сформирован список трназакций за указанный период
2025-11-07 01:07:53,097 - utils_logger - INFO: Сформирован список трназакций за указанный период
2025-11-07 01:07:53,097 - utils_logger - INFO: Сформирован список трназакций за указанный период
2025-11-07 01:07:53,097 - utils_logger - INFO: Сформирован список трназакций за указанный период
2025-11-07 01:07:53,097 - utils_logger - INFO: Сформирован список трназакций за указанный период
2025-11-07 01:07:53,097 - utils_logger - INFO: Сформирован список трназакций за указанный период
2025-11-07 01:07:53,097 - utils_logger - INFO: Сформирован список трназакций за указанный период
2025-11-07 01:07:53,097 - utils_logger - INFO: Сформирован список трназакций за указанный период
2025-11-07 01:07:53,097 - utils_logger - INFO: Сформирован список трназакций за указанный период
2025-11-07 01:07:53,097 - utils_logger - INFO: Сформирован список трназакций за указанный период
2025-11-07 01:07:53,097 - utils_logger - INFO: Сформирован список трназакций за указанный период
2025-11-07 01:07:53,097 - utils_logger - INFO: Сформирован список трназакций за указанный период
2025-11-07 01:07:53,097 - utils_logger - INFO: Сформирован список трназакций за указанный период
2025-11-07 01:07:53,097 - utils_logger - INFO: Сформирован список трназакций за указанный период
2025-11-07 01:07:53,097 - utils_logger - INFO: Сформирован список трназакций за указанный период
2025-11-07 01:07:53,097 - utils_logger - INFO: Сформирован список трназакций за указанный период
2025-11-07 01:07:53,097 - utils_logger - INFO: Сформирован список трназакций за указанный период
2025-11-07 01:07:53,097 - utils_logger - INFO: Сформирован список трназакций за указанный период
2025-11-07 01:07:53,098 - utils_logger - INFO: Сформирован список трназакций за указанный период
2025-11-07 01:07:53,098 - utils_logger - INFO: Сформирован список трназакций за указанный период
2025-11-07 01:07:53,098 - utils_logger - INFO: Сформирован список трназакций за указанный период
2025-11-07 01:07:53,098 - utils_logger - INFO: Сформирован список трназакций за указанный период
2025-11-07 01:07:53,098 - utils_logger - INFO: Сформирован список трназакций за указанный период
2025-11-07 01:07:53,098 - utils_logger - INFO: Сформирован список трназакций за указанный период
2025-11-07 01:07:53,098 - utils_logger - INFO: Сформирован список трназакций за указанный период
2025-11-07 01:07:53,098 - utils_logger - INFO: Сформирован список трназакций за указанный период
2025-11-07 01:07:53,098 - utils_logger - INFO: Сформирован список трназакций за указанный период
2025-11-07 01:07:53,098 - utils_logger - INFO: Сформирован список трназакций за указанный период
2025-11-07 01:07:53,098 - utils_logger - INFO: Сформирован список трназакций за указанный период
2025-11-07 01:07:53,098 - utils_logger - INFO: Сформирован список трназакций за указанный период
2025-11-07 01:07:53,098 - utils_logger - INFO: Сформирован список трназакций за указанный период
2025-11-07 01:07:53,098 - utils_logger - INFO: Сформирован список трназакций за указанный период
2025-11-07 01:07:53,098 - utils_logger - INFO: Сформирован список трназакций за указанный период
2025-11-07 01:07:53,098 - utils_logger - INFO: Сформирован список трназакций за указанный период
2025-11-07 01:07:53,098 - utils_logger - INFO: Сформирован список трназакций за указанный период
2025-11-07 01:07:53,098 - utils_logger - INFO: Сформирован список трназакций за указанный период
2025-11-07 01:07:53,098 - utils_logger - INFO: Сформирован список трназакций за указанный период
2025-11-07 01:07:53,098 - utils_logger - INFO: Сформирован список трназакций за указанный период
2025-11-07 01:07:53,098 - utils_logger - INFO: Сформирован список трназакций за указанный период
2025-11-07 01:07:53,098 - utils_logger - INFO: Сформирован список трназакций за указанный период
2025-11-07 01:07:53,099 - utils_logger - INFO: Сформирован список трназакций за указанный период
2025-11-07 01:07:53,099 - utils_logger - INFO: Сформирован список трназакций за указанный период
2025-11-07 01:07:53,099 - utils_logger - INFO: Сформирован список трназакций за указанный период
2025-11-07 01:07:53,099 - utils_logger - INFO: Сформирован список трназакций за указанный период
2025-11-07 01:07:53,099 - utils_logger - INFO: Сформирован список трназакций за указанный период
2025-11-07 01:07:53,099 - utils_logger - INFO: Сформирован список трназакций за указанный период
2025-11-07 01:07:53,099 - utils_logger - INFO: Сформирован список трназакций за указанный период
2025-11-07 01:07:53,099 - utils_logger - INFO: Сформирован список трназакций за указанный период
2025-11-07 01:07:53,099 - utils_logger - INFO: Сформирован список трназакций за указанный период
2025-11-07 01:07:53,099 - utils_logger - INFO: Сформирован список трназакций за указанный период
2025-11-07 01:07:53,099 - utils_logger - INFO: Сформирован список трназакций за указанный период
2025-11-07 01:07:53,099 - utils_logger - INFO: Сформирован список трназакций за указанный период
2025-11-07 01:07:53,099 - utils_logger - INFO: Сформирован список трназакций за указанный период
2025-11-07 01:07:53,099 - utils_logger - INFO: Сформирован список трназакций за указанный период
2025-11-07 01:07:53,099 - utils_logger - INFO: Сформирован список трназакций за указанный период
2025-11-07 01:07:53,099 - utils_logger - INFO: Сформирован список трназакций за указанный период
2025-11-07 01:07:53,099 - utils_logger - INFO: Сформирован список трназакций за указанный период
2025-11-07 01:07:53,099 - utils_logger - INFO: Сформирован список трназакций за указанный период
2025-11-07 01:07:53,099 - utils_logger - INFO: Сформирован список трназакций за указанный период
2025-11-07 01:07:53,099 - utils_logger - INFO: Сформирован список трназакций за указанный период
2025-11-07 01:07:53,099 - utils_logger - INFO: Сформирован список трназакций за указанный период
2025-11-07 01:07:53,100 - utils_logger - INFO: Сформирован список трназакций за указанный период
2025-11-07 01:07:53,100 - utils_logger - INFO: Сформирован список трназакций за указанный период
2025-11-07 01:07:53,100 - utils_logger - INFO: Сформирован список трназакций за указанный период
2025-11-07 01:07:53,100 - utils_logger - INFO: Сформирован список трназакций за указанный период
2025-11-07 01:07:53,100 - utils_logger - INFO: Сформирован список трназакций за указанный период
2025-11-07 01:07:53,100 - utils_logger - INFO: Сформирован список трназакций за указанный период
2025-11-07 01:07:53,100 - utils_logger - INFO: Сформирован список трназакций за указанный период
2025-11-07 01:07:53,100 - utils_logger - INFO: Сформирован список трназакций за указанный период
2025-11-07 01:07:53,100 - utils_logger - INFO: Сформирован список трназакций за указанный период
2025-11-07 01:07:53,100 - utils_logger - INFO: Сформирован список трназакций за указанный период
2025-11-07 01:07:53,100 - utils_logger - INFO: Сформирован список трназакций за указанный период
2025-11-07 01:07:53,100 - utils_logger - INFO: Сформирован список трназакций за указанный период
2025-11-07 01:07:53,100 - utils_logger - INFO: Сформирован список трназакций за указанный период
2025-11-07 01:07:53,100 - utils_logger - INFO: Сформирован список трназакций за указанный период
2025-11-07 01:07:53,100 - utils_logger - INFO: Сформирован список трназакций за указанный период
2025-11-07 01:07:53,100 - utils_logger - INFO: Сформирован список трназакций за указанный период
2025-11-07 01:07:53,100 - utils_logger - INFO: Сформирован список трназакций за указанный период
2025-11-07 01:07:53,100 - utils_logger - INFO: Сформирован список трназакций за указанный период
2025-11-07 01:07:53,100 - utils_logger - INFO: Сформирован список трназакций за указанный период
2025-11-07 01:07:53,100 - utils_logger - INFO: Сформирован список трназакций за указанный период
2025-11-07 01:07:53,100 - utils_logger - INFO: Сформирован список трназакций за указанный период
2025-11-07 01:07:53,100 - utils_logger - INFO: Сформирован список трназакций за указанный период
2025-11-07 01:07:53,101 - utils_logger - INFO: Сформирован список трназакций за указанный период
2025-11-07 01:07:53,101 - utils_logger - INFO: Сформирован список трназакций за указанный период
2025-11-07 01:07:53,101 - utils_logger - INFO: Сформирован список трназакций за указанный период
2025-11-07 01:07:53,101 - utils_logger - INFO: Сформирован список трназакций за указанный период
2025-11-07 01:07:53,101 - utils_logger - INFO: Сформирован список трназакций за указанный период
2025-11-07 01:07:53,101 - utils_logger - INFO: Сформирован список трназакций за указанный период
2025-11-07 01:07:53,101 - utils_logger - INFO: Сформирован список трназакций за указанный период
2025-11-07 01:07:53,101 - utils_logger - INFO: Сформирован список трназакций за указанный период
2025-11-07 01:07:53,101 - utils_logger - INFO: Сформирован список трназакций за указанный период
2025-11-07 01:07:53,101 - utils_logger - INFO: Сформирован список трназакций за указанный период
2025-11-07 01:07:53,101 - utils_logger - INFO: Сформирован список трназакций за указанный период
2025-11-07 01:07:53,101 - utils_logger - INFO: Сформирован список трназакций за указанный период
2025-11-07 01:07:53,101 - utils_logger - INFO: Сформирован список трназакций за указанный период
2025-11-07 01:07:53,101 - utils_logger - INFO: Сформирован список трназакций за указанный период
2025-11-07 01:07:53,101 - utils_logger - INFO: Сформирован список трназакций за указанный период
2025-11-07 01:07:53,101 - utils_logger - INFO: Сформирован список трназакций за указанный период
2025-11-07 01:07:53,101 - utils_logger - INFO: Сформирован список трназакций за указанный период
2025-11-07 01:07:53,101 - utils_logger - INFO: Сформирован список трназакций за указанный период
2025-11-07 01:07:53,101 - utils_logger - INFO: Сформирован список трназакций за указанный период
2025-11-07 01:07:53,101 - utils_logger - INFO: Сформирован список трназакций за указанный период
2025-11-07 01:07:53,101 - utils_logger - INFO: Сформирован список трназакций за указанный период
2025-11-07 01:07:53,101 - utils_logger - INFO: Сформирован список трназакций за указанный период
2025-11-07 01:07:53,101 - utils_logger - INFO: Сформирован список трназакций за указанный период
2025-11-07 01:07:53,102 - utils_logger - INFO: Сформирован список трназакций за указанный период
2025-11-07 01:07:53,102 - utils_logger - INFO: Сформирован список трназакций за указанный период
2025-11-07 01:07:53,102 - utils_logger - INFO: Сформирован список трназакций за указанный период
2025-11-07 01:07:53,102 - utils_logger - INFO: Сформирован список трназакций за указанный период
2025-11-07 01:07:53,102 - utils_logger - INFO: Сформирован список трназакций за указанный период
2025-11-07 01:07:53,102 - utils_logger - INFO: Сформирован список трназакций за указанный период
2025-11-07 01:07:53,102 - utils_logger - INFO: Сформирован список трназакций за указанный период
2025-11-07 01:07:53,102 - utils_logger - INFO: Сформирован список трназакций за указанный период
2025-11-07 01:07:53,102 - utils_logger - INFO: Сформирован список трназакций за указанный период
2025-11-07 01:07:53,102 - utils_logger - INFO: Сформирован список трназакций за указанный период
2025-11-07 01:07:53,102 - utils_logger - INFO: Сформирован список трназакций за указанный период
2025-11-07 01:07:53,102 - utils_logger - INFO: Сформирован список трназакций за указанный период
2025-11-07 01:07:53,102 - utils_logger - INFO: Сформирован список трназакций за указанный период
2025-11-07 01:07:53,102 - utils_logger - INFO: Сформирован список трназакций за указанный период
2025-11-07 01:07:53,102 - utils_logger - INFO: Сформирован список трназакций за указанный период
2025-11-07 01:07:53,102 - utils_logger - INFO: Сформирован список трназакций за указанный период
2025-11-07 01:07:53,102 - utils_logger - INFO: Сформирован список трназакций за указанный период
2025-11-07 01:07:53,102 - utils_logger - INFO: Сформирован список трназакций за указанный период
2025-11-07 01:07:53,102 - utils_logger - INFO: Сформирован список трназакций за указанный период
2025-11-07 01:07:53,102 - utils_logger - INFO: Сформирован список трназакций за указанный период
2025-11-07 01:07:53,102 - utils_logger - INFO: Сформирован список трназакций за указанный период
2025-11-07 01:07:53,102 - utils_logger - INFO: Сформирован список трназакций за указанный период
2025-11-07 01:07:53,103 - utils_logger - INFO: Сформирован список трназакций за указанный период
2025-11-07 01:07:53,103 - utils_logger - INFO: Сформирован список трназакций за указанный период
2025-11-07 01:07:53,103 - utils_logger - INFO: Сформирован список трназакций за указанный период
2025-11-07 01:07:53,103 - utils_logger - INFO: Сформирован список трназакций за указанный период
2025-11-07 01:07:53,103 - utils_logger - INFO: Сформирован список трназакций за указанный период
2025-11-07 01:07:53,103 - utils_logger - INFO: Сформирован список трназакций за указанный период
2025-11-07 01:07:53,103 - utils_logger - INFO: Сформирован список трназакций за указанный период
2025-11-07 01:07:53,103 - utils_logger - INFO: Сформирован список трназакций за указанный период
2025-11-07 01:07:53,103 - utils_logger - INFO: Сформирован список трназакций за указанный период
2025-11-07 01:07:53,103 - utils_logger - INFO: Сформирован список трназакций за указанный период
2025-11-07 01:07:53,103 - utils_logger - INFO: Сформирован список трназакций за указанный период
2025-11-07 01:07:53,103 - utils_logger - INFO: Сформирован список трназакций за указанный период
2025-11-07 01:07:53,103 - utils_logger - INFO: Сформирован список трназакций за указанный период
2025-11-07 01:07:53,103 - utils_logger - INFO: Сформирован список трназакций за указанный период
2025-11-07 01:07:53,103 - utils_logger - INFO: Сформирован список трназакций за указанный период
2025-11-07 01:07:53,103 - utils_logger - INFO: Сформирован список трназакций за указанный период
2025-11-07 01:07:53,103 - utils_logger - INFO: Сформирован список трназакций за указанный период
2025-11-07 01:07:53,103 - utils_logger - INFO: Сформирован список трназакций за указанный период
2025-11-07 01:07:53,103 - utils_logger - INFO: Сформирован список трназакций за указанный период
2025-11-07 01:07:53,103 - utils_logger - INFO: Сформирован список трназакций за указанный период
2025-11-07 01:07:53,103 - utils_logger - INFO: Сформирован список трназакций за указанный период
2025-11-07 01:07:53,103 - utils_logger - INFO: Сформирован список трназакций за указанный период
2025-11-07 01:07:53,104 - utils_logger - INFO: Сформирован список трназакций за указанный период
2025-11-07 01:07:53,104 - utils_logger - INFO: Сформирован список трназакций за указанный период
2025-11-07 01:07:53,104 - utils_logger - INFO: Сформирован список трназакций за указанный период
2025-11-07 01:07:53,104 - utils_logger - INFO: Сформирован список трназакций за указанный период
2025-11-07 01:07:53,104 - utils_logger - INFO: Сформирован список трназакций за указанный период
2025-11-07 01:07:53,104 - utils_logger - INFO: Сформирован список трназакций за указанный период
2025-11-07 01:07:53,104 - utils_logger - INFO: Сформирован список трназакций за указанный период
2025-11-07 01:07:53,104 - utils_logger - INFO: Сформирован список трназакций за указанный период
2025-11-07 01:07:53,104 - utils_logger - INFO: Сформирован список трназакций за указанный период
2025-11-07 01:07:53,104 - utils_logger - INFO: Сформирован список трназакций за указанный период
2025-11-07 01:07:53,104 - utils_logger - INFO: Сформирован список трназакций за указанный период
2025-11-07 01:07:53,104 - utils_logger - INFO: Сформирован список трназакций за указанный период
2025-11-07 01:07:53,104 - utils_logger - INFO: Сформирован список трназакций за указанный период
2025-11-07 01:07:53,104 - utils_logger - INFO: Сформирован список трназакций за указанный период
2025-11-07 01:07:53,104 - utils_logger - INFO: Сформирован список трназакций за указанный период
2025-11-07 01:07:53,104 - utils_logger - INFO: Сформирован список трназакций за указанный период
2025-11-07 01:07:53,104 - utils_logger - INFO: Сформирован список трназакций за указанный период
2025-11-07 01:07:53,104 - utils_logger - INFO: Сформирован список трназакций за указанный период
2025-11-07 01:07:53,104 - utils_logger - INFO: Сформирован список трназакций за указанный период
2025-11-07 01:07:53,104 - utils_logger - INFO: Сформирован список трназакций за указанный период
2025-11-07 01:07:53,105 - utils_logger - INFO: Сформирован список трназакций за указанный период
2025-11-07 01:07:53,105 - utils_logger - INFO: Сформирован список трназакций за указанный период
2025-11-07 01:07:53,105 - utils_logger - INFO: Сформирован список трназакций за указанный период
2025-11-07 01:07:53,105 - utils_logger - INFO: Сформирован список трназакций за указанный период
2025-11-07 01:07:53,105 - utils_logger - INFO: Сформирован список трназакций за указанный период
2025-11-07 01:07:53,105 - utils_logger - INFO: Сформирован список трназакций за указанный период
2025-11-07 01:07:53,105 - utils_logger - INFO: Сформирован список трназакций за указанный период
2025-11-07 01:07:53,105 - utils_logger - INFO: Сформирован список трназакций за указанный период
2025-11-07 01:07:53,105 - utils_logger - INFO: Сформирован список трназакций за указанный период
2025-11-07 01:07:53,105 - utils_logger - INFO: Сформирован список трназакций за указанный период
2025-11-07 01:07:53,105 - utils_logger - INFO: Сформирован список трназакций за указанный период
2025-11-07 01:07:53,105 - utils_logger - INFO: Сформирован список трназакций за указанный период
2025-11-07 01:07:53,105 - utils_logger - INFO: Сформирован список трназакций за указанный период
2025-11-07 01:07:53,105 - utils_logger - INFO: Сформирован список трназакций за указанный период
2025-11-07 01:07:53,105 - utils_logger - INFO: Сформирован список трназакций за указанный период
2025-11-07 01:07:53,105 - utils_logger - INFO: Сформирован список трназакций за указанный период
2025-11-07 01:07:53,105 - utils_logger - INFO: Сформирован список трназакций за указанный период
2025-11-07 01:07:53,105 - utils_logger - INFO: Сформирован список трназакций за указанный период
2025-11-07 01:07:53,105 - utils_logger - INFO: Сформирован список трназакций за указанный период
2025-11-07 01:07:53,105 - utils_logger - INFO: Сформирован список трназакций за указанный период
2025-11-07 01:07:53,106 - utils_logger - INFO: Сформирован список трназакций за указанный период
2025-11-07 01:07:53,106 - utils_logger - INFO: Сформирован список трназакций за указанный период
2025-11-07 01:07:53,106 - utils_logger - INFO: Сформирован список трназакций за указанный период
2025-11-07 01:07:53,106 - utils_logger - INFO: Сформирован список трназакций за указанный период
2025-11-07 01:07:53,106 - utils_logger - INFO: Сформирован список трназакций за указанный период
2025-11-07 01:07:53,106 - utils_logger - INFO: Сформирован список трназакций за указанный период
2025-11-07 01:07:53,106 - utils_logger - INFO: Сформирован список трназакций за указанный период
2025-11-07 01:07:53,106 - utils_logger - INFO: Сформирован список трназакций за указанный период
2025-11-07 01:07:53,106 - utils_logger - INFO: Сформирован список трназакций за указанный период
2025-11-07 01:07:53,106 - utils_logger - INFO: Сформирован список трназакций за указанный период
2025-11-07 01:07:53,106 - utils_logger - INFO: Сформирован список трназакций за указанный период
2025-11-07 01:07:53,106 - utils_logger - INFO: Сформирован список трназакций за указанный период
2025-11-07 01:07:53,106 - utils_logger - INFO: Сформирован список трназакций за указанный период
2025-11-07 01:07:53,106 - utils_logger - INFO: Сформирован список трназакций за указанный период
2025-11-07 01:07:53,106 - utils_logger - INFO: Сформирован список трназакций за указанный период
2025-11-07 01:07:53,106 - utils_logger - INFO: Сформирован список трназакций за указанный период
2025-11-07 01:07:53,106 - utils_logger - INFO: Сформирован список трназакций за указанный период
2025-11-07 01:07:53,106 - utils_logger - INFO: Сформирован список трназакций за указанный период
2025-11-07 01:07:53,106 - utils_logger - INFO: Сформирован список трназакций за указанный период
2025-11-07 01:07:53,106 - utils_logger - INFO: Сформирован список трназакций за указанный период
2025-11-07 01:07:53,107 - utils_logger - INFO: Сформирован список трназакций за указанный период
2025-11-07 01:07:53,107 - utils_logger - INFO: Сформирован список трназакций за указанный период
2025-11-07 01:07:53,107 - utils_logger - INFO: Сформирован список трназакций за указанный период
2025-11-07 01:07:53,107 - utils_logger - INFO: Сформирован список трназакций за указанный период
2025-11-07 01:07:53,107 - utils_logger - INFO: Сформирован список трназакций за указанный период
2025-11-07 01:07:53,107 - utils_logger - INFO: Сформирован список трназакций за указанный период
2025-11-07 01:07:53,107 - utils_logger - INFO: Сформирован список трназакций за указанный период
2025-11-07 01:07:53,107 - utils_logger - INFO: Сформирован список трназакций за указанный период
2025-11-07 01:07:53,107 - utils_logger - INFO: Сформирован список трназакций за указанный период
2025-11-07 01:07:53,107 - utils_logger - INFO: Сформирован список трназакций за указанный период
2025-11-07 01:07:53,107 - utils_logger - INFO: Сформирован список трназакций за указанный период
2025-11-07 01:07:53,107 - utils_logger - INFO: Сформирован список трназакций за указанный период
2025-11-07 01:07:53,107 - utils_logger - INFO: Сформирован список трназакций за указанный период
2025-11-07 01:07:53,107 - utils_logger - INFO: Сформирован список трназакций за указанный период
2025-11-07 01:07:53,107 - utils_logger - INFO: Сформирован список трназакций за указанный период
2025-11-07 01:07:53,107 - utils_logger - INFO: Сформирован список трназакций за указанный период
2025-11-07 01:07:53,107 - utils_logger - INFO: Сформирован список трназакций за указанный период
2025-11-07 01:07:53,107 - utils_logger - INFO: Сформирован список трназакций за указанный период
2025-11-07 01:07:53,107 - utils_logger - INFO: Сформирован список трназакций за указанный период
2025-11-07 01:07:53,107 - utils_logger - INFO: Сформирован список трназакций за указанный период
2025-11-07 01:07:53,107 - utils_logger - INFO: Сформирован список трназакций за указанный период
2025-11-07 01:07:53,107 - utils_logger - INFO: Сформирован список трназакций за указанный период
2025-11-07 01:07:53,107 - utils_logger - INFO: Сформирован список трназакций за указанный период
2025-11-07 01:07:53,108 - utils_logger - INFO: Сформирован список трназакций за указанный период
2025-11-07 01:07:53,108 - utils_logger - INFO: Сформирован список трназакций за указанный период
2025-11-07 01:07:53,108 - utils_logger - INFO: Сформирован список трназакций за указанный период
2025-11-07 01:07:53,108 - utils_logger - INFO: Сформирован список трназакций за указанный период
2025-11-07 01:07:53,108 - utils_logger - INFO: Сформирован список трназакций за указанный период
2025-11-07 01:07:53,108 - utils_logger - INFO: Сформирован список трназакций за указанный период
2025-11-07 01:07:53,108 - utils_logger - INFO: Сформирован список трназакций за указанный период
2025-11-07 01:07:53,108 - utils_logger - INFO: Сформирован список трназакций за указанный период
2025-11-07 01:07:53,108 - utils_logger - INFO: Сформирован список трназакций за указанный период
2025-11-07 01:07:53,108 - utils_logger - INFO: Сформирован список трназакций за указанный период
2025-11-07 01:07:53,108 - utils_logger - INFO: Сформирован список трназакций за указанный период
2025-11-07 01:07:53,108 - utils_logger - INFO: Сформирован список трназакций за указанный период
2025-11-07 01:07:53,108 - utils_logger - INFO: Сформирован список трназакций за указанный период
2025-11-07 01:07:53,108 - utils_logger - INFO: Сформирован список трназакций за указанный период
2025-11-07 01:07:53,108 - utils_logger - INFO: Сформирован список трназакций за указанный период
2025-11-07 01:07:53,108 - utils_logger - INFO: Сформирован список трназакций за указанный период
2025-11-07 01:07:53,108 - utils_logger - INFO: Сформирован список трназакций за указанный период
2025-11-07 01:07:53,108 - utils_logger - INFO: Сформирован список трназакций за указанный период
2025-11-07 01:07:53,108 - utils_logger - INFO: Сформирован список трназакций за указанный период
2025-11-07 01:07:53,108 - utils_logger - INFO: Сформирован список трназакций за указанный период
2025-11-07 01:07:53,108 - utils_logger - INFO: Сформирован список трназакций за указанный период
2025-11-07 01:07:53,108 - utils_logger - INFO: Сформирован список трназакций за указанный период
2025-11-07 01:07:53,109 - utils_logger - INFO: Сформирован список трназакций за указанный период
2025-11-07 01:07:53,109 - utils_logger - INFO: Сформирован список трназакций за указанный период
2025-11-07 01:07:53,109 - utils_logger - INFO: Сформирован список трназакций за указанный период
2025-11-07 01:07:53,109 - utils_logger - INFO: Сформирован список трназакций за указанный период
2025-11-07 01:07:53,109 - utils_logger - INFO: Сформирован список трназакций за указанный период
2025-11-07 01:07:53,109 - utils_logger - INFO: Сформирован список трназакций за указанный период
2025-11-07 01:07:53,109 - utils_logger - INFO: Сформирован список трназакций за указанный период
2025-11-07 01:07:53,109 - utils_logger - INFO: Сформирован список трназакций за указанный период
2025-11-07 01:07:53,109 - utils_logger - INFO: Сформирован список трназакций за указанный период
2025-11-07 01:07:53,109 - utils_logger - INFO: Сформирован список трназакций за указанный период
2025-11-07 01:07:53,109 - utils_logger - INFO: Сформирован список трназакций за указанный период
2025-11-07 01:07:53,109 - utils_logger - INFO: Сформирован список трназакций за указанный период
2025-11-07 01:07:53,109 - utils_logger - INFO: Сформирован список трназакций за указанный период
2025-11-07 01:07:53,109 - utils_logger - INFO: Сформирован список трназакций за указанный период
2025-11-07 01:07:53,109 - utils_logger - INFO: Сформирован список трназакций за указанный период
2025-11-07 01:07:53,109 - utils_logger - INFO: Сформирован список трназакций за указанный период
2025-11-07 01:07:53,109 - utils_logger - INFO: Сформирован список трназакций за указанный период
2025-11-07 01:07:53,109 - utils_logger - INFO: Сформирован список трназакций за указанный период
2025-11-07 01:07:53,109 - utils_logger - INFO: Сформирован список трназакций за указанный период
2025-11-07 01:07:53,109 - utils_logger - INFO: Сформирован список трназакций за указанный период
2025-11-07 01:07:53,109 - utils_logger - INFO: Сформирован список трназакций за указанный период
2025-11-07 01:07:53,109 - utils_logger - INFO: Сформирован список трназакций за указанный период
2025-11-07 01:07:53,109 - utils_logger - INFO: Сформирован список трназакций за указанный период
2025-11-07 01:07:53,110 - utils_logger - INFO: Сформирован список трназакций за указанный период
2025-11-07 01:07:53,110 - utils_logger - INFO: Сформирован список трназакций за указанный период
2025-11-07 01:07:53,110 - utils_logger - INFO: Сформирован список трназакций за указанный период
2025-11-07 01:07:53,110 - utils_logger - INFO: Сформирован список трназакций за указанный период
2025-11-07 01:07:53,110 - utils_logger - INFO: Сформирован список трназакций за указанный период
2025-11-07 01:07:53,110 - utils_logger - INFO: Сформирован список трназакций за указанный период
2025-11-07 01:07:53,110 - utils_logger - INFO: Сформирован список трназакций за указанный период
2025-11-07 01:07:53,110 - utils_logger - INFO: Сформирован список трназакций за указанный период
2025-11-07 01:07:53,110 - utils_logger - INFO: Сформирован список трназакций за указанный период
2025-11-07 01:07:53,110 - utils_logger - INFO: Сформирован список трназакций за указанный период
2025-11-07 01:07:53,110 - utils_logger - INFO: Сформирован список трназакций за указанный период
2025-11-07 01:07:53,110 - utils_logger - INFO: Сформирован список трназакций за указанный период
2025-11-07 01:07:53,110 - utils_logger - INFO: Сформирован список трназакций за указанный период
2025-11-07 01:07:53,110 - utils_logger - INFO: Сформирован список трназакций за указанный период
2025-11-07 01:07:53,110 - utils_logger - INFO: Сформирован список трназакций за указанный период
2025-11-07 01:07:53,110 - utils_logger - INFO: Сформирован список трназакций за указанный период
2025-11-07 01:07:53,110 - utils_logger - INFO: Сформирован список трназакций за указанный период
2025-11-07 01:07:53,110 - utils_logger - INFO: Сформирован список трназакций за указанный период
2025-11-07 01:07:53,110 - utils_logger - INFO: Сформирован список трназакций за указанный период
2025-11-07 01:07:53,110 - utils_logger - INFO: Сформирован список трназакций за указанный период
2025-11-07 01:07:53,110 - utils_logger - INFO: Сформирован список трназакций за указанный период
2025-11-07 01:07:53,111 - utils_logger - INFO: Сформирован список трназакций за указанный период
2025-11-07 01:07:53,111 - utils_logger - INFO: Сформирован список трназакций за указанный период
2025-11-07 01:07:53,111 - utils_logger - INFO: Сформирован список трназакций за указанный период
2025-11-07 01:07:53,111 - utils_logger - INFO: Сформирован список трназакций за указанный период
2025-11-07 01:07:53,111 - utils_logger - INFO: Сформирован список трназакций за указанный период
2025-11-07 01:07:53,111 - utils_logger - INFO: Сформирован список трназакций за указанный период
2025-11-07 01:07:53,111 - utils_logger - INFO: Сформирован список трназакций за указанный период
2025-11-07 01:07:53,111 - utils_logger - INFO: Сформирован список трназакций за указанный период
2025-11-07 01:07:53,111 - utils_logger - INFO: Сформирован список трназакций за указанный период
2025-11-07 01:07:53,111 - utils_logger - INFO: Сформирован список трназакций за указанный период
2025-11-07 01:07:53,111 - utils_logger - INFO: Сформирован список трназакций за указанный период
2025-11-07 01:07:53,111 - utils_logger - INFO: Сформирован список трназакций за указанный период
2025-11-07 01:07:53,111 - utils_logger - INFO: Сформирован список трназакций за указанный период
2025-11-07 01:07:53,111 - utils_logger - INFO: Сформирован список трназакций за указанный период
2025-11-07 01:07:53,111 - utils_logger - INFO: Сформирован список трназакций за указанный период
2025-11-07 01:07:53,111 - utils_logger - INFO: Сформирован список трназакций за указанный период
2025-11-07 01:07:53,111 - utils_logger - INFO: Сформирован список трназакций за указанный период
2025-11-07 01:07:53,111 - utils_logger - INFO: Сформирован список трназакций за указанный период
2025-11-07 01:07:53,111 - utils_logger - INFO: Сформирован список трназакций за указанный период
2025-11-07 01:07:53,111 - utils_logger - INFO: Сформирован список трназакций за указанный период
2025-11-07 01:07:53,111 - utils_logger - INFO: Сформирован список трназакций за указанный период
2025-11-07 01:07:53,112 - utils_logger - INFO: Сформирован список трназакций за указанный период
2025-11-07 01:07:53,112 - utils_logger - INFO: Сформирован список трназакций за указанный период
2025-11-07 01:07:53,112 - utils_logger - INFO: Сформирован список трназакций за указанный период
2025-11-07 01:07:53,112 - utils_logger - INFO: Сформирован список трназакций за указанный период
2025-11-07 01:07:53,112 - utils_logger - INFO: Сформирован список трназакций за указанный период
2025-11-07 01:07:53,112 - utils_logger - INFO: Сформирован список трназакций за указанный период
2025-11-07 01:07:53,112 - utils_logger - INFO: Сформирован список трназакций за указанный период
2025-11-07 01:07:53,112 - utils_logger - INFO: Сформирован список трназакций за указанный период
2025-11-07 01:07:53,112 - utils_logger - INFO: Сформирован список трназакций за указанный период
2025-11-07 01:07:53,112 - utils_logger - INFO: Сформирован список трназакций за указанный период
2025-11-07 01:07:53,112 - utils_logger - INFO: Сформирован список трназакций за указанный период
2025-11-07 01:07:53,112 - utils_logger - INFO: Сформирован список трназакций за указанный период
2025-11-07 01:07:53,112 - utils_logger - INFO: Сформирован список трназакций за указанный период
2025-11-07 01:07:53,112 - utils_logger - INFO: Сформирован список трназакций за указанный период
2025-11-07 01:07:53,112 - utils_logger - INFO: Сформирован список трназакций за указанный период
2025-11-07 01:07:53,112 - utils_logger - INFO: Сформирован список трназакций за указанный период
2025-11-07 01:07:53,112 - utils_logger - INFO: Сформирован список трназакций за указанный период
2025-11-07 01:07:53,112 - utils_logger - INFO: Сформирован список трназакций за указанный период
2025-11-07 01:07:53,112 - utils_logger - INFO: Сформирован список трназакций за указанный период
2025-11-07 01:07:53,112 - utils_logger - INFO: Сформирован список трназакций за указанный период
2025-11-07 01:07:53,112 - utils_logger - INFO: Сформирован список трназакций за указанный период
2025-11-07 01:07:53,113 - utils_logger - INFO: Сформирован список трназакций за указанный период
2025-11-07 01:07:53,113 - utils_logger - INFO: Сформирован список трназакций за указанный период
2025-11-07 01:07:53,113 - utils_logger - INFO: Сформирован список трназакций за указанный период
2025-11-07 01:07:53,113 - utils_logger - INFO: Сформирован список трназакций за указанный период
2025-11-07 01:07:53,113 - utils_logger - INFO: Сформирован список трназакций за указанный период
2025-11-07 01:07:53,113 - utils_logger - INFO: Сформирован список трназакций за указанный период
2025-11-07 01:07:53,113 - utils_logger - INFO: Сформирован список трназакций за указанный период
2025-11-07 01:07:53,113 - utils_logger - INFO: Сформирован список трназакций за указанный период
2025-11-07 01:07:53,113 - utils_logger - INFO: Сформирован список трназакций за указанный период
2025-11-07 01:07:53,113 - utils_logger - INFO: Сформирован список трназакций за указанный период
2025-11-07 01:07:53,113 - utils_logger - INFO: Сформирован список трназакций за указанный период
2025-11-07 01:07:53,113 - utils_logger - INFO: Сформирован список трназакций за указанный период
2025-11-07 01:07:53,113 - utils_logger - INFO: Сформирован список трназакций за указанный период
2025-11-07 01:07:53,113 - utils_logger - INFO: Сформирован список трназакций за указанный период
2025-11-07 01:07:53,113 - utils_logger - INFO: Сформирован список трназакций за указанный период
2025-11-07 01:07:53,113 - utils_logger - INFO: Сформирован список трназакций за указанный период
2025-11-07 01:07:53,113 - utils_logger - INFO: Сформирован список трназакций за указанный период
2025-11-07 01:07:53,114 - utils_logger - INFO: Сформирован список трназакций за указанный период
2025-11-07 01:07:53,114 - utils_logger - INFO: Сформирован список трназакций за указанный период
2025-11-07 01:07:53,114 - utils_logger - INFO: Сформирован список трназакций за указанный период
2025-11-07 01:07:53,114 - utils_logger - INFO: Сформирован список трназакций за указанный период
2025-11-07 01:07:53,114 - utils_logger - INFO: Сформирован список трназакций за указанный период
2025-11-07 01:07:53,114 - utils_logger - INFO: Сформирован список трназакций за указанный период
2025-11-07 01:07:53,114 - utils_logger - INFO: Сформирован список трназакций за указанный период
2025-11-07 01:07:53,114 - utils_logger - INFO: Сформирован список трназакций за указанный период
2025-11-07 01:07:53,114 - utils_logger - INFO: Сформирован список трназакций за указанный период
2025-11-07 01:07:53,114 - utils_logger - INFO: Сформирован список трназакций за указанный период
2025-11-07 01:07:53,114 - utils_logger - INFO: Сформирован список трназакций за указанный период
2025-11-07 01:07:53,114 - utils_logger - INFO: Сформирован список трназакций за указанный период
2025-11-07 01:07:53,114 - utils_logger - INFO: Сформирован список трназакций за указанный период
2025-11-07 01:07:53,114 - utils_logger - INFO: Сформирован список трназакций за указанный период
2025-11-07 01:07:53,114 - utils_logger - INFO: Сформирован список трназакций за указанный период
2025-11-07 01:07:53,114 - utils_logger - INFO: Сформирован список трназакций за указанный период
2025-11-07 01:07:53,114 - utils_logger - INFO: Сформирован список трназакций за указанный период
2025-11-07 01:07:53,114 - utils_logger - INFO: Сформирован список трназакций за указанный период
2025-11-07 01:07:53,114 - utils_logger - INFO: Сформирован список трназакций за указанный период
2025-11-07 01:07:53,114 - utils_logger - INFO: Сформирован список трназакций за указанный период
2025-11-07 01:07:53,114 - utils_logger - INFO: Сформирован список трназакций за указанный период
2025-11-07 01:07:53,114 - utils_logger - INFO: Сформирован список трназакций за указанный период
2025-11-07 01:07:53,114 - utils_logger - INFO: Сформирован список трназакций за указанный период
2025-11-07 01:07:53,115 - utils_logger - INFO: Сформирован список трназакций за указанный период
2025-11-07 01:07:53,115 - utils_logger - INFO: Сформирован список трназакций за указанный период
2025-11-07 01:07:53,115 - utils_logger - INFO: Сформирован список трназакций за указанный период
2025-11-07 01:07:53,115 - utils_logger - INFO: Сформирован список трназакций за указанный период
2025-11-07 01:07:53,115 - utils_logger - INFO: Сформирован список трназакций за указанный период
2025-11-07 01:07:53,115 - utils_logger - INFO: Сформирован список трназакций за указанный период
2025-11-07 01:07:53,115 - utils_logger - INFO: Сформирован список трназакций за указанный период
2025-11-07 01:07:53,115 - utils_logger - INFO: Сформирован список трназакций за указанный период
2025-11-07 01:07:53,115 - utils_logger - INFO: Сформирован список трназакций за указанный период
2025-11-07 01:07:53,115 - utils_logger - INFO: Сформирован список трназакций за указанный период
2025-11-07 01:07:53,115 - utils_logger - INFO: Сформирован список трназакций за указанный период
2025-11-07 01:07:53,115 - utils_logger - INFO: Сформирован список трназакций за указанный период
2025-11-07 01:07:53,115 - utils_logger - INFO: Сформирован список трназакций за указанный период
2025-11-07 01:07:53,115 - utils_logger - INFO: Сформирован список трназакций за указанный период
2025-11-07 01:07:53,115 - utils_logger - INFO: Сформирован список трназакций за указанный период
2025-11-07 01:07:53,115 - utils_logger - INFO: Сформирован список трназакций за указанный период
2025-11-07 01:07:53,115 - utils_logger - INFO: Сформирован список трназакций за указанный период
2025-11-07 01:07:53,115 - utils_logger - INFO: Сформирован список трназакций за указанный период
2025-11-07 01:07:53,115 - utils_logger - INFO: Сформирован список трназакций за указанный период
2025-11-07 01:07:53,115 - utils_logger - INFO: Сформирован список трназакций за указанный период
2025-11-07 01:07:53,115 - utils_logger - INFO: Сформирован список трназакций за указанный период
2025-11-07 01:07:53,115 - utils_logger - INFO: Сформирован список трназакций за указанный период
2025-11-07 01:07:53,116 - utils_logger - INFO: Сформирован список трназакций за указанный период
2025-11-07 01:07:53,116 - utils_logger - INFO: Сформирован список трназакций за указанный период
2025-11-07 01:07:53,116 - utils_logger - INFO: Сформирован список трназакций за указанный период
2025-11-07 01:07:53,116 - utils_logger - INFO: Сформирован список трназакций за указанный период
2025-11-07 01:07:53,116 - utils_logger - INFO: Сформирован список трназакций за указанный период
2025-11-07 01:07:53,116 - utils_logger - INFO: Сформирован список трназакций за указанный период
2025-11-07 01:07:53,116 - utils_logger - INFO: Сформирован список трназакций за указанный период
2025-11-07 01:07:53,116 - utils_logger - INFO: Сформирован список трназакций за указанный период
2025-11-07 01:07:53,116 - utils_logger - INFO: Сформирован список трназакций за указанный период
2025-11-07 01:07:53,116 - utils_logger - INFO: Сформирован список трназакций за указанный период
2025-11-07 01:07:53,116 - utils_logger - INFO: Сформирован список трназакций за указанный период
2025-11-07 01:07:53,116 - utils_logger - INFO: Сформирован список трназакций за указанный период
2025-11-07 01:07:53,116 - utils_logger - INFO: Сформирован список трназакций за указанный период
2025-11-07 01:07:53,116 - utils_logger - INFO: Сформирован список трназакций за указанный период
2025-11-07 01:07:53,116 - utils_logger - INFO: Сформирован список трназакций за указанный период
2025-11-07 01:07:53,116 - utils_logger - INFO: Сформирован список трназакций за указанный период
2025-11-07 01:07:53,116 - utils_logger - INFO: Сформирован список трназакций за указанный период
2025-11-07 01:07:53,116 - utils_logger - INFO: Сформирован список трназакций за указанный период
2025-11-07 01:07:53,116 - utils_logger - INFO: Сформирован список трназакций за указанный период
2025-11-07 01:07:53,116 - utils_logger - INFO: Сформирован список трназакций за указанный период
2025-11-07 01:07:53,116 - utils_logger - INFO: Поиск номеров карт
2025-11-07 01:07:53,116 - utils_logger - INFO: Поиск номеров карт
2025-11-07 01:07:53,116 - utils_logger - INFO: Поиск номеров карт
2025-11-07 01:07:53,116 - utils_logger - INFO: Поиск номеров карт
2025-11-07 01:07:53,117 - utils_logger - INFO: Поиск номеров карт
2025-11-07 01:07:53,117 - utils_logger - INFO: Поиск номеров карт
2025-11-07 01:07:53,117 - utils_logger - INFO: Поиск номеров карт
2025-11-07 01:07:53,117 - utils_logger - INFO: Поиск номеров карт
2025-11-07 01:07:53,117 - utils_logger - INFO: Поиск номеров карт
2025-11-07 01:07:53,117 - utils_logger - INFO: Поиск номеров карт
2025-11-07 01:07:53,117 - utils_logger - INFO: Поиск номеров карт
2025-11-07 01:07:53,117 - utils_logger - INFO: Поиск номеров карт
2025-11-07 01:07:53,117 - utils_logger - INFO: Поиск номеров карт
2025-11-07 01:07:53,117 - utils_logger - INFO: Поиск номеров карт
2025-11-07 01:07:53,117 - utils_logger - INFO: Поиск номеров карт
2025-11-07 01:07:53,117 - utils_logger - INFO: Поиск номеров карт
2025-11-07 01:07:53,117 - utils_logger - INFO: Поиск номеров карт
2025-11-07 01:07:53,117 - utils_logger - INFO: Поиск номеров карт
2025-11-07 01:07:53,117 - utils_logger - INFO: Поиск номеров карт
2025-11-07 01:07:53,117 - utils_logger - INFO: Поиск номеров карт
2025-11-07 01:07:53,117 - utils_logger - INFO: Поиск номеров карт
2025-11-07 01:07:53,117 - utils_logger - INFO: Поиск номеров карт
2025-11-07 01:07:53,117 - utils_logger - INFO: Поиск номеров карт
2025-11-07 01:07:53,117 - utils_logger - INFO: Список уникальных номеров карт с 4-мя последними цифрами сформирован
2025-11-07 01:07:53,117 - utils_logger - INFO: Проверка наличия информации о карте
2025-11-07 01:07:53,117 - utils_logger - INFO: Общая сумма расходов по карте посчитана
2025-11-07 01:07:53,117 - utils_logger - INFO: Проверка наличия информации о карте
2025-11-07 01:07:53,117 - utils_logger - INFO: Общая сумма расходов по карте посчитана
2025-11-07 01:07:53,117 - utils_logger - INFO: Проверка наличия информации о карте
2025-11-07 01:07:53,117 - utils_logger - INFO: Общая сумма расходов по карте посчитана
2025-11-07 01:07:53,117 - utils_logger - INFO: Проверка наличия информации о карте
2025-11-07 01:07:53,117 - utils_logger - INFO: Общая сумма расходов по карте посчитана
2025-11-07 01:07:53,117 - utils_logger - INFO: Проверка наличия информации о карте
2025-11-07 01:07:53,117 - utils_logger - INFO: Общая сумма расходов по карте посчитана
2025-11-07 01:07:53,117 - utils_logger - INFO: Проверка наличия информации о карте
2025-11-07 01:07:53,117 - utils_logger - INFO: Общая сумма расходов по карте посчитана
2025-11-07 01:07:53,117 - utils_logger - INFO: Проверка наличия информации о карте
2025-11-07 01:07:53,117 - utils_logger - INFO: Общая сумма расходов по карте посчитана
2025-11-07 01:07:53,117 - utils_logger - INFO: Проверка наличия информации о карте
2025-11-07 01:07:53,118 - utils_logger - INFO: Общая сумма расходов по карте посчитана
2025-11-07 01:07:53,118 - utils_logger - INFO: Проверка наличия информации о карте
2025-11-07 01:07:53,118 - utils_logger - INFO: Общая сумма расходов по карте посчитана
2025-11-07 01:07:53,118 - utils_logger - INFO: Проверка наличия информации о карте
2025-11-07 01:07:53,118 - utils_logger - INFO: Общая сумма расходов по карте посчитана
2025-11-07 01:07:53,118 - utils_logger - INFO: Несуществующая карта
2025-11-07 01:07:53,118 - utils_logger - INFO: Проверка наличия информации о карте
2025-11-07 01:07:53,118 - utils_logger - INFO: Общая сумма расходов по карте посчитана
2025-11-07 01:07:53,118 - utils_logger - INFO: Несуществующая карта
2025-11-07 01:07:53,118 - utils_logger - INFO: Проверка наличия информации о карте
2025-11-07 01:07:53,118 - utils_logger - INFO: Общая сумма расходов по карте посчитана
2025-11-07 01:07:53,118 - utils_logger - INFO: Проверка наличия информации о карте
2025-11-07 01:07:53,118 - utils_logger - INFO: Общая сумма расходов по карте посчитана
2025-11-07 01:07:53,118 - utils_logger - INFO: Проверка наличия информации о карте
2025-11-07 01:07:53,118 - utils_logger - INFO: Общая сумма расходов по карте посчитана
2025-11-07 01:07:53,118 - utils_logger - INFO: Проверка наличия информации о карте
2025-11-07 01:07:53,118 - utils_logger - INFO: Общая сумма расходов по карте посчитана
2025-11-07 01:07:53,118 - utils_logger - INFO: Проверка наличия информации о карте
2025-11-07 01:07:53,118 - utils_logger - INFO: Общая сумма расходов по карте посчитана
2025-11-07 01:07:53,118 - utils_logger - INFO: Проверка наличия информации о карте
2025-11-07 01:07:53,118 - utils_logger - INFO: Общая сумма расходов по карте посчитана
2025-11-07 01:07:53,118 - utils_logger - INFO: Проверка наличия информации о карте
2025-11-07 01:07:53,118 - utils_logger - INFO: Общая сумма расходов по карте посчитана
2025-11-07 01:07:53,118 - utils_logger - INFO: Проверка наличия информации о карте
2025-11-07 01:07:53,118 - utils_logger - INFO: Общая сумма расходов по карте посчитана
2025-11-07 01:07:53,118 - utils_logger - INFO: Проверка наличия информации о карте
2025-11-07 01:07:53,118 - utils_logger - INFO: Общая сумма расходов по карте посчитана
2025-11-07 01:07:53,118 - utils_logger - INFO: Проверка наличия информации о карте
2025-11-07 01:07:53,118 - utils_logger - INFO: Общая сумма расходов по карте посчитана
2025-11-07 01:07:53,118 - utils_logger - INFO: Проверка наличия информации о карте
2025-11-07 01:07:53,118 - utils_logger - INFO: Общая сумма расходов по карте посчитана
2025-11-07 01:07:53,118 - utils_logger - INFO: Проверка наличия информации о карте
2025-11-07 01:07:53,118 - utils_logger - INFO: Общая сумма расходов по карте посчитана
2025-11-07 01:07:53,118 - utils_logger - INFO: Проверка наличия информации о карте
2025-11-07 01:07:53,118 - utils_logger - INFO: Общая сумма расходов по карте посчитана
2025-11-07 01:07:53,118 - utils_logger - INFO: Проверка наличия информации о карте
2025-11-07 01:07:53,119 - utils_logger - INFO: Общая сумма расходов по карте посчитана
2025-11-07 01:07:53,119 - utils_logger - INFO: Проверка наличия информации о карте
2025-11-07 01:07:53,119 - utils_logger - INFO: Общая сумма расходов по карте посчитана
2025-11-07 01:07:53,119 - utils_logger - INFO: Проверка наличия информации о карте
2025-11-07 01:07:53,119 - utils_logger - INFO: Общая сумма расходов по карте посчитана
2025-11-07 01:07:53,119 - utils_logger - INFO: Проверка наличия информации о карте
2025-11-07 01:07:53,119 - utils_logger - INFO: Общая сумма расходов по карте посчитана
2025-11-07 01:07:53,119 - utils_logger - INFO: Проверка наличия информации о карте
2025-11-07 01:07:53,119 - utils_logger - INFO: Общая сумма расходов по карте посчитана
2025-11-07 01:07:53,119 - utils_logger - INFO: Проверка наличия информации о карте
2025-11-07 01:07:53,119 - utils_logger - INFO: Общая сумма расходов по карте посчитана
2025-11-07 01:07:53,119 - utils_logger - INFO: Проверка наличия информации о карте
2025-11-07 01:07:53,119 - utils_logger - INFO: Общая сумма расходов по карте посчитана
2025-11-07 01:07:53,119 - utils_logger - INFO: Несуществующая карта
2025-11-07 01:07:53,119 - utils_logger - INFO: Проверка наличия информации о карте
2025-11-07 01:07:53,119 - utils_logger - INFO: Общая сумма расходов по карте посчитана
2025-11-07 01:07:53,119 - utils_logger - INFO: Несуществующая карта
2025-11-07 01:07:53,119 - utils_logger - INFO: Проверка наличия информации о карте
2025-11-07 01:07:53,119 - utils_logger - INFO: Общая сумма расходов по карте посчитана
2025-11-07 01:07:53,119 - utils_logger - INFO: Проверка наличия информации о карте
2025-11-07 01:07:53,119 - utils_logger - INFO: Общая сумма расходов по карте посчитана
2025-11-07 01:07:53,119 - utils_logger - INFO: Проверка наличия информации о карте
2025-11-07 01:07:53,119 - utils_logger - INFO: Общая сумма расходов по карте посчитана
2025-11-07 01:07:53,119 - utils_logger - INFO: Проверка наличия информации о карте
2025-11-07 01:07:53,119 - utils_logger - INFO: Общая сумма расходов по карте посчитана
2025-11-07 01:07:53,119 - utils_logger - INFO: Проверка наличия информации о карте
2025-11-07 01:07:53,119 - utils_logger - INFO: Общая сумма расходов по карте посчитана
2025-11-07 01:07:53,119 - utils_logger - INFO: Проверка наличия информации о карте
2025-11-07 01:07:53,119 - utils_logger - INFO: Общая сумма расходов по карте посчитана
2025-11-07 01:07:53,119 - utils_logger - INFO: Проверка наличия информации о карте
2025-11-07 01:07:53,119 - utils_logger - INFO: Общая сумма расходов по карте посчитана
2025-11-07 01:07:53,119 - utils_logger - INFO: Проверка наличия информации о карте
2025-11-07 01:07:53,119 - utils_logger - INFO: Общая сумма расходов по карте посчитана
2025-11-07 01:07:53,119 - utils_logger - INFO: Проверка наличия информации о карте
2025-11-07 01:07:53,119 - utils_logger - INFO: Общая сумма расходов по карте посчитана
2025-11-07 01:07:53,119 - utils_logger - INFO: Проверка наличия информации о карте
2025-11-07 01:07:53,120 - utils_logger - INFO: Общая сумма расходов по карте посчитана
2025-11-07 01:07:53,120 - utils_logger - INFO: Расчет кэшбека
2025-11-07 01:07:53,120 - utils_logger - INFO: Кэшбек посчитан
2025-11-07 01:07:53,120 - utils_logger - INFO: Несуществующая карта
2025-11-07 01:07:53,120 - utils_logger - INFO: Несуществующая карта
2025-11-07 01:07:53,120 - utils_logger - INFO: Несуществующая карта
2025-11-07 01:07:53,120 - utils_logger - INFO: Несуществующая карта
2025-11-07 01:07:53,120 - utils_logger - INFO: Несуществующая карта
2025-11-07 01:07:53,120 - utils_logger - INFO: Несуществующая карта
2025-11-07 01:07:53,120 - utils_logger - INFO: Несуществующая карта
2025-11-07 01:07:53,120 - utils_logger - INFO: Несуществующая карта
2025-11-07 01:07:53,120 - utils_logger - INFO: Несуществующая карта
2025-11-07 01:07:53,120 - utils_logger - INFO: Несуществующая карта
2025-11-07 01:07:53,120 - utils_logger - INFO: Проверка наличия информации о карте
2025-11-07 01:07:53,120 - utils_logger - INFO: Общая сумма расходов по карте посчитана
2025-11-07 01:07:53,120 - utils_logger - INFO: Несуществующая карта
2025-11-07 01:07:53,120 - utils_logger - INFO: Несуществующая карта
2025-11-07 01:07:53,120 - utils_logger - INFO: Несуществующая карта
2025-11-07 01:07:53,120 - utils_logger - INFO: Несуществующая карта
2025-11-07 01:07:53,120 - utils_logger - INFO: Несуществующая карта
2025-11-07 01:07:53,120 - utils_logger - INFO: Несуществующая карта
2025-11-07 01:07:53,120 - utils_logger - INFO: Несуществующая карта
2025-11-07 01:07:53,120 - utils_logger - INFO: Несуществующая карта
2025-11-07 01:07:53,120 - utils_logger - INFO: Несуществующая карта
2025-11-07 01:07:53,120 - utils_logger - INFO: Несуществующая карта
2025-11-07 01:07:53,120 - utils_logger - INFO: Несуществующая карта
2025-11-07 01:07:53,120 - utils_logger - INFO: Несуществующая карта
2025-11-07 01:07:53,120 - utils_logger - INFO: Несуществующая карта
2025-11-07 01:07:53,120 - utils_logger - INFO: Несуществующая карта
2025-11-07 01:07:53,120 - utils_logger - INFO: Несуществующая карта
2025-11-07 01:07:53,121 - utils_logger - INFO: Несуществующая карта
2025-11-07 01:07:53,121 - utils_logger - INFO: Несуществующая карта
2025-11-07 01:07:53,121 - utils_logger - INFO: Несуществующая карта
2025-11-07 01:07:53,121 - utils_logger - INFO: Несуществующая карта
2025-11-07 01:07:53,121 - utils_logger - INFO: Несуществующая карта
2025-11-07 01:07:53,121 - utils_logger - INFO: Несуществующая карта
2025-11-07 01:07:53,121 - utils_logger - INFO: Несуществующая карта
2025-11-07 01:07:53,121 - utils_logger - INFO: Проверка наличия информации о карте
2025-11-07 01:07:53,121 - utils_logger - INFO: Общая сумма расходов по карте посчитана
2025-11-07 01:07:53,121 - utils_logger - INFO: Несуществующая карта
2025-11-07 01:07:53,121 - utils_logger - INFO: Несуществующая карта
2025-11-07 01:07:53,121 - utils_logger - INFO: Несуществующая карта
2025-11-07 01:07:53,121 - utils_logger - INFO: Несуществующая карта
2025-11-07 01:07:53,121 - utils_logger - INFO: Несуществующая карта
2025-11-07 01:07:53,121 - utils_logger - INFO: Несуществующая карта
2025-11-07 01:07:53,121 - utils_logger - INFO: Несуществующая карта
2025-11-07 01:07:53,121 - utils_logger - INFO: Несуществующая карта
2025-11-07 01:07:53,121 - utils_logger - INFO: Несуществующая карта
2025-11-07 01:07:53,121 - utils_logger - INFO: Несуществующая карта
2025-11-07 01:07:53,121 - utils_logger - INFO: Несуществующая карта
2025-11-07 01:07:53,121 - utils_logger - INFO: Несуществующая карта
2025-11-07 01:07:53,121 - utils_logger - INFO: Расчет кэшбека
2025-11-07 01:07:53,121 - utils_logger - INFO: Кэшбек посчитан
2025-11-07 01:07:53,132 - utils_logger - INFO: Сотрируем транзакции по сумме платежа по убыванию
2025-11-07 01:07:53,136 - utils_logger - INFO: Формируем список топ-5 по расходам
2025-11-07 01:07:53,137 - utils_logger - INFO: Получаем сведения о транзакциях
2025-11-07 01:07:53,137 - utils_logger - INFO: Получаем сведения о транзакциях
2025-11-07 01:07:53,137 - utils_logger - INFO: Получаем сведения о транзакциях
2025-11-07 01:07:53,137 - utils_logger - INFO: Получаем сведения о транзакциях
2025-11-07 01:07:53,137 - utils_logger - INFO: Получаем сведения о транзакциях
2025-11-07 01:07:53,138 - utils_logger - INFO: Список топ-5 транзакций сформирован
2025-11-07 01:07:53,138 - utils_logger - INFO: Получены настройки валют пользователя
2025-11-07 01:07:53,140 - utils_logger - INFO: Получение данных о курсах
2025-11-07 01:07:53,467 - utils_logger - INFO: Получение данных о курсах
2025-11-07 01:07:53,653 - utils_logger - INFO: Получены настройки котировок пользователя
2025-11-07 01:07:53,654 - utils_logger - INFO: Запрос котировок
2025-11-07 01:07:53,916 - utils_logger - INFO: Котировки получены
2025-11-07 01:07:53,917 - utils_logger - INFO: Запрос котировок
2025-11-07 01:07:54,225 - utils_logger - INFO: Котировки получены
2025-11-07 01:07:54,226 - utils_logger - INFO: Запрос котировок
2025-11-07 01:07:54,669 - utils_logger - INFO: Котировки получены
2025-11-07 01:07:54,669 - utils_logger - INFO: Запрос котировок
2025-11-07 01:07:54,962 - utils_logger - INFO: Котировки получены
2025-11-07 01:07:54,963 - utils_logger - INFO: Запрос котировок
2025-11-07 01:07:55,342 - utils_logger - INFO: Котировки получены
